ref_no,pmid,doi,year,topic,section,subtopic,n_citations,ms_pages,citation,url,claim
1,,10.3322/caac,2022,front matter,Overview,,2,"129,130","Siegel RL, Miller KD, Fuchs HE, Jemal A. Cancer statistics, 2022. CA: A Cancer Journal for Clinicians 2022;72:7-33.",https://acsjournals.onlinelibrary.wiley.com/doi/abs/10.3322/caac.21708,"The American Cancer Society has estimated that 313,510 Americans will be diagnosed with breast cancer and 42,780 will die of disease in the United States in 2024."
2,38230766,,2024,front matter,Overview,,1,129,"Siegel RL, Giaquinto AN, Jemal A. Cancer statistics, 2024. CA Cancer J Clin 2024;74:12-49.",https://www.ncbi.nlm.nih.gov/pubmed/38230766,"The American Cancer Society has estimated that 313,510 Americans will be diagnosed with breast cancer and 42,780 will die of disease in the United States in 2024."
3,,,,front matter,Guidelines Update Methodology,,1,129,U.S. National Library of Medicine-Key MEDLINE® Indicators.,http://www.nlm.nih.gov/bsd/bsd_key.html,The PubMed database was chosen as it remains the most widely used resource for medical literature and indexes peer-reviewed biomedical literature.
4,,,2022,"workup, imaging, staging","Ductal Carcinoma in Situ (Tis, N0, M0) > Workup for DCIS",,1,130,"http://www.cap.org. Accessed April, 2022.",http://www.cap.org,"For pathology reporting, the NCCN Panel endorses the College of American Pathologists (CAP) Protocol for both invasive and noninvasive carcinomas of the breast."
5,31928354,,2020,"workup, imaging, staging","Ductal Carcinoma in Situ (Tis, N0, M0) > Workup for DCIS",Pathology Assessment:,2,"130,138","Allison KH, Hammond MEH, Dowsett M, et al. Estrogen and progesterone receptor testing in breast cancer: American Society of Clinical Oncology/College of American Pathologists guideline update. Arch Pathol Lab Med 2020;144:545-563.",https://www.ncbi.nlm.nih.gov/pubmed/31928354,"This is in accordance with the American Society for Clinical Oncology (ASCO)/CAP guidelines,"
6,20427430,,2010,"workup, imaging, staging","Ductal Carcinoma in Situ (Tis, N0, M0) > Workup for DCIS",,1,130,"Kerlikowske K, Molinaro AM, Gauthier ML, et al. Biomarker expression and risk of subsequent tumors after initial ductal carcinoma in situ diagnosis. J Natl Cancer Inst 2010;102:627-637.",http://www.ncbi.nlm.nih.gov/pubmed/20427430,"To date, studies have either found unclear or weak evidence of HER2 status as a prognostic indicator in DCIS,"
7,20929083,,2010,"workup, imaging, staging","Ductal Carcinoma in Situ (Tis, N0, M0) > Workup for DCIS",,1,130,"Stackievicz R, Paran H, Bernheim J, et al. Prognostic significance of HER-2/neu expression in patients with ductal carcinoma in situ. Isr Med Assoc J 2010;12:290-295.",http://www.ncbi.nlm.nih.gov/pubmed/20929083,"To date, studies have either found unclear or weak evidence of HER2 status as a prognostic indicator in DCIS,"
8,21118480,,2010,"workup, imaging, staging","Ductal Carcinoma in Situ (Tis, N0, M0) > Workup for DCIS",,1,130,"Zhou W, Jirstrom K, Johansson C, et al. Long-term survival of women with basal-like ductal carcinoma in situ of the breast: a population-based cohort study. BMC Cancer 2010;10:653.",http://www.ncbi.nlm.nih.gov/pubmed/21118480,"To date, studies have either found unclear or weak evidence of HER2 status as a prognostic indicator in DCIS,"
9,21552384,,2011,"workup, imaging, staging","Ductal Carcinoma in Situ (Tis, N0, M0) > Workup for DCIS",,1,130,"Lari SA, Kuerer HM. Biological markers in DCIS and risk of breast recurrence: A systematic review. J Cancer 2011;2:232-261.",http://www.ncbi.nlm.nih.gov/pubmed/21552384,"To date, studies have either found unclear or weak evidence of HER2 status as a prognostic indicator in DCIS,"
10,,10.1200/JCO,2021,"workup, imaging, staging","Ductal Carcinoma in Situ (Tis, N0, M0) > Workup for DCIS",,1,130,"Cobleigh MA, Anderson SJ, Siziopikou KP, et al. Comparison of Radiation With or Without Concurrent Trastuzumab for HER2-Positive Ductal Carcinoma In Situ Resected by Lumpectomy: A Phase III Clinical Trial. Journal of Clinical Oncology 2021;39:2367-2374.",https://ascopubs.org/doi/abs/10.1200/JCO.20.02824,"To date, studies have either found unclear or weak evidence of HER2 status as a prognostic indicator in DCIS, and no statistically significant benefit to the use of trastuzumab concurrently with radiation in HER2-amplified DCIS."
11,17693177,,2007,"workup, imaging, staging","Ductal Carcinoma in Situ (Tis, N0, M0) > Workup for DCIS",,2,130,"Kuhl CK, Schrading S, Bieling HB, et al. MRI for diagnosis of pure ductal carcinoma in situ: a prospective observational study. Lancet 2007;370:485-492.",http://www.ncbi.nlm.nih.gov/pubmed/17693177,MRI has been prospectively shown to have a sensitivity of up to 98% for high-grade DCIS.
12,20217259,,2010,"workup, imaging, staging","Ductal Carcinoma in Situ (Tis, N0, M0) > Workup for DCIS",,1,130,"Allen LR, Lago-Toro CE, Hughes JH, et al. Is there a role for MRI in the preoperative assessment of patients with DCIS? Ann Surg Oncol 2010;17:2395-2400.",https://www.ncbi.nlm.nih.gov/pubmed/20217259,"However, other studies suggest that MRI can overestimate the extent of disease."
13,22911365,,2012,"workup, imaging, staging","Ductal Carcinoma in Situ (Tis, N0, M0) > Workup for DCIS",,1,130,"Davis KL, Barth RJ, Jr., Gui J, et al. Use of MRI in preoperative planning for women with newly diagnosed DCIS: risk or benefit? Ann Surg Oncol 2012;19:3270-3274.",https://www.ncbi.nlm.nih.gov/pubmed/22911365,"While several studies suggest no reduction in re-excision rates in patients with pure DCIS undergoing breast-conserving surgery (BCS) following MRI compared with those who did not undergo preoperative MRI,"
14,24385207,,2014,"workup, imaging, staging","Ductal Carcinoma in Situ (Tis, N0, M0) > Workup for DCIS",,1,130,"Pilewskie M, Olcese C, Eaton A, et al. Perioperative breast MRI is not associated with lower locoregional recurrence rates in DCIS patients treated with or without radiation. Ann Surg Oncol 2014;21:1552-1560.",https://www.ncbi.nlm.nih.gov/pubmed/24385207,"While several studies suggest no reduction in re-excision rates in patients with pure DCIS undergoing breast-conserving surgery (BCS) following MRI compared with those who did not undergo preoperative MRI,"
15,31281083,,2020,"workup, imaging, staging","Ductal Carcinoma in Situ (Tis, N0, M0) > Workup for DCIS",,1,130,"Lam DL, Smith J, Partridge SC, et al. The impact of preoperative breast MRI on surgical management of women with newly diagnosed Ductal Carcinoma In Situ. Acad Radiol 2020;27:478-486.",https://www.ncbi.nlm.nih.gov/pubmed/31281083,"While several studies suggest no reduction in re-excision rates in patients with pure DCIS undergoing breast-conserving surgery (BCS) following MRI compared with those who did not undergo preoperative MRI, some have demonstrated a reduction in re-excision rate with use of preoperative MRI for DCIS."
16,34342501,,2021,"workup, imaging, staging","Ductal Carcinoma in Situ (Tis, N0, M0) > Workup for DCIS",,2,130,"Chou SS, Romanoff J, Lehman CD, et al. Preoperative breast MRI for newly diagnosed ductal carcinoma in situ: Imaging features and performance in a multicenter setting (ECOG-ACRIN E4112 trial). Radiology 2021;301:66-77.",https://www.ncbi.nlm.nih.gov/pubmed/34342501,"While several studies suggest no reduction in re-excision rates in patients with pure DCIS undergoing breast-conserving surgery (BCS) following MRI compared with those who did not undergo preoperative MRI, some have demonstrated a reduction in re-excision rate with use of preoperative MRI for DCIS."
17,16801628,,2006,DCIS,"Ductal Carcinoma in Situ (Tis, N0, M0) > Primary Treatment for DCIS",,1,131,"Bijker N, Meijnen P, Peterse JL, et al. Breast-conserving treatment with or without radiotherapy in ductal carcinoma-in-situ: ten-year results of European Organisation for Research and Treatment of Cancer randomized phase III trial 10853--a study by the EORTC Breast Cancer Cooperative Group and EORTC Radiotherapy Group. J Clin Oncol 2006;24:3381-3387.",http://www.ncbi.nlm.nih.gov/pubmed/16801628,
18,16864166,,2006,DCIS,"Ductal Carcinoma in Situ (Tis, N0, M0) > Primary Treatment for DCIS",,1,131,"Emdin SO, Granstrand B, Ringberg A, et al. SweDCIS: Radiotherapy after sector resection for ductal carcinoma in situ of the breast. Results of a randomised trial in a population offered mammography screening. Acta Oncol 2006;45:536-543.",http://www.ncbi.nlm.nih.gov/pubmed/16864166,
19,9469327,,1998,DCIS,"Ductal Carcinoma in Situ (Tis, N0, M0) > Primary Treatment for DCIS",,1,131,"Fisher B, Dignam J, Wolmark N, et al. Lumpectomy and radiation therapy for the treatment of intraductal breast cancer: findings from National Surgical Adjuvant Breast and Bowel Project B-17. J Clin Oncol 1998;16:441-452.",http://www.ncbi.nlm.nih.gov/pubmed/9469327,
20,12867108,,2003,DCIS,"Ductal Carcinoma in Situ (Tis, N0, M0) > Primary Treatment for DCIS",,1,131,"Houghton J, George WD, Cuzick J, et al. Radiotherapy and tamoxifen in women with completely excised ductal carcinoma in situ of the breast in the UK, Australia, and New Zealand: randomised controlled trial. Lancet 2003;362:95-9102.",http://www.ncbi.nlm.nih.gov/pubmed/12867108,
21,10683002,,2000,DCIS,"Ductal Carcinoma in Situ (Tis, N0, M0) > Primary Treatment for DCIS",,1,131,"Julien JP, Bijker N, Fentiman IS, et al. Radiotherapy in breast- conserving treatment for ductal carcinoma in situ: first results of the EORTC randomised phase III trial 10853. EORTC Breast Cancer Cooperative Group and EORTC Radiotherapy Group. Lancet 2000;355:528-533.",http://www.ncbi.nlm.nih.gov/pubmed/10683002,
22,21145284,,2011,DCIS,"Ductal Carcinoma in Situ (Tis, N0, M0) > Primary Treatment for DCIS",,2,"131,135","Cuzick J, Sestak I, Pinder SE, et al. Effect of tamoxifen and radiotherapy in women with locally excised ductal carcinoma in situ: long-term results from the UK/ANZ DCIS trial. Lancet Oncol 2011;12:21- 29.",http://www.ncbi.nlm.nih.gov/pubmed/21145284,A phase III trial randomized patients with excised DCIS to receive WBRT or no WBRT and tamoxifen versus no tamoxifen.
23,21398619,,2011,DCIS,"Ductal Carcinoma in Situ (Tis, N0, M0) > Primary Treatment for DCIS",,4,"131,135","Wapnir IL, Dignam JJ, Fisher B, et al. Long-term outcomes of invasive ipsilateral breast tumor recurrences after lumpectomy in NSABP B-17 and B-24 randomized clinical trials for DCIS. J Natl Cancer Inst 2011;103:478-488.",http://www.ncbi.nlm.nih.gov/pubmed/21398619,"The long-term follow-up of the NSABP B-17 trial showed that at 15 years, RT resulted in a 52% reduction of ipsilateral invasive recurrence compared with excision alone (HR, 0.48; 95% CI, 0.33-0.69, P < .001)."
24,25605856,,2015,DCIS,"Ductal Carcinoma in Situ (Tis, N0, M0) > Primary Treatment for DCIS",,2,"131,132","McCormick B, Winter K, Hudis C, et al. RTOG 9804: a prospective randomized trial for good-risk ductal carcinoma in situ comparing radiotherapy with observation. J Clin Oncol 2015;33:709-715.",https://www.ncbi.nlm.nih.gov/pubmed/25605856,"The RTOG 9804 trial investigated outcomes of RT omission in the setting of low-risk DCIS, randomizing 636 patients with low-risk disease to either RT or observation after surgery."
25,18250350,,2008,DCIS,"Ductal Carcinoma in Situ (Tis, N0, M0) > Primary Treatment for DCIS",,1,131,"Holmberg L, Garmo H, Granstrand B, et al. Absolute risk reductions for local recurrence after postoperative radiotherapy after sector resection for ductal carcinoma in situ of the breast. J Clin Oncol 2008;26:1247-1252.",http://www.ncbi.nlm.nih.gov/pubmed/18250350,"Several prospective randomized trials of pure DCIS have shown that the addition of whole breast RT (WBRT) after BCS decreases the rate of in-breast disease recurrence, but not distant metastasis-free survival."
26,19447038,,2009,DCIS,"Ductal Carcinoma in Situ (Tis, N0, M0) > Primary Treatment for DCIS",,1,131,"Goodwin A, Parker S, Ghersi D, Wilcken N. Post-operative radiotherapy for ductal carcinoma in situ of the breast--a systematic review of the randomised trials. Breast 2009;18:143-149.",http://www.ncbi.nlm.nih.gov/pubmed/19447038,"A meta-analysis of four large multicenter randomized trials confirmed the results of the individual trials, demonstrating that the addition of WBRT after BCS for DCIS provides a statistically and clinically significant reduction in ipsilateral breast events (hazard ratio [HR], 0.49; 95% confidence i"
27,26291673,,2015,DCIS,"Ductal Carcinoma in Situ (Tis, N0, M0) > Primary Treatment for DCIS",,2,131,"Narod SA, Iqbal J, Giannakeas V, et al. Breast cancer mortality after a diagnosis of ductal carcinoma in situ. JAMA Oncol 2015;1:888-896.",https://www.ncbi.nlm.nih.gov/pubmed/26291673,"Similar findings were reported by a large observational study of the SEER database that included 108,196 patients with DCIS."
28,26834064,,2016,DCIS,"Ductal Carcinoma in Situ (Tis, N0, M0) > Primary Treatment for DCIS",,1,131,"Sagara Y, Freedman RA, Vaz-Luis I, et al. Patient prognostic score and associations with survival improvement offered by radiotherapy after breast-conserving surgery for ductal carcinoma in situ: A population- based longitudinal cohort study. J Clin Oncol 2016;34:1190-1196.",https://www.ncbi.nlm.nih.gov/pubmed/26834064,"In contrast, several population-based studies suggest beneficial effects of WBRT for DCIS after BCS; for example, the use of WBRT in patients with higher-risk DCIS (eg, higher nuclear grade, younger age, larger tumor size) was demonstrated to be associated with a modest but statistically significant"
29,30646103,,2018,DCIS,"Ductal Carcinoma in Situ (Tis, N0, M0) > Primary Treatment for DCIS",,1,131,"Giannakeas V, Sopik V, Narod SA. Association of radiotherapy with survival in women treated for ductal carcinoma in situ with lumpectomy or mastectomy. JAMA Netw Open 2018;1:e181100.",https://www.ncbi.nlm.nih.gov/pubmed/30646103,"n another observational study of the SEER database including 140,366 patients with DCIS, the 15-year breast cancer mortality rate was 1.7% for those treated with breast-conserving therapy (BCT) versus 2.3% for patients treated with BCS alone (HR, 0.77; 95% CI, 0.67-0.88; P < .001), demonstrating a s"
30,17577015,,2007,DCIS,"Ductal Carcinoma in Situ (Tis, N0, M0) > Primary Treatment for DCIS",,2,"131,146","Bartelink H, Horiot JC, Poortmans PM, et al. Impact of a higher radiation dose on local control and survival in breast-conserving therapy of early breast cancer: 10-year results of the randomized boost versus no boost EORTC 22881-10882 trial. J Clin Oncol 2007;25:3259-3265.",http://www.ncbi.nlm.nih.gov/pubmed/17577015,RT Boost: The use of RT boost has been demonstrated to provide a small but statistically significant reduction in ipsilateral breast tumor recurrence (IBTR) risk (4% at 20 years) in all age groups for invasive breast cancers.
31,25500422,,2015,DCIS,"Ductal Carcinoma in Situ (Tis, N0, M0) > Primary Treatment for DCIS",,1,131,"Bartelink H, Maingon P, Poortmans P, et al. Whole-breast irradiation with or without a boost for patients treated with breast-conserving surgery for early breast cancer: 20-year follow-up of a randomised phase 3 trial. Lancet Oncol 2015;16:47-56.",https://www.ncbi.nlm.nih.gov/pubmed/25500422,RT Boost: The use of RT boost has been demonstrated to provide a small but statistically significant reduction in ipsilateral breast tumor recurrence (IBTR) risk (4% at 20 years) in all age groups for invasive breast cancers.
32,9060534,,1997,DCIS,"Ductal Carcinoma in Situ (Tis, N0, M0) > Primary Treatment for DCIS",,2,"131,146","Romestaing P, Lehingue Y, Carrie C, et al. Role of a 10-Gy boost in the conservative treatment of early breast cancer: results of a randomized clinical trial in Lyon, France. J Clin Oncol 1997;15:963-968.",http://www.ncbi.nlm.nih.gov/pubmed/9060534,RT Boost: The use of RT boost has been demonstrated to provide a small but statistically significant reduction in ipsilateral breast tumor recurrence (IBTR) risk (4% at 20 years) in all age groups for invasive breast cancers.
33,12426672,,2002,DCIS,"Ductal Carcinoma in Situ (Tis, N0, M0) > Primary Treatment for DCIS",,1,131,"Polgar C, Fodor J, Orosz Z, et al. Electron and high-dose-rate brachytherapy boost in the conservative treatment of stage I-II breast cancer first results of the randomized Budapest boost trial. Strahlenther Onkol 2002;178:615-623.",https://www.ncbi.nlm.nih.gov/pubmed/12426672,RT Boost: The use of RT boost has been demonstrated to provide a small but statistically significant reduction in ipsilateral breast tumor recurrence (IBTR) risk (4% at 20 years) in all age groups for invasive breast cancers.
34,28358936,,2017,DCIS,"Ductal Carcinoma in Situ (Tis, N0, M0) > Primary Treatment for DCIS",,2,131,"Moran MS, Zhao Y, Ma S, et al. Association of radiotherapy boost for ductal carcinoma in situ with local control after whole-breast radiotherapy. JAMA Oncol 2017;3:1060-1068.",https://www.ncbi.nlm.nih.gov/pubmed/28358936,"The use of RT boost was associated with significantly decreased IBTR across the entire cohort of patients (HR, 0.73; 95% CI, 0.57-0.94; P = .01)."
35,32203696,,2020,"in list, never cited",,,0,,"King MT, Link EK, Whelan TJ, et al. Quality of life after breast- conserving therapy and adjuvant radiotherapy for non-low-risk ductal carcinoma in situ (BIG 3-07/TROG 07.01): 2-year results of a randomised, controlled, phase 3 trial. Lancet Oncol 2020;21:685-698.",https://www.ncbi.nlm.nih.gov/pubmed/32203696,
36,,10.1158/1538-7445,2021,"in list, never cited",,,0,,"Chua BH, Link E, Kunkler I, et al. Abstract GS2-04: A randomized phase III study of radiation doses and fractionation schedules in non-low risk ductal carcinoma in situ (DCIS) of the breast (BIG 3-07/TROG 07.01). Cancer Research 2021;81:GS2-04-GS02-04.",https://doi.org/10.1158/1538-7445.SABCS20-GS2-04,
37,17687650,,2008,DCIS,"Ductal Carcinoma in Situ (Tis, N0, M0) > Primary Treatment for DCIS",,2,132,"Di Saverio S, Catena F, Santini D, et al. 259 Patients with DCIS of the breast applying USC/Van Nuys prognostic index: a retrospective review with long term follow up. Breast Cancer Res Treat 2008;109:405- 416.",http://www.ncbi.nlm.nih.gov/pubmed/17687650,There are retrospective series suggesting that selected patients have a low risk of in-breast recurrence when treated with excision alone (without WBRT).
38,18564426,,2008,DCIS,"Ductal Carcinoma in Situ (Tis, N0, M0) > Primary Treatment for DCIS",,3,132,"Gilleard O, Goodman A, Cooper M, et al. The significance of the Van Nuys prognostic index in the management of ductal carcinoma in situ. World J Surg Oncol 2008;6:61-61.",http://www.ncbi.nlm.nih.gov/pubmed/18564426,There are retrospective series suggesting that selected patients have a low risk of in-breast recurrence when treated with excision alone (without WBRT).
39,8635094,,1996,DCIS,"Ductal Carcinoma in Situ (Tis, N0, M0) > Primary Treatment for DCIS",,1,132,"Silverstein MJ, Lagios MD, Craig PH, et al. A prognostic index for ductal carcinoma in situ of the breast. Cancer 1996;77:2267-2274.",http://www.ncbi.nlm.nih.gov/pubmed/8635094,There are retrospective series suggesting that selected patients have a low risk of in-breast recurrence when treated with excision alone (without WBRT).
40,10320383,,1999,DCIS,"Ductal Carcinoma in Situ (Tis, N0, M0) > Primary Treatment for DCIS",,1,132,"Silverstein MJ, Lagios MD, Groshen S, et al. The influence of margin width on local control of ductal carcinoma in situ of the breast. N Engl J Med 1999;340:1455-1461.",http://www.ncbi.nlm.nih.gov/pubmed/10320383,There are retrospective series suggesting that selected patients have a low risk of in-breast recurrence when treated with excision alone (without WBRT).
41,19826126,,2009,DCIS,"Ductal Carcinoma in Situ (Tis, N0, M0) > Primary Treatment for DCIS",,2,132,"Hughes LL, Wang M, Page DL, et al. Local excision alone without irradiation for ductal carcinoma in situ of the breast: a trial of the Eastern Cooperative Oncology Group. J Clin Oncol 2009;27:5319-5324.",http://www.ncbi.nlm.nih.gov/pubmed/19826126,"tification for risk of recurrence in this retrospective at diagnosis. study was calculated using the modified Van Nuys Prognostic Index based on tumor grade, size, absence of comedo necrosis, margin width, and age A multi-institutional, non-randomized, prospective study of selected patients with low"
42,34406870,,2021,DCIS,"Ductal Carcinoma in Situ (Tis, N0, M0) > Primary Treatment for DCIS",,1,133,"McCormick B, Winter KA, Woodward W, et al. Randomized phase III trial evaluating radiation following surgical excision for good-risk ductal carcinoma in situ: Long-term report from NRG Oncology/RTOG 9804. J Clin Oncol 2021;39:3574-3582.",https://www.ncbi.nlm.nih.gov/pubmed/34406870,"With a follow-up of 15 years, local recurrence rates were reduced by 50% with RT versus without RT (7.1% vs. 15.1%; HR, 0.36; 95% CI, 0.20-0.66)."
43,31813636,,2019,radiation oncology,"Invasive Breast Cancer > Locoregional Treatment of cT1-3, cN0 or cN+, M0 Disease > Radiation Therapy > Principles of Radiation Therapy > Regional Nodal Irradiation",NCCN Recommendation for RNI:,3,"133,148","Vicini FA, Cecchini RS, White JR, et al. Long-term primary results of accelerated partial breast irradiation after breast-conserving surgery for early-stage breast cancer: a randomised, phase 3, equivalence trial. Lancet 2019;394:2155-2164.",https://www.ncbi.nlm.nih.gov/pubmed/31813636,"The available evidence from four randomized trials (NSABP B-39/RTOG 0413,"
44,31813635,,2019,radiation oncology,"Invasive Breast Cancer > Locoregional Treatment of cT1-3, cN0 or cN+, M0 Disease > Radiation Therapy > Principles of Radiation Therapy > Regional Nodal Irradiation",NCCN Recommendation for RNI:,3,"133,148","Whelan TJ, Julian JA, Berrang TS, et al. External beam accelerated partial breast irradiation versus whole breast irradiation after breast conserving surgery in women with ductal carcinoma in situ and node- negative breast cancer (RAPID): a randomised controlled trial. Lancet 2019;394:2165-2172.",https://www.ncbi.nlm.nih.gov/pubmed/31813635,"The available evidence from four randomized trials (NSABP B-39/RTOG 0413, OCOG-RAPID,"
45,25605582,,2015,DCIS,"Ductal Carcinoma in Situ (Tis, N0, M0) > Primary Treatment for DCIS",,1,133,"Livi L, Meattini I, Marrazzo L, et al. Accelerated partial breast irradiation using intensity-modulated radiotherapy versus whole breast irradiation: 5-year survival analysis of a phase 3 randomised controlled trial. Eur J Cancer 2015;51:451-463.",https://www.ncbi.nlm.nih.gov/pubmed/25605582,"The available evidence from four randomized trials (NSABP B-39/RTOG 0413, OCOG-RAPID, University of Florence,"
46,26494415,,2016,DCIS,"Ductal Carcinoma in Situ (Tis, N0, M0) > Primary Treatment for DCIS",NCCN Recommendation for RNI:,2,"133,148","Strnad V, Ott OJ, Hildebrandt G, et al. 5-year results of accelerated partial breast irradiation using sole interstitial multicatheter brachytherapy versus whole-breast irradiation with boost after breast- conserving surgery for low-risk invasive and in-situ carcinoma of the female breast: a randomised, phase 3, non-inferiority trial. Lancet 2016;387:229-238.",https://www.ncbi.nlm.nih.gov/pubmed/26494415,"The available evidence from four randomized trials (NSABP B-39/RTOG 0413, OCOG-RAPID, University of Florence, and GEC-ESTRO"
47,27538810,,2016,DCIS,"Ductal Carcinoma in Situ (Tis, N0, M0) > Primary Treatment for DCIS",,2,133,"Morrow M, Van Zee KJ, Solin LJ, et al. Society of Surgical Oncology- American Society for Radiation Oncology-American Society of Clinical Oncology consensus guideline on margins for breast-conserving surgery with whole-breast irradiation in ductal carcinoma in situ. Pract Radiat Oncol 2016;6:287-295.",https://www.ncbi.nlm.nih.gov/pubmed/27538810,"Per the ASTRO guideline for APBI, patients with screen-detected DCIS measuring <2.5 cm, with grade I or II disease, and with negative margins of 3 mm or more are “suitable” candidates for APBI."
48,16164913,,2005,DCIS,"Ductal Carcinoma in Situ (Tis, N0, M0) > Primary Treatment for DCIS",,1,133,"MacDonald HR, Silverstein MJ, Mabry H, et al. Local control in ductal carcinoma in situ treated by excision alone: incremental benefit of larger margins. Am J Surg 2005;190:521-525.",http://www.ncbi.nlm.nih.gov/pubmed/16164913,"Results from a retrospective study of 445 patients with pure DCIS treated by excision alone indicated that margin width was the most important independent predictor of local recurrence, although the trend for decreasing local recurrence risk with increasing margin width was most apparent with margin"
49,19255332,,2009,DCIS,"Ductal Carcinoma in Situ (Tis, N0, M0) > Primary Treatment for DCIS",,1,133,"Dunne C, Burke JP, Morrow M, Kell MR. Effect of margin status on local recurrence after breast conservation and radiation therapy for ductal carcinoma in situ. J Clin Oncol 2009;27:1615-1620.",http://www.ncbi.nlm.nih.gov/pubmed/19255332,"In a meta-analysis of 4660 patients with DCIS treated with BCS and radiation, a surgical margin of <2 mm was associated with increased rates of IBTR compared with margins of 2 mm, although no significant differences were observed when margins of >2 mm to 5 mm or >5 mm were compared with 2-mm margins"
50,26366541,,2015,DCIS,"Ductal Carcinoma in Situ (Tis, N0, M0) > Primary Treatment for DCIS",,2,133,"Van Zee KJ, Subhedar P, Olcese C, et al. Relationship between margin width and recurrence of ductal carcinoma in situ: Analysis of 2996 women treated with breast-conserving surgery for 30 years. Ann Surg 2015;262:623-631.",http://www.ncbi.nlm.nih.gov/pubmed/26366541,"A study retrospectively reviewed a database of 2996 patients with DCIS who underwent BCS to investigate the association between margin width and recurrence, controlling all other characteristics."
51,19768878,,2003,DCIS,"Ductal Carcinoma in Situ (Tis, N0, M0) > Primary Treatment for DCIS",,1,133,"Cody HS, Van Zee KJ. Point: sentinel lymph node biopsy is indicated for patients with DCIS. J Natl Compr Canc Netw 2003;1:199-206.",http://www.ncbi.nlm.nih.gov/pubmed/19768878,"For DCIS patients undergoing mastectomy, or for local excision in an anatomic location that could compromise the lymphatic drainage pattern to the axilla (eg, tail of the breast), a sentinel lymph node biopsy (SLNB) procedure should strongly be considered at the time of definitive surgery to avoid n"
52,19768879,,2003,DCIS,"Ductal Carcinoma in Situ (Tis, N0, M0) > Primary Treatment for DCIS",,1,133,"Edge SB, Sheldon DG. Counterpoint: sentinel lymph node biopsy is not indicated for ductal carcinoma in situ. J Natl Compr Canc Netw 2003;1:207-212.",http://www.ncbi.nlm.nih.gov/pubmed/19768879,"For DCIS patients undergoing mastectomy, or for local excision in an anatomic location that could compromise the lymphatic drainage pattern to the axilla (eg, tail of the breast), a sentinel lymph node biopsy (SLNB) procedure should strongly be considered at the time of definitive surgery to avoid n"
53,16157938,,2005,DCIS,"Ductal Carcinoma in Situ (Tis, N0, M0) > Primary Treatment for DCIS",,1,133,"Lyman GH, Giuliano AE, Somerfield MR, et al. American Society of Clinical Oncology guideline recommendations for sentinel lymph node biopsy in early-stage breast cancer. J Clin Oncol 2005;23:7703-7720.",http://www.ncbi.nlm.nih.gov/pubmed/16157938,"For DCIS patients undergoing mastectomy, or for local excision in an anatomic location that could compromise the lymphatic drainage pattern to the axilla (eg, tail of the breast), a sentinel lymph node biopsy (SLNB) procedure should strongly be considered at the time of definitive surgery to avoid n"
54,20071685,,2010,DCIS,"Ductal Carcinoma in Situ (Tis, N0, M0) > Primary Treatment for DCIS",,1,133,"Virnig BA, Tuttle TM, Shamliyan T, Kane RL. Ductal carcinoma in situ of the breast: a systematic review of incidence, treatment, and outcomes. J Natl Cancer Inst 2010;102:170-178.",http://www.ncbi.nlm.nih.gov/pubmed/20071685,"For DCIS patients undergoing mastectomy, or for local excision in an anatomic location that could compromise the lymphatic drainage pattern to the axilla (eg, tail of the breast), a sentinel lymph node biopsy (SLNB) procedure should strongly be considered at the time of definitive surgery to avoid n"
55,21493791,,2011,DCIS,"Ductal Carcinoma in Situ (Tis, N0, M0) > Primary Treatment for DCIS",,1,133,"Brennan ME, Turner RM, Ciatto S, et al. Ductal carcinoma in situ at core-needle biopsy: meta-analysis of underestimation and predictors of invasive breast cancer. Radiology 2011;260:119-128.",http://www.ncbi.nlm.nih.gov/pubmed/21493791,Since only a small proportion of patients (about 25%) with seemingly pure DCIS on initial biopsy will have invasive breast cancer at the time of the definitive surgical procedure
56,16288118,,2005,DCIS,"Ductal Carcinoma in Situ (Tis, N0, M0) > Management of DCIS After Primary Treatment",,1,135,"Fisher B, Costantino JP, Wickerham DL, et al. Tamoxifen for the prevention of breast cancer: current status of the National Surgical Adjuvant Breast and Bowel Project P-1 study. J Natl Cancer Inst 2005;97:1652-1662.",http://www.ncbi.nlm.nih.gov/pubmed/16288118,The Breast Cancer Prevention Trial performed by NSABP showed a 75% reduction in the occurrence of invasive breast cancer in patients with ADH treated with tamoxifen.
57,9747868,,1998,DCIS,"Ductal Carcinoma in Situ (Tis, N0, M0) > Management of DCIS After Primary Treatment",,1,135,"Fisher B, Costantino JP, Wickerham DL, et al. Tamoxifen for prevention of breast cancer: report of the National Surgical Adjuvant Breast and Bowel Project P-1 Study. J Natl Cancer Inst 1998;90:1371- 1388.",http://www.ncbi.nlm.nih.gov/pubmed/9747868,The Breast Cancer Prevention Trial performed by NSABP showed a 75% reduction in the occurrence of invasive breast cancer in patients with ADH treated with tamoxifen.
58,12591986,,2003,DCIS,"Ductal Carcinoma in Situ (Tis, N0, M0) > Management of DCIS After Primary Treatment",,1,135,"Tan-Chiu E, Wang J, Costantino JP, et al. Effects of tamoxifen on benign breast disease in women at high risk for breast cancer. J Natl Cancer Inst 2003;95:302-307.",http://www.ncbi.nlm.nih.gov/pubmed/12591986,These data also showed that tamoxifen led to a substantial reduction in the risk of developing invasive breast disease.
59,15894097,,2005,"systemic therapy, early stage","Systemic Therapies (Preoperative and Adjuvant) > Adjuvant Systemic Therapy > Adjuvant Systemic therapy for HR-positive, HER2-negative tumors",Tamoxifen:,4,"135,161,174",Effects of chemotherapy and hormonal therapy for early breast cancer on recurrence and 15-year survival: an overview of the randomised trials. Lancet 2005;365:1687-1717.,http://www.ncbi.nlm.nih.gov/pubmed/15894097,"The Early Breast Cancer Trialists' Collaborative Group (EBCTCG) overview analysis showed that, with 5 years of tamoxifen therapy, patients with ER-positive or receptor-unknown invasive tumors had a 39% reduction in the annual odds of recurrence of invasive breast cancer."
60,22393101,,2012,DCIS,"Ductal Carcinoma in Situ (Tis, N0, M0) > Management of DCIS After Primary Treatment",,1,135,"Allred DC, Anderson SJ, Paik S, et al. Adjuvant tamoxifen reduces subsequent breast cancer in women with estrogen receptor-positive ductal carcinoma in situ: a study based on NSABP protocol B-24. J Clin Oncol 2012;30:1268-1273.",https://www.ncbi.nlm.nih.gov/pubmed/22393101,A retrospective analysis of ER expression in NSABP B-24 suggests that increased levels of ER expression predict for tamoxifen benefit in terms of risk reduction for ipsilateral and contralateral breast cancer development following BCT.
61,30973790,,2019,"in list, never cited",,,0,,"DeCensi A, Puntoni M, Guerrieri-Gonzaga A, et al. Randomized placebo controlled trial of low-dose tamoxifen to prevent local and contralateral recurrence in breast intraepithelial neoplasia. J Clin Oncol 2019;37:1629-1637.",https://www.ncbi.nlm.nih.gov/pubmed/30973790,
62,26686313,,2015,DCIS,"Ductal Carcinoma in Situ (Tis, N0, M0) > Management of DCIS After Primary Treatment",,2,"135,136","Forbes JF, Sestak I, Howell A, et al. Anastrozole versus tamoxifen for the prevention of locoregional and contralateral breast cancer in postmenopausal women with locally excised ductal carcinoma in situ (IBIS-II DCIS): a double-blind, randomised controlled trial. Lancet 2015.",http://www.ncbi.nlm.nih.gov/pubmed/26686313,The results demonstrated non-inferiority of anastrozole to tamoxifen.
63,26686957,,2015,DCIS,"Ductal Carcinoma in Situ (Tis, N0, M0) > Management of DCIS After Primary Treatment",,3,136,"Margolese RG, Cecchini RS, Julian TB, et al. Anastrozole versus tamoxifen in postmenopausal women with ductal carcinoma in situ undergoing lumpectomy plus radiotherapy (NSABP B-35): a randomised, double-blind, phase 3 clinical trial. Lancet 2015.",http://www.ncbi.nlm.nih.gov/pubmed/26686957,The primary endpoint was breast cancer-free interval.
64,26467045,,2015,"workup, imaging, staging",Invasive Breast Cancer > Workup for Non-metastatic (M0) Invasive Breast Cancer,,1,137,"Louie RJ, Tonneson JE, Gowarty M, et al. Complete blood counts, liver function tests, and chest x-rays as routine screening in early-stage breast cancer: value added or just cost? Breast Cancer Res Treat 2015.",http://www.ncbi.nlm.nih.gov/pubmed/26467045,Complete blood count (CBC) and liver function tests (LFTs) have no added benefit in the detection of underlying metastatic disease in patients with asymptomatic early-stage breast cancers.
65,15755961,,2005,"workup, imaging, staging",Invasive Breast Cancer > Workup for Non-metastatic (M0) Invasive Breast Cancer,,1,137,Esserman L. Integration of imaging in the management of breast cancer. J Clin Oncol 2005;23:1601-1602.,http://www.ncbi.nlm.nih.gov/pubmed/15755961,"MRI detractors note that MRI has a high percentage of false-positive findings, resulting in further diagnostic workup-including MRI-guided biopsy-in many circumstances."
66,15770888,,2005,"workup, imaging, staging",Invasive Breast Cancer > Workup for Non-metastatic (M0) Invasive Breast Cancer,,1,137,Gundry KR. The application of breast MRI in staging and screening for breast cancer. Oncology (Williston Park) 2005;19:159-169.,http://www.ncbi.nlm.nih.gov/pubmed/15770888,"MRI detractors note that MRI has a high percentage of false-positive findings, resulting in further diagnostic workup-including MRI-guided biopsy-in many circumstances."
67,18474876,,2008,"workup, imaging, staging",Invasive Breast Cancer > Workup for Non-metastatic (M0) Invasive Breast Cancer,,3,137,"Houssami N, Ciatto S, Macaskill P, et al. Accuracy and surgical impact of magnetic resonance imaging in breast cancer staging: systematic review and meta-analysis in detection of multifocal and multicentric cancer. J Clin Oncol 2008;26:3248-3258.",http://www.ncbi.nlm.nih.gov/pubmed/18474876,"MRI detractors note that MRI has a high percentage of false-positive findings, resulting in further diagnostic workup-including MRI-guided biopsy-in many circumstances."
68,22987175,,2012,"workup, imaging, staging",Invasive Breast Cancer > Workup for Non-metastatic (M0) Invasive Breast Cancer,,1,137,"Weber JJ, Bellin LS, Milbourn DE, et al. Selective preoperative magnetic resonance imaging in women with breast cancer: no reduction in the reoperation rate. Arch Surg 2012;147:834-839.",http://www.ncbi.nlm.nih.gov/pubmed/22987175,"MRI findings tend to overestimate extent of disease,"
69,23490543,,2013,"workup, imaging, staging",Invasive Breast Cancer > Workup for Non-metastatic (M0) Invasive Breast Cancer,,1,137,"Feigelson HS, James TA, Single RM, et al. Factors associated with the frequency of initial total mastectomy: results of a multi-institutional study. J Am Coll Surg 2013;216:966-975.",http://www.ncbi.nlm.nih.gov/pubmed/23490543,"MRI findings tend to overestimate extent of disease, resulting in increased frequency of mastectomies."
70,19636020,,2009,"workup, imaging, staging",Invasive Breast Cancer > Workup for Non-metastatic (M0) Invasive Breast Cancer,,1,137,"Katipamula R, Degnim AC, Hoskin T, et al. Trends in mastectomy rates at the Mayo Clinic Rochester: effect of surgical year and preoperative magnetic resonance imaging. J Clin Oncol 2009;27:4082- 4088.",http://www.ncbi.nlm.nih.gov/pubmed/19636020,"MRI findings tend to overestimate extent of disease, resulting in increased frequency of mastectomies."
71,19330381,,2009,"workup, imaging, staging",Invasive Breast Cancer > Workup for Non-metastatic (M0) Invasive Breast Cancer,,1,137,"Sorbero ME, Dick AW, Beckjord EB, Ahrendt G. Diagnostic breast magnetic resonance imaging and contralateral prophylactic mastectomy. Ann Surg Oncol 2009;16:1597-1605.",http://www.ncbi.nlm.nih.gov/pubmed/19330381,"MRI findings tend to overestimate extent of disease, resulting in increased frequency of mastectomies."
72,21751044,,2012,"workup, imaging, staging",Invasive Breast Cancer > Workup for Non-metastatic (M0) Invasive Breast Cancer,,2,137,"Miller BT, Abbott AM, Tuttle TM. The influence of preoperative MRI on breast cancer treatment. Ann Surg Oncol 2012;19:536-540.",http://www.ncbi.nlm.nih.gov/pubmed/21751044,"MRI findings tend to overestimate extent of disease, resulting in increased frequency of mastectomies."
73,21195605,,2011,"workup, imaging, staging",Invasive Breast Cancer > Workup for Non-metastatic (M0) Invasive Breast Cancer,,1,137,"Peters NH, van Esser S, van den Bosch MA, et al. Preoperative MRI and surgical management in patients with nonpalpable breast cancer: the MONET - randomised controlled trial. Eur J Cancer 2011;47:879- 886.",http://www.ncbi.nlm.nih.gov/pubmed/21195605,"Two prospective randomized studies have examined the utility of preoperative MRI in determining disease extent, and neither demonstrated improvement in rates of re-excision after initial BCS."
74,20025837,,2010,"workup, imaging, staging",Invasive Breast Cancer > Workup for Non-metastatic (M0) Invasive Breast Cancer,,1,137,"Turnbull LW, Brown SR, Olivier C, et al. Multicentre randomised controlled trial examining the cost-effectiveness of contrast-enhanced high field magnetic resonance imaging in women with primary breast cancer scheduled for wide local excision (COMICE). Health Technol Assess 2010;14:1-182.",http://www.ncbi.nlm.nih.gov/pubmed/20025837,"Two prospective randomized studies have examined the utility of preoperative MRI in determining disease extent, and neither demonstrated improvement in rates of re-excision after initial BCS."
75,15248080,,2004,"workup, imaging, staging",Invasive Breast Cancer > Workup for Non-metastatic (M0) Invasive Breast Cancer,,1,137,"Fischer U, Zachariae O, Baum F, et al. The influence of preoperative MRI of the breasts on recurrence rate in patients with breast cancer. Eur Radiol 2004;14:1725-1731.",http://www.ncbi.nlm.nih.gov/pubmed/15248080,Retrospective review of the utility of MRI showed conflicting outcome results- one with benefit
76,18202414,,2008,"workup, imaging, staging",Invasive Breast Cancer > Workup for Non-metastatic (M0) Invasive Breast Cancer,,1,137,"Solin LJ, Orel SG, Hwang W-T, et al. Relationship of breast magnetic resonance imaging to outcome after breast-conservation treatment with radiation for women with early-stage invasive breast carcinoma or ductal carcinoma in situ. J Clin Oncol 2008;26:386-391.",http://www.ncbi.nlm.nih.gov/pubmed/18202414,Retrospective review of the utility of MRI showed conflicting outcome results- one with benefit and another without.
77,19632594,,2009,"workup, imaging, staging",Invasive Breast Cancer > Workup for Non-metastatic (M0) Invasive Breast Cancer,,1,137,"Bleicher RJ, Ciocca RM, Egleston BL, et al. Association of routine pretreatment magnetic resonance imaging with time to surgery, mastectomy rate, and margin status. J Am Coll Surg 2009;209:180-187; quiz 294-185.",http://www.ncbi.nlm.nih.gov/pubmed/19632594,"In addition, there is no evidence that use of breast MRI increases rates of margin-negative resection."
78,20159292,,2010,"workup, imaging, staging",Invasive Breast Cancer > Workup for Non-metastatic (M0) Invasive Breast Cancer,,1,137,"Turnbull L, Brown S, Harvey I, et al. Comparative effectiveness of MRI in breast cancer (COMICE) trial: a randomised controlled trial. Lancet 2010;375:563-571.",http://www.ncbi.nlm.nih.gov/pubmed/20159292,"In addition, there is no evidence that use of breast MRI increases rates of margin-negative resection."
79,19822403,,2010,"workup, imaging, staging",Invasive Breast Cancer > Workup for Non-metastatic (M0) Invasive Breast Cancer,,1,137,"de Bresser J, de Vos B, van der Ent F, Hulsewe K. Breast MRI in clinically and mammographically occult breast cancer presenting with an axillary metastasis: a systematic review. Eur J Surg Oncol 2010;36:114- 119.",https://www.ncbi.nlm.nih.gov/pubmed/19822403,Breast MRI may assist with identification and management of clinically occult primary tumors presenting with axillary nodal metastases.
80,18222386,,2008,"workup, imaging, staging",Invasive Breast Cancer > Workup for Non-metastatic (M0) Invasive Breast Cancer,,1,137,"Morrogh M, Morris EA, Liberman L, et al. MRI identifies otherwise occult disease in select patients with Paget disease of the nipple. J Am Coll Surg 2008;206:316-321.",https://www.ncbi.nlm.nih.gov/pubmed/18222386,"In patients with Paget disease not identifiable on mammography, breast MRI may help determine the extent of disease."
81,15905723,,2005,"workup, imaging, staging",Invasive Breast Cancer > Workup for Non-metastatic (M0) Invasive Breast Cancer,,1,137,"Frei KA, Bonel HM, Pelte MF, et al. Paget disease of the breast: findings at magnetic resonance imaging and histopathologic correlation. Invest Radiol 2005;40:363-367.",https://www.ncbi.nlm.nih.gov/pubmed/15905723,"In patients with Paget disease not identifiable on mammography, breast MRI may help determine the extent of disease."
82,29371086,,2018,"workup, imaging, staging",Invasive Breast Cancer > Workup for Non-metastatic (M0) Invasive Breast Cancer,,1,137,"Monticciolo DL, Newell MS, Moy L, et al. Breast cancer screening in women at higher-than-average risk: Recommendations from the ACR. J Am Coll Radiol 2018;15:408-414.",https://www.ncbi.nlm.nih.gov/pubmed/29371086,Breast MRI also has utility in screening patients with higher than average risk based on family history.
83,16823173,,2005,"workup, imaging, staging",Invasive Breast Cancer > Workup for Non-metastatic (M0) Invasive Breast Cancer,Distress Assessment:,1,138,"Baucom DH, Porter LS, Kirby JS, et al. Psychosocial issues confronting young women with breast cancer. Breast Dis 2005;23:103- 113.",http://www.ncbi.nlm.nih.gov/pubmed/16823173,Younger patients have higher rates of psychosocial distress than patients diagnosed at older ages.
84,10767751,,2000,"workup, imaging, staging",Invasive Breast Cancer > Workup for Non-metastatic (M0) Invasive Breast Cancer,Distress Assessment:,1,138,"Dunn J, Steginga SK. Young women's experience of breast cancer: defining young and identifying concerns. Psychooncology 2000;9:137- 146.",http://www.ncbi.nlm.nih.gov/pubmed/10767751,Younger patients have higher rates of psychosocial distress than patients diagnosed at older ages.
85,14615446,,2003,"workup, imaging, staging",Invasive Breast Cancer > Workup for Non-metastatic (M0) Invasive Breast Cancer,Distress Assessment:,1,138,"Ganz PA, Greendale GA, Petersen L, et al. Breast cancer in younger women: reproductive and late health effects of treatment. J Clin Oncol 2003;21:4184-4193.",http://www.ncbi.nlm.nih.gov/pubmed/14615446,Younger patients have higher rates of psychosocial distress than patients diagnosed at older ages.
86,22179785,,2012,"workup, imaging, staging",Invasive Breast Cancer > Workup for Non-metastatic (M0) Invasive Breast Cancer,Distress Assessment:,1,138,"Gorman JR, Bailey S, Pierce JP, Su HI. How do you feel about fertility and parenthood? The voices of young female cancer survivors. J Cancer Surviv 2012;6:200-209.",http://www.ncbi.nlm.nih.gov/pubmed/22179785,Younger patients have higher rates of psychosocial distress than patients diagnosed at older ages.
87,22271773,,2012,"workup, imaging, staging",Invasive Breast Cancer > Workup for Non-metastatic (M0) Invasive Breast Cancer,Distress Assessment:,1,138,"Howard-Anderson J, Ganz PA, Bower JE, Stanton AL. Quality of life, fertility concerns, and behavioral health outcomes in younger breast cancer survivors: a systematic review. J Natl Cancer Inst 2012;104:386- 405.",http://www.ncbi.nlm.nih.gov/pubmed/22271773,Younger patients have higher rates of psychosocial distress than patients diagnosed at older ages.
88,20522097,,2010,"workup, imaging, staging",Invasive Breast Cancer > Workup for Non-metastatic (M0) Invasive Breast Cancer,Fertility and Sexual Health:,1,138,"Kranick JA, Schaefer C, Rowell S, et al. Is pregnancy after breast cancer safe? Breast J 2010;16:404-411.",http://www.ncbi.nlm.nih.gov/pubmed/20522097,Numerous epidemiologic studies have demonstrated that childbearing after treatment for invasive breast cancer does not increase rates of recurrence or death from breast cancer.
89,20564648,,2010,"workup, imaging, staging",Invasive Breast Cancer > Workup for Non-metastatic (M0) Invasive Breast Cancer,Fertility and Sexual Health:,1,138,"Sukumvanich P, Case LD, Van Zee K, et al. Incidence and time course of bleeding after long-term amenorrhea after breast cancer treatment: a prospective study. Cancer 2010;116:3102-3111.",http://www.ncbi.nlm.nih.gov/pubmed/20564648,"While the potential to regain menstrual function within 2 years of completing chemotherapy is possible, especially for those <35 years of age,"
90,25549654,,2015,"workup, imaging, staging",Invasive Breast Cancer > Workup for Non-metastatic (M0) Invasive Breast Cancer,Fertility and Sexual Health:,1,139,"Quinn GP, Block RG, Clayman ML, et al. If you did not document it, it did not happen: rates of documentation of discussion of infertility risk in adolescent and young adult oncology patients' medical records. J Oncol Pract 2015;11:137-144.",http://www.ncbi.nlm.nih.gov/pubmed/25549654,Several studies report lower rates of fertility discussion among female patients with cancer
91,22571247,,2012,"workup, imaging, staging",Invasive Breast Cancer > Workup for Non-metastatic (M0) Invasive Breast Cancer,Fertility and Sexual Health:,1,139,"Yee S, Abrol K, McDonald M, et al. Addressing oncofertility needs: views of female cancer patients in fertility preservation. J Psychosoc Oncol 2012;30:331-346.",http://www.ncbi.nlm.nih.gov/pubmed/22571247,Several studies report lower rates of fertility discussion among female patients with cancer
92,23836521,,2013,"workup, imaging, staging",Invasive Breast Cancer > Workup for Non-metastatic (M0) Invasive Breast Cancer,Fertility and Sexual Health:,1,139,"Yeomanson DJ, Morgan S, Pacey AA. Discussing fertility preservation at the time of cancer diagnosis: dissatisfaction of young females. Pediatr Blood Cancer 2013;60:1996-2000.",http://www.ncbi.nlm.nih.gov/pubmed/23836521,Several studies report lower rates of fertility discussion among female patients with cancer
93,23715580,,2013,"workup, imaging, staging",Invasive Breast Cancer > Workup for Non-metastatic (M0) Invasive Breast Cancer,Fertility and Sexual Health:,2,139,"Loren AW, Mangu PB, Beck LN, et al. Fertility preservation for patients with cancer: American Society of Clinical Oncology clinical practice guideline update. J Clin Oncol 2013;31:2500-2510.",http://www.ncbi.nlm.nih.gov/pubmed/23715580,"Several studies report lower rates of fertility discussion among female patients with cancer despite the updated ASCO guidelines stating that patients should not be excluded from consideration for discussion of fertility preservation for any reason, including parity, prognosis, age, and socioeconomi"
94,19339000,,2010,"workup, imaging, staging",Invasive Breast Cancer > Workup for Non-metastatic (M0) Invasive Breast Cancer,Fertility and Sexual Health:,1,139,"Cruz MR, Prestes JC, Gimenes DL, Fanelli MF. Fertility preservation in women with breast cancer undergoing adjuvant chemotherapy: a systematic review. Fertil Steril 2010;94:138-143.",http://www.ncbi.nlm.nih.gov/pubmed/19339000,
95,19125006,,2009,"workup, imaging, staging",Invasive Breast Cancer > Workup for Non-metastatic (M0) Invasive Breast Cancer,Fertility and Sexual Health:,1,139,"Dunn L, Fox KR. Techniques for fertility preservation in patients with breast cancer. Curr Opin Obstet Gynecol 2009;21:68-73.",http://www.ncbi.nlm.nih.gov/pubmed/19125006,
96,19806518,,2009,"workup, imaging, staging",Invasive Breast Cancer > Workup for Non-metastatic (M0) Invasive Breast Cancer,Fertility and Sexual Health:,1,139,"Oktem O, Oktay K. Fertility preservation for breast cancer patients. Semin Reprod Med 2009;27:486-492.",http://www.ncbi.nlm.nih.gov/pubmed/19806518,
97,21235031,,2011,"workup, imaging, staging",Invasive Breast Cancer > Workup for Non-metastatic (M0) Invasive Breast Cancer,Fertility and Sexual Health:,1,139,"Redig AJ, Brannigan R, Stryker SJ, et al. Incorporating fertility preservation into the care of young oncology patients. Cancer 2011;117:4-10.",http://www.ncbi.nlm.nih.gov/pubmed/21235031,
98,20876425,,2010,"workup, imaging, staging",Invasive Breast Cancer > Workup for Non-metastatic (M0) Invasive Breast Cancer,Fertility and Sexual Health:,1,139,"Lee S, Ozkavukcu S, Heytens E, et al. Value of early referral to fertility preservation in young women with breast cancer. J Clin Oncol 2010;28:4683-4686.",http://www.ncbi.nlm.nih.gov/pubmed/20876425,
99,21444865,,2011,"workup, imaging, staging",Invasive Breast Cancer > Workup for Non-metastatic (M0) Invasive Breast Cancer,Fertility and Sexual Health:,1,139,"Peate M, Meiser B, Friedlander M, et al. It's now or never: fertility- related knowledge, decision-making preferences, and treatment intentions in young women with breast cancer--an Australian fertility decision aid collaborative group study. J Clin Oncol 2011;29:1670-1677.",http://www.ncbi.nlm.nih.gov/pubmed/21444865,
100,25826240,,2015,"workup, imaging, staging",Invasive Breast Cancer > Workup for Non-metastatic (M0) Invasive Breast Cancer,,1,139,"Blumenfeld Z, Evron A. Preserving fertility when choosing chemotherapy regimens - the role of gonadotropin-releasing hormone agonists. Expert Opin Pharmacother 2015;16:1009-1020.",http://www.ncbi.nlm.nih.gov/pubmed/25826240,Randomized trials have demonstrated that GnRH agonists (such as goserelin) administered prior to initiating chemotherapy and then administered concurrently with adjuvant chemotherapy protect against ovarian failure and reduce the risk of early menopause.
101,26463868,,2015,"workup, imaging, staging",Invasive Breast Cancer > Workup for Non-metastatic (M0) Invasive Breast Cancer,,1,139,"Del Mastro L, Lambertini M. Temporary ovarian suppression with gonadotropin-releasing hormone agonist during chemotherapy for fertility preservation: Toward the end of the debate? Oncologist 2015;20:1233- 1235.",http://www.ncbi.nlm.nih.gov/pubmed/26463868,Randomized trials have demonstrated that GnRH agonists (such as goserelin) administered prior to initiating chemotherapy and then administered concurrently with adjuvant chemotherapy protect against ovarian failure and reduce the risk of early menopause.
102,26646756,,2015,"workup, imaging, staging",Invasive Breast Cancer > Workup for Non-metastatic (M0) Invasive Breast Cancer,,1,139,"Lambertini M, Peccatori FA, Moore HC, Del Mastro L. Reply to the letter to the editor 'Can ovarian suppression with gonadotropin releasing hormone analogs (GnRHa) preserve fertility in cancer patients?' by Rodriguez-Wallberg et al. Ann Oncol 2015.",http://www.ncbi.nlm.nih.gov/pubmed/26646756,Randomized trials have demonstrated that GnRH agonists (such as goserelin) administered prior to initiating chemotherapy and then administered concurrently with adjuvant chemotherapy protect against ovarian failure and reduce the risk of early menopause.
103,,,2015,"workup, imaging, staging",Invasive Breast Cancer > Workup for Non-metastatic (M0) Invasive Breast Cancer,,1,139,"Moore HC, Unger JM, Phillips KA, et al. Goserelin for ovarian protection during breast-cancer adjuvant chemotherapy. N Engl J Med 2015;372:923-932.",,In one trial goserelin improved the probability of pregnancy from 11% to 21% in patients with HR-negative early-stage breast cancer.
104,25114587,,2014,"workup, imaging, staging",Invasive Breast Cancer > Workup for Non-metastatic (M0) Invasive Breast Cancer,,1,139,"Moffat R, Guth U. Preserving fertility in patients undergoing treatment for breast cancer: current perspectives. Breast Cancer (Dove Med Press) 2014;6:93-101.",http://www.ncbi.nlm.nih.gov/pubmed/25114587,"The fertility specialist should discuss specifics of fertility preservation options including hormonal interventions, ovarian stimulation, embryo or oocyte cryopreservation, and other investigational options, as well as the probability of successful gestation and childbirth."
105,26101247,,2015,"workup, imaging, staging",Invasive Breast Cancer > Workup for Non-metastatic (M0) Invasive Breast Cancer,,1,139,"Oktay K, Turan V, Bedoschi G, et al. Fertility preservation success subsequent to concurrent aromatase inhibitor treatment and ovarian stimulation in women with breast cancer. J Clin Oncol 2015;33:2424- 2429.",http://www.ncbi.nlm.nih.gov/pubmed/26101247,"The fertility specialist should discuss specifics of fertility preservation options including hormonal interventions, ovarian stimulation, embryo or oocyte cryopreservation, and other investigational options, as well as the probability of successful gestation and childbirth."
106,12000220,,2002,"workup, imaging, staging",Invasive Breast Cancer > Workup for Non-metastatic (M0) Invasive Breast Cancer > Additional Diagnostic Workup,,3,139,"Ravaioli A, Pasini G, Polselli A, et al. Staging of breast cancer: new recommended standard procedure. Breast Cancer Res Treat 2002;72:53-60.",http://www.ncbi.nlm.nih.gov/pubmed/12000220,"Recommendations for additional metastatic workup should be performed for those patients with signs or symptoms suspicious for metastatic disease, based on lack of evidence to demonstrate any benefits with metastatic workup in early-stage disease."
107,15668281,,2005,"workup, imaging, staging",Invasive Breast Cancer > Workup for Non-metastatic (M0) Invasive Breast Cancer > Additional Diagnostic Workup,,1,139,"Puglisi F, Follador A, Minisini AM, et al. Baseline staging tests after a new diagnosis of breast cancer: further evidence of their limited indications. Ann Oncol 2005;16:263-266.",http://www.ncbi.nlm.nih.gov/pubmed/15668281,"Recommendations for additional metastatic workup should be performed for those patients with signs or symptoms suspicious for metastatic disease, based on lack of evidence to demonstrate any benefits with metastatic workup in early-stage disease."
108,26797222,,2016,"workup, imaging, staging",Invasive Breast Cancer > Workup for Non-metastatic (M0) Invasive Breast Cancer > Additional Diagnostic Workup,,1,139,"Brothers JM, Kidwell KM, Brown RK, Henry NL. Incidental radiologic findings at breast cancer diagnosis and likelihood of disease recurrence. Breast Cancer Res Treat 2016;155:395-403.",http://www.ncbi.nlm.nih.gov/pubmed/26797222,"Recommendations for additional metastatic workup should be performed for those patients with signs or symptoms suspicious for metastatic disease, based on lack of evidence to demonstrate any benefits with metastatic workup in early-stage disease."
109,16555126,,2006,"workup, imaging, staging",Invasive Breast Cancer > Workup for Non-metastatic (M0) Invasive Breast Cancer > Additional Diagnostic Workup,,1,140,"Kumar R, Chauhan A, Zhuang H, et al. Clinicopathologic factors associated with false negative FDG-PET in primary breast cancer. Breast Cancer Res Treat 2006;98:267-274.",http://www.ncbi.nlm.nih.gov/pubmed/16555126,"inical stage I, II, or operable III (T3,N1) breast cancer, due to its high false-negative rate for the detection of lesions that are small (<1 cm) and/or low-grade disease, the high rate of false-positive scans in patients without locally advanced disease, the low sensitivity for detection of axilla"
110,17509259,,2007,"workup, imaging, staging",Invasive Breast Cancer > Workup for Non-metastatic (M0) Invasive Breast Cancer > Additional Diagnostic Workup,,4,"140,179,182,221","Podoloff DA, Advani RH, Allred C, et al. NCCN task force report: positron emission tomography (PET)/computed tomography (CT) scanning in cancer. J Natl Compr Canc Netw 2007;5 Suppl 1:1-1.",http://www.ncbi.nlm.nih.gov/pubmed/17509259,"inical stage I, II, or operable III (T3,N1) breast cancer, due to its high false-negative rate for the detection of lesions that are small (<1 cm) and/or low-grade disease, the high rate of false-positive scans in patients without locally advanced disease, the low sensitivity for detection of axilla"
111,18180228,,2007,"workup, imaging, staging",Invasive Breast Cancer > Workup for Non-metastatic (M0) Invasive Breast Cancer > Additional Diagnostic Workup,,3,"140,182,221","Rosen EL, Eubank WB, Mankoff DA. FDG PET, PET/CT, and breast cancer imaging. Radiographics 2007;27 Suppl 1:S215-229.",http://www.ncbi.nlm.nih.gov/pubmed/18180228,"inical stage I, II, or operable III (T3,N1) breast cancer, due to its high false-negative rate for the detection of lesions that are small (<1 cm) and/or low-grade disease, the high rate of false-positive scans in patients without locally advanced disease, the low sensitivity for detection of axilla"
112,14722036,,2004,"workup, imaging, staging",Invasive Breast Cancer > Workup for Non-metastatic (M0) Invasive Breast Cancer > Additional Diagnostic Workup,,1,140,"Wahl RL, Siegel BA, Coleman RE, Gatsonis CG. Prospective multicenter study of axillary nodal staging by positron emission tomography in breast cancer: a report of the staging breast cancer with PET Study Group. J Clin Oncol 2004;22:277-285.",http://www.ncbi.nlm.nih.gov/pubmed/14722036,"inical stage I, II, or operable III (T3,N1) breast cancer, due to its high false-negative rate for the detection of lesions that are small (<1 cm) and/or low-grade disease, the high rate of false-positive scans in patients without locally advanced disease, the low sensitivity for detection of axilla"
113,8622072,,1996,surgery / reconstruction,"Invasive Breast Cancer > Locoregional Treatment of cT1-3, cN0 or cN+, M0 Disease > Surgery",,1,140,"Arriagada R, Le MG, Rochard F, Contesso G. Conservative treatment versus mastectomy in early breast cancer: patterns of failure with 15 years of follow-up data. Institut Gustave-Roussy Breast Cancer Group. J Clin Oncol 1996;14:1558-1564.",http://www.ncbi.nlm.nih.gov/pubmed/8622072,"Several randomized trials document that mastectomy is equivalent to BCT, which includes BCS with WBRT with respect to OS as primary treatment for the majority of patients with stage I and stage II breast cancers (category 1)."
114,16360786,,2005,surgery / reconstruction,"Invasive Breast Cancer > Locoregional Treatment of cT1-3, cN0 or cN+, M0 Disease > Surgery",,2,"140,146","Clarke M, Collins R, Darby S, et al. Effects of radiotherapy and of differences in the extent of surgery for early breast cancer on local recurrence and 15-year survival: an overview of the randomised trials. Lancet 2005;366:2087-2106.",http://www.ncbi.nlm.nih.gov/pubmed/16360786,"Several randomized trials document that mastectomy is equivalent to BCT, which includes BCS with WBRT with respect to OS as primary treatment for the majority of patients with stage I and stage II breast cancers (category 1)."
115,,10.1056/NEJMoa022152,2002,surgery / reconstruction,"Invasive Breast Cancer > Locoregional Treatment of cT1-3, cN0 or cN+, M0 Disease > Surgery",,2,"140,141","Fisher B, Anderson S, Bryant J, et al. Twenty-year follow-up of a randomized trial comparing total mastectomy, lumpectomy, and lumpectomy plus irradiation for the treatment of invasive breast cancer. N Engl J Med 2002;347:1233-1241.",http://www.nejm.org/doi/full/10.1056/NEJMoa022152,"Several randomized trials document that mastectomy is equivalent to BCT, which includes BCS with WBRT with respect to OS as primary treatment for the majority of patients with stage I and stage II breast cancers (category 1)."
116,12393819,,2002,surgery / reconstruction,"Invasive Breast Cancer > Locoregional Treatment of cT1-3, cN0 or cN+, M0 Disease > Surgery",,2,"140,141","Veronesi U, Cascinelli N, Mariani L, et al. Twenty-year follow-up of a randomized study comparing breast-conserving surgery with radical mastectomy for early breast cancer. N Engl J Med 2002;347:1227-1232.",http://www.ncbi.nlm.nih.gov/pubmed/12393819,"Several randomized trials document that mastectomy is equivalent to BCT, which includes BCS with WBRT with respect to OS as primary treatment for the majority of patients with stage I and stage II breast cancers (category 1)."
117,22019144,,2011,radiation oncology,"Invasive Breast Cancer > Locoregional Treatment of cT1-3, cN0 or cN+, M0 Disease > Adjuvant Radiation Therapy After BCS",NCCN Recommendation for APBI:,4,"140,146,148","Early Breast Cancer Trialists' Collaborative G, Darby S, McGale P, et al. Effect of radiotherapy after breast-conserving surgery on 10-year recurrence and 15-year breast cancer death: meta-analysis of individual patient data for 10,801 women in 17 randomised trials. Lancet 2011;378:1707-1716.",http://www.ncbi.nlm.nih.gov/pubmed/22019144,"Several randomized trials document that mastectomy is equivalent to BCT, which includes BCS with WBRT with respect to OS as primary treatment for the majority of patients with stage I and stage II breast cancers (category 1)."
118,2777661,,1989,surgery / reconstruction,"Invasive Breast Cancer > Locoregional Treatment of cT1-3, cN0 or cN+, M0 Disease > Surgery > Mastectomy",,1,140,"Fourquet A, Campana F, Zafrani B, et al. Prognostic factors of breast recurrence in the conservative management of early breast cancer: a 25-year follow-up. Int J Radiat Oncol Biol Phys 1989;17:719- 725.",http://www.ncbi.nlm.nih.gov/pubmed/2777661,Several studies of patients with early-stage breast cancer treated with BCS have identified young age as a significant predictor of an increased likelihood of IBTRs after BCT.
119,16333848,,2006,surgery / reconstruction,"Invasive Breast Cancer > Locoregional Treatment of cT1-3, cN0 or cN+, M0 Disease > Surgery > Mastectomy",,1,140,"Komoike Y, Akiyama F, Iino Y, et al. Ipsilateral breast tumor recurrence (IBTR) after breast-conserving treatment for early breast cancer: risk factors and impact on distant metastases. Cancer 2006;106:35-41.",http://www.ncbi.nlm.nih.gov/pubmed/16333848,Several studies of patients with early-stage breast cancer treated with BCS have identified young age as a significant predictor of an increased likelihood of IBTRs after BCT.
120,16821084,,2007,surgery / reconstruction,"Invasive Breast Cancer > Locoregional Treatment of cT1-3, cN0 or cN+, M0 Disease > Surgery > Mastectomy",,1,140,"Zhou P, Gautam S, Recht A. Factors affecting outcome for young women with early stage invasive breast cancer treated with breast- conserving therapy. Breast Cancer Res Treat 2007;101:51-57.",http://www.ncbi.nlm.nih.gov/pubmed/16821084,Several studies of patients with early-stage breast cancer treated with BCS have identified young age as a significant predictor of an increased likelihood of IBTRs after BCT.
121,16769276,,2006,surgery / reconstruction,"Invasive Breast Cancer > Locoregional Treatment of cT1-3, cN0 or cN+, M0 Disease > Surgery > Mastectomy",,1,140,"Golshan M, Miron A, Nixon AJ, et al. The prevalence of germline BRCA1 and BRCA2 mutations in young women with breast cancer undergoing breast-conservation therapy. Am J Surg 2006;192:58-62.",http://www.ncbi.nlm.nih.gov/pubmed/16769276,"Risk factors, such as a family history of breast cancer or a genetic predisposition for breast cancer (ie, BRCA1/2 or other cancer-predisposing mutation), are more likely to exist in the population of young patients with breast cancer, thereby confounding the independent contributions of age and tre"
122,14770422,,2004,surgery / reconstruction,"Invasive Breast Cancer > Locoregional Treatment of cT1-3, cN0 or cN+, M0 Disease > Surgery > Mastectomy",,1,141,"Kroman N, Holtveg H, Wohlfahrt J, et al. Effect of breast-conserving therapy versus radical mastectomy on prognosis for young women with breast carcinoma. Cancer 2004;100:688-693.",http://www.ncbi.nlm.nih.gov/pubmed/14770422,"With respect to OS outcomes for young patients with breast cancer, BCT or mastectomy are similar."
123,18465335,,2008,surgery / reconstruction,"Invasive Breast Cancer > Locoregional Treatment of cT1-3, cN0 or cN+, M0 Disease > Surgery > Mastectomy",,1,141,"Blichert-Toft M, Nielsen M, During M, et al. Long-term results of breast conserving surgery vs. mastectomy for early stage invasive breast cancer: 20-year follow-up of the Danish randomized DBCG-82TM protocol. Acta Oncol 2008;47:672-681.",http://www.ncbi.nlm.nih.gov/pubmed/18465335,"With respect to OS outcomes for young patients with breast cancer, BCT or mastectomy are similar."
124,22373563,,2012,surgery / reconstruction,"Invasive Breast Cancer > Locoregional Treatment of cT1-3, cN0 or cN+, M0 Disease > Surgery > Mastectomy",,1,141,"Litiere S, Werutsky G, Fentiman IS, et al. Breast conserving therapy versus mastectomy for stage I-II breast cancer: 20 year follow-up of the EORTC 10801 phase 3 randomised trial. Lancet Oncol 2012;13:412- 419.",http://www.ncbi.nlm.nih.gov/pubmed/22373563,"With respect to OS outcomes for young patients with breast cancer, BCT or mastectomy are similar."
125,24429935,,2014,surgery / reconstruction,"Invasive Breast Cancer > Locoregional Treatment of cT1-3, cN0 or cN+, M0 Disease > Surgery > Mastectomy",,1,141,"Agarwal S, Pappas L, Neumayer L, et al. Effect of breast conservation therapy vs mastectomy on disease-specific survival for early-stage breast cancer. JAMA Surg 2014;149:267-274.",http://www.ncbi.nlm.nih.gov/pubmed/24429935,Some studies have shown improved survival
126,23359049,,2013,surgery / reconstruction,"Invasive Breast Cancer > Locoregional Treatment of cT1-3, cN0 or cN+, M0 Disease > Surgery > Mastectomy",,1,141,"Hwang ES, Lichtensztajn DY, Gomez SL, et al. Survival after lumpectomy and mastectomy for early stage invasive breast cancer: the effect of age and hormone receptor status. Cancer 2013;119:1402-1411.",http://www.ncbi.nlm.nih.gov/pubmed/23359049,Some studies have shown improved survival
127,25743325,,1998,surgery / reconstruction,"Invasive Breast Cancer > Locoregional Treatment of cT1-3, cN0 or cN+, M0 Disease > Surgery > Mastectomy",,1,141,"Hartmann-Johnsen OJ, Karesen R, Schlichting E, Nygard JF. Survival is better after breast conserving therapy than mastectomy for early stage breast cancer: A registry-based follow-up study of Norwegian women Primary operated between 1998 and 2008. Ann Surg Oncol 2015;22:3836-3845.",http://www.ncbi.nlm.nih.gov/pubmed/25743325,Some studies have shown improved survival
128,,,2015,surgery / reconstruction,"Invasive Breast Cancer > Locoregional Treatment of cT1-3, cN0 or cN+, M0 Disease > Surgery > Mastectomy",,1,141,"Chatterjee A, Pyfer B, Czerniecki B, et al. Early postoperative outcomes in lumpectomy versus simple mastectomy. J Surg Res 2015;198:143-148.",,Some studies have shown improved survival and fewer post-surgical complications
129,19224834,,2009,surgery / reconstruction,"Invasive Breast Cancer > Locoregional Treatment of cT1-3, cN0 or cN+, M0 Disease > Surgery > Mastectomy",,1,141,Recht A. Contralateral prophylactic mastectomy: caveat emptor. J Clin Oncol 2009;27:1347-1349.,http://www.ncbi.nlm.nih.gov/pubmed/19224834,Only limited data are available on the survival impact of risk-reducing contralateral mastectomy in patients with a unilateral breast cancer.
130,20185801,,2010,surgery / reconstruction,"Invasive Breast Cancer > Locoregional Treatment of cT1-3, cN0 or cN+, M0 Disease > Surgery > Mastectomy",,2,141,"Bedrosian I, Hu CY, Chang GJ. Population-based study of contralateral prophylactic mastectomy and survival outcomes of breast cancer patients. J Natl Cancer Inst 2010;102:401-409.",http://www.ncbi.nlm.nih.gov/pubmed/20185801,base treated with mastectomy for a unilateral breast cancer from 1998 to 2003 showed that contralateral risk-reducing mastectomy performed at the time of treatment of a unilateral cancer was associated with a reduction in breast cancer-specific mortality only in the population of young patients (18-
131,25301088,,2014,surgery / reconstruction,"Invasive Breast Cancer > Locoregional Treatment of cT1-3, cN0 or cN+, M0 Disease > Surgery > Mastectomy",,1,141,"Jatoi I, Parsons HM. Contralateral prophylactic mastectomy and its association with reduced mortality: evidence for selection bias. Breast Cancer Res Treat 2014;148:389-396.",http://www.ncbi.nlm.nih.gov/pubmed/25301088,These differences observed in retrospective analysis could be due to selection bias among patients who chose risk-reducing contralateral mastectomy.
132,25031308,,2014,surgery / reconstruction,"Invasive Breast Cancer > Locoregional Treatment of cT1-3, cN0 or cN+, M0 Disease > Surgery > Mastectomy",,1,141,"Portschy PR, Kuntz KM, Tuttle TM. Survival outcomes after contralateral prophylactic mastectomy: a decision analysis. J Natl Cancer Inst 2014;106.",http://www.ncbi.nlm.nih.gov/pubmed/25031308,"A statistical simulation of survival outcomes after risk- reducing contralateral mastectomy among patients with stage I or II breast cancer with no BRCA mutation found that the absolute 20-year survival benefit from risk-reducing contralateral mastectomy was <1% among all age, ER status, and cancer "
133,24950272,,2014,surgery / reconstruction,"Invasive Breast Cancer > Locoregional Treatment of cT1-3, cN0 or cN+, M0 Disease > Surgery > Mastectomy",,2,141,"Fayanju OM, Stoll CR, Fowler S, et al. Contralateral prophylactic mastectomy after unilateral breast cancer: a systematic review and meta-analysis. Ann Surg 2014;260:1000-1010.",http://www.ncbi.nlm.nih.gov/pubmed/24950272,Data from another meta-analysis found no absolute reduction in risk of distant metastases with risk-reducing mastectomy.
134,24516019,,2014,surgery / reconstruction,"Invasive Breast Cancer > Locoregional Treatment of cT1-3, cN0 or cN+, M0 Disease > Surgery > Mastectomy",,1,141,"Moran MS, Schnitt SJ, Giuliano AE, et al. Society of Surgical Oncology-American Society for Radiation Oncology consensus guideline on margins for breast-conserving surgery with whole-breast irradiation in stages I and II invasive breast cancer. J Clin Oncol 2014;32:1507-1515.",http://www.ncbi.nlm.nih.gov/pubmed/24516019,The NCCN Panel accepts the most recent definition outlined in the guidelines established by the SSO/ASTRO as the standard for negative surgical margins for invasive cancer.
135,1515262,,1992,surgery / reconstruction,"Invasive Breast Cancer > Locoregional Treatment of cT1-3, cN0 or cN+, M0 Disease > Surgery > Mastectomy",,1,142,"Axelsson CK, Mouridsen HT, Zedeler K. Axillary dissection of level I and II lymph nodes is important in breast cancer classification. The Danish Breast Cancer Cooperative Group (DBCG). Eur J Cancer 1992;28A:1415-1418.",http://www.ncbi.nlm.nih.gov/pubmed/1515262,Traditional level I and level II ALNDs require that at least 10 lymph nodes be provided for pathologic evaluation to accurately stage the axilla.
136,1568171,,1992,surgery / reconstruction,"Invasive Breast Cancer > Locoregional Treatment of cT1-3, cN0 or cN+, M0 Disease > Surgery > Mastectomy",,1,142,"Kiricuta CI, Tausch J. A mathematical model of axillary lymph node involvement based on 1446 complete axillary dissections in patients with breast carcinoma. Cancer 1992;69:2496-2501.",http://www.ncbi.nlm.nih.gov/pubmed/1568171,Traditional level I and level II ALNDs require that at least 10 lymph nodes be provided for pathologic evaluation to accurately stage the axilla.
137,10359351,,1999,surgery / reconstruction,"Invasive Breast Cancer > Locoregional Treatment of cT1-3, cN0 or cN+, M0 Disease > Surgery > Mastectomy",,1,142,"Bland KI, Scott-Conner CE, Menck H, Winchester DP. Axillary dissection in breast-conserving surgery for stage I and II breast cancer: a National Cancer Data Base study of patterns of omission and implications for survival. J Am Coll Surg 1999;188:586-595; discussion 595-586.",https://www.ncbi.nlm.nih.gov/pubmed/10359351,"Historically, ALND has been the standard of care for axillary staging."
138,18029105,,2008,surgery / reconstruction,"Invasive Breast Cancer > Locoregional Treatment of cT1-3, cN0 or cN+, M0 Disease > Surgery > Mastectomy",,1,142,"Deutsch M, Land S, Begovic M, Sharif S. The incidence of arm edema in women with breast cancer randomized on the National Surgical Adjuvant Breast and Bowel Project study B-04 to radical mastectomy versus total mastectomy and radiotherapy versus total mastectomy alone. Int J Radiat Oncol Biol Phys 2008;70:1020-1024.",https://www.ncbi.nlm.nih.gov/pubmed/18029105,"However, ALND is associated with lymphedema and other significant morbidities."
139,16163445,,2006,surgery / reconstruction,"Invasive Breast Cancer > Locoregional Treatment of cT1-3, cN0 or cN+, M0 Disease > Surgery > Mastectomy",,1,142,"Fleissig A, Fallowfield LJ, Langridge CI, et al. Post-operative arm morbidity and quality of life. Results of the ALMANAC randomised trial comparing sentinel node biopsy with standard axillary treatment in the management of patients with early breast cancer. Breast Cancer Res Treat 2006;95:279-293.",https://www.ncbi.nlm.nih.gov/pubmed/16163445,"However, ALND is associated with lymphedema and other significant morbidities."
140,17485711,,2007,surgery / reconstruction,"Invasive Breast Cancer > Locoregional Treatment of cT1-3, cN0 or cN+, M0 Disease > Surgery > Mastectomy",,1,142,"Lucci A, McCall LM, Beitsch PD, et al. Surgical complications associated with sentinel lymph node dissection (SLND) plus axillary lymph node dissection compared with SLND alone in the American College of Surgeons Oncology Group Trial Z0011. J Clin Oncol 2007;25:3657-3663.",https://www.ncbi.nlm.nih.gov/pubmed/17485711,"However, ALND is associated with lymphedema and other significant morbidities."
141,21791687,,2011,surgery / reconstruction,"Invasive Breast Cancer > Locoregional Treatment of cT1-3, cN0 or cN+, M0 Disease > Surgery > Mastectomy",,1,142,"Giuliano AE, Hawes D, Ballman KV, et al. Association of occult metastases in sentinel lymph nodes and bone marrow with survival among women with early-stage invasive breast cancer. JAMA 2011;306:385-393.",http://www.ncbi.nlm.nih.gov/pubmed/21791687,This recommendation is further supported by a randomized clinical trial (ACOSOG Z0010) for patients with H&E negative nodes where further examination by cytokeratin IHC was not associated with improved OS over a median of 6.3 years.
142,12904519,,2003,surgery / reconstruction,"Invasive Breast Cancer > Locoregional Treatment of cT1-3, cN0 or cN+, M0 Disease > Surgery > Mastectomy",,1,143,"Veronesi U, Paganelli G, Viale G, et al. A randomized comparison of sentinel-node biopsy with routine axillary dissection in breast cancer. N Engl J Med 2003;349:546-553.",http://www.ncbi.nlm.nih.gov/pubmed/12904519,"The Milan trial (1998-1999) randomized 516 patients treated with BCS with tumors ≤2 cm to two arms, one receiving immediate axillary dissection and the other receiving the dissection only if the sentinel node was involved."
143,,10.1016/S1470-2045(06)70947-0,2006,surgery / reconstruction,"Invasive Breast Cancer > Locoregional Treatment of cT1-3, cN0 or cN+, M0 Disease > Surgery > Mastectomy",,1,143,"Veronesi U, Paganelli G, Viale G, et al. Sentinel-lymph-node biopsy as a staging procedure in breast cancer: update of a randomised controlled study. Lancet Oncol 2006;7:983-990.",https://doi.org/10.1016/S1470-2045(06)70947-0,"After 79 months of follow-up, there was no difference in OS and DFS."
144,15023753,,2004,surgery / reconstruction,"Invasive Breast Cancer > Locoregional Treatment of cT1-3, cN0 or cN+, M0 Disease > Surgery > Mastectomy",,1,143,"Krag DN, Julian TB, Harlow SP, et al. NSABP-32: Phase III, randomized trial comparing axillary resection with sentinal lymph node dissection: a description of the trial. Ann Surg Oncol 2004;11:208S- 210S.",https://www.ncbi.nlm.nih.gov/pubmed/15023753,"Another similar study, NSABP B-32, conducted between 1999 and 2004, randomized 5611 patients with invasive breast cancer ≤2 cm to either ALND or SLNB alone with ALND performed only if the SLN was positive."
145,20679600,,2010,surgery / reconstruction,"Invasive Breast Cancer > Locoregional Treatment of cT1-3, cN0 or cN+, M0 Disease > Surgery > Mastectomy",,1,143,"Land SR, Kopec JA, Julian TB, et al. Patient-reported outcomes in sentinel node-negative adjuvant breast cancer patients receiving sentinel-node biopsy or axillary dissection: National Surgical Adjuvant Breast and Bowel Project phase III protocol B-32. J Clin Oncol 2010;28:3929-3936.",https://www.ncbi.nlm.nih.gov/pubmed/20679600,Results of a subgroup analysis of this study showed patients with ALND had significantly higher arm morbidity and significantly more restricted work and social activity and impaired QOL.
146,20648579,,2010,surgery / reconstruction,"Invasive Breast Cancer > Locoregional Treatment of cT1-3, cN0 or cN+, M0 Disease > Surgery > Mastectomy",,1,143,"Ashikaga T, Krag DN, Land SR, et al. Morbidity results from the NSABP B-32 trial comparing sentinel lymph node dissection versus axillary dissection. J Surg Oncol 2010;102:111-118.",https://www.ncbi.nlm.nih.gov/pubmed/20648579,Results of a subgroup analysis of this study showed patients with ALND had significantly higher arm morbidity and significantly more restricted work and social activity and impaired QOL.
147,16670385,,2006,surgery / reconstruction,"Invasive Breast Cancer > Locoregional Treatment of cT1-3, cN0 or cN+, M0 Disease > Surgery > Mastectomy",,1,143,"Mansel RE, Fallowfield L, Kissin M, et al. Randomized multicenter trial of sentinel node biopsy versus standard axillary treatment in operable breast cancer: the ALMANAC Trial. J Natl Cancer Inst 2006;98:599-609.",http://www.ncbi.nlm.nih.gov/pubmed/16670385,The ALMANAC trial studied the QOL in patients (n= 1031) with SLNB versus ALND.
148,19050973,,2009,surgery / reconstruction,"Invasive Breast Cancer > Locoregional Treatment of cT1-3, cN0 or cN+, M0 Disease > Surgery > Mastectomy",,1,143,"Gill G, Surgeons STGotRACo, Centre NCT. Sentinel-lymph-node- based management or routine axillary clearance? One-year outcomes of sentinel node biopsy versus axillary clearance (SNAC): a randomized controlled surgical trial. Ann Surg Oncol 2009;16:266-275.",https://www.ncbi.nlm.nih.gov/pubmed/19050973,"Operative time, drainage use, hospitalization, and resumption of normal life were much longer in ALND compared to the SLNB group. The SNAC trial"
149,17928226,,2008,surgery / reconstruction,"Invasive Breast Cancer > Locoregional Treatment of cT1-3, cN0 or cN+, M0 Disease > Surgery > Mastectomy",,1,143,"Husted Madsen A, Haugaard K, Soerensen J, et al. Arm morbidity following sentinel lymph node biopsy or axillary lymph node dissection: a study from the Danish Breast Cancer Cooperative Group. Breast 2008;17:138-147.",https://www.ncbi.nlm.nih.gov/pubmed/17928226,The SNAC trial and the DBCCG trial
150,20739842,,2010,surgery / reconstruction,"Invasive Breast Cancer > Locoregional Treatment of cT1-3, cN0 or cN+, M0 Disease > Surgery > Mastectomy",,1,143,"Giuliano AE, McCall L, Beitsch P, et al. Locoregional recurrence after sentinel lymph node dissection with or without axillary dissection in patients with sentinel lymph node metastases: the American College of Surgeons Oncology Group Z0011 randomized trial. Ann Surg 2010;252:426-432; discussion 432-423.",http://www.ncbi.nlm.nih.gov/pubmed/20739842,"Only ER-negative status, age <50 years, and lack of adjuvant systemic therapy were associated with decreased OS."
151,21304082,,2011,surgery / reconstruction,"Invasive Breast Cancer > Locoregional Treatment of cT1-3, cN0 or cN+, M0 Disease > Surgery > Mastectomy",,1,143,"Giuliano AE, Hunt KK, Ballman KV, et al. Axillary dissection vs no axillary dissection in women with invasive breast cancer and sentinel node metastasis: a randomized clinical trial. JAMA 2011;305:569-575.",http://www.ncbi.nlm.nih.gov/pubmed/21304082,Median OS was approximately 92% in each group.
152,27513155,,2016,surgery / reconstruction,"Invasive Breast Cancer > Locoregional Treatment of cT1-3, cN0 or cN+, M0 Disease > Surgery > Mastectomy",,3,143,"Giuliano AE, Ballman K, McCall L, et al. Locoregional recurrence after sentinel lymph node dissection with or without axillary dissection in patients with sentinel lymph node metastases: Long-term follow-up from the American College of Surgeons Oncology Group (Alliance) ACOSOG Z0011 randomized trial. Ann Surg 2016;264:413-420.",https://pubmed.ncbi.nlm.nih.gov/27513155,Long-term follow-up (median 9.25 years) results of the ACOSOG Z0011 study showed no statistically significant difference in local recurrence-free survival (RFS) between trial arms (P = .13).
153,23491275,,2013,surgery / reconstruction,"Invasive Breast Cancer > Locoregional Treatment of cT1-3, cN0 or cN+, M0 Disease > Surgery > Mastectomy",,4,143,"Galimberti V, Cole BF, Zurrida S, et al. Axillary dissection versus no axillary dissection in patients with sentinel-node micrometastases (IBCSG 23-01): a phase 3 randomised controlled trial. Lancet Oncol 2013;14:297-305.",https://www.ncbi.nlm.nih.gov/pubmed/23491275,Another randomized trial (IBCSG 23-01) was specifically designed to compare outcomes in patients with sentinel micrometastases (≤2 mm) treated with ALND versus no ALND.
154,25439688,,2014,surgery / reconstruction,"Invasive Breast Cancer > Locoregional Treatment of cT1-3, cN0 or cN+, M0 Disease > Surgery > Mastectomy",,5,144,"Donker M, van Tienhoven G, Straver ME, et al. Radiotherapy or surgery of the axilla after a positive sentinel node in breast cancer (EORTC 10981-22023 AMAROS): a randomised, multicentre, open- label, phase 3 non-inferiority trial. Lancet Oncol 2014;15:1303-1310.",https://www.ncbi.nlm.nih.gov/pubmed/25439688,The results of a trial by the European EORTC group (AMAROS) assessed whether axillary RT provides regional control with fewer side effects compared with ALND.
155,,,2019,surgery / reconstruction,"Invasive Breast Cancer > Locoregional Treatment of cT1-3, cN0 or cN+, M0 Disease > Surgery > Mastectomy",,1,144,"Rutgers E, Donker M, Poncet C, et al. Abstract GS4-01: Radiotherapy or surgery of the axilla after a positive sentinel node in breast cancer patients: 10 year follow up results of the EORTC AMAROS trial (EORTC 10981/22023). Cancer Research 2019;79:GS4-01.",,The axillary recurrence with axillary RT was 1.8% versus 0.93% with ALND.
156,28139362,,2017,surgery / reconstruction,"Invasive Breast Cancer > Locoregional Treatment of cT1-3, cN0 or cN+, M0 Disease > Surgery > Mastectomy",,2,144,"Savolt A, Peley G, Polgar C, et al. Eight-year follow up result of the OTOASOR trial: The Optimal Treatment Of the Axilla - Surgery Or Radiotherapy after positive sentinel lymph node biopsy in early-stage breast cancer: A randomized, single centre, phase III, non-inferiority trial. Eur J Surg Oncol 2017;43:672-679.",https://www.ncbi.nlm.nih.gov/pubmed/28139362,The OTOASAR trial was designed similarly to the AMAROS trial; patients (n = 2100) with tumors ≤3.0 cm who were clinically node negative were randomized to receive either ALND or axillary RT if they had 1 to 2 positive SLNs.
157,23683750,,2013,surgery / reconstruction,"Invasive Breast Cancer > Locoregional Treatment of cT1-3, cN0 or cN+, M0 Disease > Surgery > Mastectomy",,1,144,"Kuehn T, Bauerfeind I, Fehm T, et al. Sentinel-lymph-node biopsy in patients with breast cancer before and after neoadjuvant chemotherapy (SENTINA): a prospective, multicentre cohort study. Lancet Oncol 2013;14:609-618.",http://www.ncbi.nlm.nih.gov/pubmed/23683750,"The results of these studies have shown that in those with node-positive disease prior to preoperative systemic therapy, SLNB has a >10% false- negative rate when performed after preoperative systemic therapy. In the SENTINA study,"
158,,,2013,surgery / reconstruction,"Invasive Breast Cancer > Locoregional Treatment of cT1-3, cN0 or cN+, M0 Disease > Surgery > Mastectomy",,1,144,"Boughey JC, Suman VJ, Mittendorf EA, et al. Sentinel lymph node surgery after neoadjuvant chemotherapy in patients with node-positive breast cancer: the ACOSOG Z1071 (Alliance) clinical trial. Jama 2013;310:1455-1461.",,"In the ACOSOG-Z1071 trial,"
159,25452445,,2015,surgery / reconstruction,"Invasive Breast Cancer > Locoregional Treatment of cT1-3, cN0 or cN+, M0 Disease > Surgery > Mastectomy",,1,144,"Boileau JF, Poirier B, Basik M, et al. Sentinel node biopsy after neoadjuvant chemotherapy in biopsy-proven node-positive breast cancer: the SN FNAC study. J Clin Oncol 2015;33:258-264.",https://www.ncbi.nlm.nih.gov/pubmed/25452445,"In the ACOSOG-Z1071 trial, the false-negative rate was 12.6% and in the SN FNAC trial,"
160,26649589,,2016,surgery / reconstruction,"Invasive Breast Cancer > Locoregional Treatment of cT1-3, cN0 or cN+, M0 Disease > Surgery > Mastectomy",,1,144,"Boughey JC, Ballman KV, Le-Petross HT, et al. Identification and resection of clipped node decreases the false-negative rate of sentinel lymph node surgery in patients presenting with node-positive breast bancer (T0-T4, N1-N2) who receive neoadjuvant chemotherapy: results from ACOSOG Z1071 (Alliance). Ann Surg 2016;263:802-807.",https://www.ncbi.nlm.nih.gov/pubmed/26649589,A subgroup analysis of the ACOSOG Z1071 trial showed lower false- negative rates in patients who had a clip placed in the positive lymph nodes at the time of initial biopsy followed by removal of the clipped node during SLN surgery after preoperative systemic therapy.
161,26811528,,2016,surgery / reconstruction,"Invasive Breast Cancer > Locoregional Treatment of cT1-3, cN0 or cN+, M0 Disease > Surgery > Mastectomy",,1,144,"Caudle AS, Yang WT, Krishnamurthy S, et al. Improved axillary evaluation following neoadjuvant therapy for patients with node-positive breast cancer using selective evaluation of clipped nodes: Implementation of targeted axillary dissection. J Clin Oncol 2016;34:1072-1078.",http://www.ncbi.nlm.nih.gov/pubmed/26811528,"A another study of selective localization and removal of clipped nodes with SLNB, known as targeted axillary dissection (TAD), showed false-negative rates reduced to approximately 2% compared with 4% with removal of the clipped lymph node alone."
162,,,2010,surgery / reconstruction,"Invasive Breast Cancer > Locoregional Treatment of cT1-3, cN0 or cN+, M0 Disease > Surgery > Mastectomy",,1,145,"American Joint Committee on Cancer (AJCC) Cancer staging manual, Seventh Edition (2010) published by Springer Science+Business Media, LLC",,"According to the American Joint Committee on Cancer (AJCC) staging, micrometastatic nodal involvement is defined as a metastatic deposit or >0.2 mm but ≤2.0 mm."
163,26811550,,2015,surgery / reconstruction,"Invasive Breast Cancer > Locoregional Treatment of cT1-3, cN0 or cN+, M0 Disease > Surgery > Mastectomy",,1,145,"Rocha RD, Girardi AR, Pinto RR, de Freitas VA. Axillary ultrasound and fine-needle aspiration in preoperative staging of axillary lymph nodes in patients with invasive breast cancer. Radiol Bras 2015;48:345-352.",http://www.ncbi.nlm.nih.gov/pubmed/26811550,"In patients with clinically suspicious (palpable) lymph nodes or 3 or more suspicious lymph nodes on imaging, or if preoperative systemic therapy is being considered for patients with suspicious lymph nodes at diagnosis on examination or imaging, the Panel recommends pathologic confirmation of malig"
164,24044803,,2013,radiation oncology,"Invasive Breast Cancer > Locoregional Treatment of cT1-3, cN0 or cN+, M0 Disease > Radiation Therapy > Principles of Radiation Therapy",,1,145,"Mulliez T, Veldeman L, van Greveling A, et al. Hypofractionated whole breast irradiation for patients with large breasts: a randomized trial comparing prone and supine positions. Radiother Oncol 2013;108:203- 208.",http://www.ncbi.nlm.nih.gov/pubmed/24044803,"Respiratory control techniques including deep inspiration breath-hold and prone positioning may be used to try to further reduce dose to adjacent normal tissues, particularly the heart and lung."
165,17126434,,2007,radiation oncology,"Invasive Breast Cancer > Locoregional Treatment of cT1-3, cN0 or cN+, M0 Disease > Radiation Therapy > Principles of Radiation Therapy > Whole Breast Radiation Therapy",,1,146,"Antonini N, Jones H, Horiot JC, et al. Effect of age and radiation dose on local control after breast conserving treatment: EORTC trial 22881-10882. Radiother Oncol 2007;82:265-271.",http://www.ncbi.nlm.nih.gov/pubmed/17126434,"Randomized trials have demonstrated decreased in-breast recurrences with an additional boost dose of radiation (by photons, brachytherapy, or electron beam) to the tumor bed."
166,11794170,,2001,radiation oncology,"Invasive Breast Cancer > Locoregional Treatment of cT1-3, cN0 or cN+, M0 Disease > Radiation Therapy > Principles of Radiation Therapy > Whole Breast Radiation Therapy",,2,146,"Bartelink H, Horiot JC, Poortmans P, et al. Recurrence rates after treatment of breast cancer with standard radiotherapy with or without additional radiation. N Engl J Med 2001;345:1378-1387.",http://www.ncbi.nlm.nih.gov/pubmed/11794170,"Randomized trials have demonstrated decreased in-breast recurrences with an additional boost dose of radiation (by photons, brachytherapy, or electron beam) to the tumor bed."
167,18285602,,2008,radiation oncology,"Invasive Breast Cancer > Locoregional Treatment of cT1-3, cN0 or cN+, M0 Disease > Radiation Therapy > Principles of Radiation Therapy > Whole Breast Radiation Therapy",,1,146,"Pignol JP, Olivotto I, Rakovitch E, et al. A multicenter randomized trial of breast intensity-modulated radiation therapy to reduce acute radiation dermatitis. J Clin Oncol 2008;26:2085-2092.",http://www.ncbi.nlm.nih.gov/pubmed/18285602,"For greater homogeneity of target dose and to spare normal tissues using compensators such as tissue wedges, forward planning using segments and IMRT may be used."
168,24043742,,2013,radiation oncology,"Invasive Breast Cancer > Locoregional Treatment of cT1-3, cN0 or cN+, M0 Disease > Radiation Therapy > Principles of Radiation Therapy > Whole Breast Radiation Therapy",,1,146,"Mukesh MB, Barnett GC, Wilkinson JS, et al. Randomized controlled trial of intensity-modulated radiotherapy for early breast cancer: 5-year results confirm superior overall cosmesis. J Clin Oncol 2013;31:4488-4495.",http://www.ncbi.nlm.nih.gov/pubmed/24043742,"For greater homogeneity of target dose and to spare normal tissues using compensators such as tissue wedges, forward planning using segments and IMRT may be used."
169,18355913,,2008,radiation oncology,"Invasive Breast Cancer > Locoregional Treatment of cT1-3, cN0 or cN+, M0 Disease > Radiation Therapy > Principles of Radiation Therapy > Whole Breast Radiation Therapy",,1,146,"Group ST, Bentzen SM, Agrawal RK, et al. The UK Standardisation of Breast Radiotherapy (START) Trial B of radiotherapy hypofractionation for treatment of early breast cancer: a randomised trial. Lancet 2008;371:1098-1107.",http://www.ncbi.nlm.nih.gov/pubmed/18355913,Four randomized clinical trials have investigated hypofractionated WBRT schedules (39-42.9 Gy in single fractions of 2.6-3.3 Gy) compared to standard 50 Gy in single fractions of 2 Gy.
170,18356109,,2008,radiation oncology,"Invasive Breast Cancer > Locoregional Treatment of cT1-3, cN0 or cN+, M0 Disease > Radiation Therapy > Principles of Radiation Therapy > Whole Breast Radiation Therapy",,1,146,"Group ST, Bentzen SM, Agrawal RK, et al. The UK Standardisation of Breast Radiotherapy (START) Trial A of radiotherapy hypofractionation for treatment of early breast cancer: a randomised trial. Lancet Oncol 2008;9:331-341.",http://www.ncbi.nlm.nih.gov/pubmed/18356109,Four randomized clinical trials have investigated hypofractionated WBRT schedules (39-42.9 Gy in single fractions of 2.6-3.3 Gy) compared to standard 50 Gy in single fractions of 2 Gy.
171,16750496,,2006,radiation oncology,"Invasive Breast Cancer > Locoregional Treatment of cT1-3, cN0 or cN+, M0 Disease > Radiation Therapy > Principles of Radiation Therapy > Whole Breast Radiation Therapy",,1,146,"Owen JR, Ashton A, Bliss JM, et al. Effect of radiotherapy fraction size on tumour control in patients with early-stage breast cancer after local tumour excision: long-term results of a randomised trial. Lancet Oncol 2006;7:467-471.",http://www.ncbi.nlm.nih.gov/pubmed/16750496,Four randomized clinical trials have investigated hypofractionated WBRT schedules (39-42.9 Gy in single fractions of 2.6-3.3 Gy) compared to standard 50 Gy in single fractions of 2 Gy.
172,20147717,,2010,radiation oncology,"Invasive Breast Cancer > Locoregional Treatment of cT1-3, cN0 or cN+, M0 Disease > Radiation Therapy > Principles of Radiation Therapy > Whole Breast Radiation Therapy",,3,146,"Whelan TJ, Pignol JP, Levine MN, et al. Long-term results of hypofractionated radiation therapy for breast cancer. N Engl J Med 2010;362:513-520.",http://www.ncbi.nlm.nih.gov/pubmed/20147717,Four randomized clinical trials have investigated hypofractionated WBRT schedules (39-42.9 Gy in single fractions of 2.6-3.3 Gy) compared to standard 50 Gy in single fractions of 2 Gy.
173,24055415,,2013,radiation oncology,"Invasive Breast Cancer > Locoregional Treatment of cT1-3, cN0 or cN+, M0 Disease > Radiation Therapy > Principles of Radiation Therapy > Whole Breast Radiation Therapy",,4,"146,147","Haviland JS, Owen JR, Dewar JA, et al. The UK Standardisation of Breast Radiotherapy (START) trials of radiotherapy hypofractionation for treatment of early breast cancer: 10-year follow-up results of two randomised controlled trials. Lancet Oncol 2013;14:1086-1094.",http://www.ncbi.nlm.nih.gov/pubmed/24055415,The 10-year follow-up data from the START trials
174,32910709,,2020,radiation oncology,"Invasive Breast Cancer > Locoregional Treatment of cT1-3, cN0 or cN+, M0 Disease > Radiation Therapy > Principles of Radiation Therapy > Whole Breast Radiation Therapy",,1,146,"Offersen BV, Alsner J, Nielsen HM, et al. Hypofractionated versus standard fractionated radiotherapy in patients with early breast cancer or ductal carcinoma in situ in a randomized phase III trial: The DBCG HYPO trial. J Clin Oncol 2020;38:3615-3625.",https://www.ncbi.nlm.nih.gov/pubmed/32910709,Another randomized trial showed similar outcomes among patients receiving a hypofractionated schedule (40 Gy in 15 fractions) compared with standard fractionation (50 Gy in 25 fractions) in patients (n = 1854) with node-negative breast cancer (n = 1608) or DCIS (n = 246).
175,32663119,,2020,"in list, never cited",,,0,,"Brunt AM, Haviland JS, Sydenham M, et al. Ten-year results of FAST: A randomized controlled trial of 5-fraction whole-breast radiotherapy for early breast cancer. J Clin Oncol 2020;38:3261-3272.",https://www.ncbi.nlm.nih.gov/pubmed/32663119,
176,32580883,,2020,"in list, never cited",,,0,,"Murray Brunt A, Haviland JS, Wheatley DA, et al. Hypofractionated breast radiotherapy for 1 week versus 3 weeks (FAST-Forward): 5-year efficacy and late normal tissue effects results from a multicentre, non- inferiority, randomised, phase 3 trial. Lancet 2020;395:1613-1626.",https://www.ncbi.nlm.nih.gov/pubmed/32580883,
177,10869738,,2000,radiation oncology,"Invasive Breast Cancer > Locoregional Treatment of cT1-3, cN0 or cN+, M0 Disease > Radiation Therapy > Principles of Radiation Therapy > Whole Breast Radiation Therapy",,1,146,"Vrieling C, Collette L, Fourquet A, et al. The influence of patient, tumor and treatment factors on the cosmetic results after breast- conserving therapy in the EORTC 'boost vs. no boost' trial. EORTC Radiotherapy and Breast Cancer Cooperative Groups. Radiother Oncol 2000;55:219-232.",http://www.ncbi.nlm.nih.gov/pubmed/10869738,
178,19720914,,2009,radiation oncology,"Invasive Breast Cancer > Locoregional Treatment of cT1-3, cN0 or cN+, M0 Disease > Radiation Therapy > Principles of Radiation Therapy > Whole Breast Radiation Therapy",,1,146,"Jones HA, Antonini N, Hart AA, et al. Impact of pathological characteristics on local relapse after breast-conserving therapy: a subgroup analysis of the EORTC boost versus no boost trial. J Clin Oncol 2009;27:4939-4947.",http://www.ncbi.nlm.nih.gov/pubmed/19720914,
179,27607734,,2017,radiation oncology,"Invasive Breast Cancer > Locoregional Treatment of cT1-3, cN0 or cN+, M0 Disease > Radiation Therapy > Principles of Radiation Therapy > Whole Breast Radiation Therapy",,1,146,"Vrieling C, van Werkhoven E, Maingon P, et al. Prognostic factors for local control in breast cancer after long-term follow-up in the EORTC boost vs no boost trial: A randomized clinical trial. JAMA Oncol 2017;3:42-48.",https://www.ncbi.nlm.nih.gov/pubmed/27607734,
180,11232945,,2001,radiation oncology,"Invasive Breast Cancer > Locoregional Treatment of cT1-3, cN0 or cN+, M0 Disease > Radiation Therapy > Principles of Radiation Therapy > Whole Breast Radiation Therapy",,1,146,"Frazier RC, Kestin LL, Kini V, et al. Impact of boost technique on outcome in early-stage breast cancer patients treated with breast- conserving therapy. Am J Clin Oncol 2001;24:26-32.",https://www.ncbi.nlm.nih.gov/pubmed/11232945,"RT boost treatment in the setting of breast conservation can be delivered using enface electrons, photons, or brachytherapy."
181,26200977,,2015,radiation oncology,"Invasive Breast Cancer > Locoregional Treatment of cT1-3, cN0 or cN+, M0 Disease > Radiation Therapy > Principles of Radiation Therapy > Regional Nodal Irradiation",NCCN Recommendations for Chest Wall Radiation:,5,"147,149","Whelan TJ, Olivotto IA, Parulekar WR, et al. Regional nodal irradiation in early-stage breast cancer. N Engl J Med 2015;373:307- 316.",http://www.ncbi.nlm.nih.gov/pubmed/26200977,"In MA.20, regional recurrences were reduced from 2.7% with breast irradiation only to 0.7% with the addition of nodal irradiation."
182,,10.1056/NEJMoa1415369,2015,radiation oncology,"Invasive Breast Cancer > Locoregional Treatment of cT1-3, cN0 or cN+, M0 Disease > Radiation Therapy > Principles of Radiation Therapy > Regional Nodal Irradiation",NCCN Recommendations for Chest Wall Radiation:,3,"147,149,150","Poortmans PM, Collette S, Kirkove C, et al. Internal mammary and medial supraclavicular irradiation in breast cancer. N Engl J Med 2015;373:317-327.",http://www.nejm.org/doi/full/10.1056/NEJMoa1415369,"In EORTC 22922/10925, regional RT reduced the incidence of regional recurrences from 4.2% to 2.7% and decreased the rate of distant metastases from 19.6% to 15.9% at a median follow-up of 10.9 years."
183,33152277,,2020,radiation oncology,"Invasive Breast Cancer > Locoregional Treatment of cT1-3, cN0 or cN+, M0 Disease > Radiation Therapy > Principles of Radiation Therapy > Regional Nodal Irradiation",NCCN Recommendations for Chest Wall Radiation:,2,"147,149","Poortmans PM, Weltens C, Fortpied C, et al. Internal mammary and medial supraclavicular lymph node chain irradiation in stage I-III breast cancer (EORTC 22922/10925): 15-year results of a randomised, phase 3 trial. Lancet Oncol 2020;21:1602-1610.",https://www.ncbi.nlm.nih.gov/pubmed/33152277,"Results of 15.7 years follow-up showed that breast cancer mortality (19.8% vs. 16%; 95% CI, 0.70-0.94) and breast cancer recurrence (27.1% vs. 24.5%; 95% CI, 0.77%-0.98%) were reduced with internal mammary and medial supraclavicular RT."
184,26383674,,2015,radiation oncology,"Invasive Breast Cancer > Locoregional Treatment of cT1-3, cN0 or cN+, M0 Disease > Radiation Therapy > Principles of Radiation Therapy > Regional Nodal Irradiation",NCCN Recommendation for RNI:,1,147,"Gentile MS, Usman AA, Neuschler EI, et al. Contouring guidelines for the axillary lymph nodes for the delivery of radiation therapy in breast cancer: Evaluation of the RTOG Breast Cancer Atlas. Int J Radiat Oncol Biol Phys 2015;93:257-265.",https://www.ncbi.nlm.nih.gov/pubmed/26383674,"The NCCN Panel therefore recommends contouring the individual nodal basins that are at risk using one of the various breast atlases, to ensure adequate RT coverage."
185,26791404,,2016,radiation oncology,"Invasive Breast Cancer > Locoregional Treatment of cT1-3, cN0 or cN+, M0 Disease > Radiation Therapy > Principles of Radiation Therapy > Regional Nodal Irradiation",NCCN Recommendation for RNI:,1,147,"Offersen BV, Boersma LJ, Kirkove C, et al. ESTRO consensus guideline on target volume delineation for elective radiation therapy of early stage breast cancer, version 1.1. Radiother Oncol 2016;118:205- 208.",https://www.ncbi.nlm.nih.gov/pubmed/26791404,"The NCCN Panel therefore recommends contouring the individual nodal basins that are at risk using one of the various breast atlases, to ensure adequate RT coverage."
186,28779963,,2017,radiation oncology,"Invasive Breast Cancer > Locoregional Treatment of cT1-3, cN0 or cN+, M0 Disease > Radiation Therapy > Principles of Radiation Therapy > Regional Nodal Irradiation",NCCN Recommendation for RNI:,2,148,"Coles CE, Griffin CL, Kirby AM, et al. Partial-breast radiotherapy after breast conservation surgery for patients with early breast cancer (UK IMPORT LOW trial): 5-year results from a multicentre, randomised, controlled, phase 3, non-inferiority trial. Lancet 2017;390:1048-1060.",https://www.ncbi.nlm.nih.gov/pubmed/28779963,"Most of these studies have found that rates of local control in selected patients, with early-stage breast cancer and low risk of recurrence, are equal to those treated with WBRT."
187,32840419,,2020,radiation oncology,"Invasive Breast Cancer > Locoregional Treatment of cT1-3, cN0 or cN+, M0 Disease > Radiation Therapy > Principles of Radiation Therapy > Regional Nodal Irradiation",NCCN Recommendation for RNI:,3,148,"Meattini I, Marrazzo L, Saieva C, et al. Accelerated partial-breast irradiation compared with whole-breast irradiation for early breast cancer: Long-term results of the randomized phase III APBI-IMRT-Florence trial. J Clin Oncol 2020;38:4175-4183.",https://www.ncbi.nlm.nih.gov/pubmed/32840419,"Most of these studies have found that rates of local control in selected patients, with early-stage breast cancer and low risk of recurrence, are equal to those treated with WBRT."
188,33186620,,2021,radiation oncology,"Invasive Breast Cancer > Locoregional Treatment of cT1-3, cN0 or cN+, M0 Disease > Radiation Therapy > Principles of Radiation Therapy > Regional Nodal Irradiation",NCCN Recommendation for RNI:,1,148,"Polgar C, Major T, Takacsi-Nagy Z, Fodor J. Breast-conserving surgery followed by partial or whole breast irradiation: Twenty-year results of a phase 3 clinical study. Int J Radiat Oncol Biol Phys 2021;109:998-1006.",https://www.ncbi.nlm.nih.gov/pubmed/33186620,"Most of these studies have found that rates of local control in selected patients, with early-stage breast cancer and low risk of recurrence, are equal to those treated with WBRT."
189,30532984,,2019,radiation oncology,"Invasive Breast Cancer > Locoregional Treatment of cT1-3, cN0 or cN+, M0 Disease > Radiation Therapy > Principles of Radiation Therapy > Regional Nodal Irradiation",NCCN Recommendation for RNI:,1,148,"Bhattacharya IS, Haviland JS, Kirby AM, et al. Patient-reported outcomes over 5 years after whole- or partial-breast radiotherapy: Longitudinal analysis of the import low (cruk/06/003) phase III randomized controlled trial. J Clin Oncol 2019;37:305-317.",https://www.ncbi.nlm.nih.gov/pubmed/30532984,"For example, the IMPORT-LOW study compared WBRT with partial breast irradiation delivered as 40 Gy in 15 once-daily fractions using reduced-size breast tangents and found less breast firmness, less change in breast appearance, and lower average number of adverse events per person with partial breast"
190,23835717,,2013,radiation oncology,"Invasive Breast Cancer > Locoregional Treatment of cT1-3, cN0 or cN+, M0 Disease > Radiation Therapy > Principles of Radiation Therapy > Regional Nodal Irradiation",NCCN Recommendation for RNI:,1,148,"Olivotto IA, Whelan TJ, Parpia S, et al. Interim cosmetic and toxicity results from RAPID: a randomized trial of accelerated partial breast irradiation using three-dimensional conformal external beam radiation therapy. J Clin Oncol 2013;31:4038-4045.",https://www.ncbi.nlm.nih.gov/pubmed/23835717,"However, the RAPID trial found significantly higher rates of fair/poor cosmetic outcome with 3D conformal APBI delivered as 38.5 Gy in 10 twice-daily fractions."
191,,10.1016/j,2017,radiation oncology,"Invasive Breast Cancer > Locoregional Treatment of cT1-3, cN0 or cN+, M0 Disease > Radiation Therapy > Principles of Radiation Therapy > Regional Nodal Irradiation",NCCN Recommendation for APBI:,1,148,"Correa C, Harris EE, Leonardi MC, et al. Accelerated partial breast irradiation: Executive summary for the update of an ASTRO evidence- based consensus statement. Pract Radiat Oncol 2017;7:73-79.",https://doi.org/10.1016/j.prro.2016.09.007,NCCN Recommendation for APBI: The Panel accepts the updated ASTRO APBI consensus statement for guidance on APBI use.
192,34695841,,2022,radiation oncology,"Invasive Breast Cancer > Locoregional Treatment of cT1-3, cN0 or cN+, M0 Disease > Adjuvant Radiation Therapy After BCS",NCCN Recommendation for APBI:,2,149,"Kim YB, Byun HK, Kim DY, et al. Effect of elective internal mammary node irradiation on disease-free survival in women with node- positive breast cancer: A randomized phase 3 clinical trial. JAMA Oncol 2022;8:96-105.",https://www.ncbi.nlm.nih.gov/pubmed/34695841,"A Korean trial KROG 08-06 studied independent effect on DFS of RT to internal mammary nodes after BCS or mastectomy for node-positive disease,"
193,35394824,,2022,radiation oncology,"Invasive Breast Cancer > Locoregional Treatment of cT1-3, cN0 or cN+, M0 Disease > Adjuvant Radiation Therapy After BCS",,2,149,"Thorsen LBJ, Overgaard J, Matthiessen LW, et al. Internal mammary node irradiation in patients with node-positive early breast cancer: Fifteen-year results from the Danish Breast Cancer Group internal mammary node study. J Clin Oncol 2022:JCO2200044.",https://www.ncbi.nlm.nih.gov/pubmed/35394824,Conflicting data have arisen from the Danish Breast Cancer Cooperative Group that recently reported 15-year follow-up of their study on RT to internal mammary nodes in patients (n = 3089) with positive nodes and early- stage breast cancer.
194,15342805,,2004,radiation oncology,"Invasive Breast Cancer > Locoregional Treatment of cT1-3, cN0 or cN+, M0 Disease > Adjuvant Radiation Therapy After BCS",,1,149,"Hughes KS, Schnaper LA, Berry D, et al. Lumpectomy plus tamoxifen with or without irradiation in women 70 years of age or older with early breast cancer. N Engl J Med 2004;351:971-977.",http://www.ncbi.nlm.nih.gov/pubmed/15342805,"There were no differences in OS, DFS, or need for mastectomy."
195,23690420,,2013,radiation oncology,"Invasive Breast Cancer > Locoregional Treatment of cT1-3, cN0 or cN+, M0 Disease > Adjuvant Radiation Therapy After BCS",,2,150,"Hughes KS, Schnaper LA, Bellon JR, et al. Lumpectomy plus tamoxifen with or without irradiation in women age 70 years or older with early breast cancer: long-term follow-up of CALGB 9343. J Clin Oncol 2013;31:2382-2387.",http://www.ncbi.nlm.nih.gov/pubmed/23690420,These results were confirmed in an updated analysis of this study with a median follow-up of 12.6 years.
196,15342804,,2004,radiation oncology,"Invasive Breast Cancer > Locoregional Treatment of cT1-3, cN0 or cN+, M0 Disease > Adjuvant Radiation Therapy After BCS",,1,150,"Fyles AW, McCready DR, Manchul LA, et al. Tamoxifen with or without breast irradiation in women 50 years of age or older with early breast cancer. N Engl J Med 2004;351:963-970.",http://www.ncbi.nlm.nih.gov/pubmed/15342804,Concordant results have been demonstrated in other studies of similar design.
197,25637340,,2015,radiation oncology,"Invasive Breast Cancer > Locoregional Treatment of cT1-3, cN0 or cN+, M0 Disease > Adjuvant Radiation Therapy After BCS",,1,150,"Kunkler IH, Williams LJ, Jack WJ, et al. Breast-conserving surgery with or without irradiation in women aged 65 years or older with early breast cancer (PRIME II): a randomised controlled trial. Lancet Oncol 2015;16:266-273.",https://www.ncbi.nlm.nih.gov/pubmed/25637340,Concordant results have been demonstrated in other studies of similar design.
198,9309106,,1997,radiation oncology,"Invasive Breast Cancer > Locoregional Treatment of cT1-3, cN0 or cN+, M0 Disease > Adjuvant Radiation Therapy After Mastectomy",,1,150,Hellman S. Stopping metastases at their source. N Engl J Med 1997;337:996-997.,http://www.ncbi.nlm.nih.gov/pubmed/9309106,Adjuvant Radiation Therapy After Mastectomy Post-Mastectomy RT for Node-Positive Disease Randomized clinical trials have shown that a DFS and OS advantage is conferred by the irradiation of chest wall and regional lymph nodes in patients with positive ALNs after mastectomy and ALND.
199,9395428,,1997,radiation oncology,"Invasive Breast Cancer > Locoregional Treatment of cT1-3, cN0 or cN+, M0 Disease > Adjuvant Radiation Therapy After Mastectomy",,1,150,"Overgaard M, Hansen PS, Overgaard J, et al. Postoperative radiotherapy in high-risk premenopausal women with breast cancer who receive adjuvant chemotherapy. Danish Breast Cancer Cooperative Group 82b Trial. N Engl J Med 1997;337:949-955.",http://www.ncbi.nlm.nih.gov/pubmed/9395428,Adjuvant Radiation Therapy After Mastectomy Post-Mastectomy RT for Node-Positive Disease Randomized clinical trials have shown that a DFS and OS advantage is conferred by the irradiation of chest wall and regional lymph nodes in patients with positive ALNs after mastectomy and ALND.
200,10335782,,1999,radiation oncology,"Invasive Breast Cancer > Locoregional Treatment of cT1-3, cN0 or cN+, M0 Disease > Adjuvant Radiation Therapy After Mastectomy",,1,150,"Overgaard M, Jensen MB, Overgaard J, et al. Postoperative radiotherapy in high-risk postmenopausal breast-cancer patients given adjuvant tamoxifen: Danish Breast Cancer Cooperative Group DBCG 82c randomised trial. Lancet 1999;353:1641-1648.",http://www.ncbi.nlm.nih.gov/pubmed/10335782,Adjuvant Radiation Therapy After Mastectomy Post-Mastectomy RT for Node-Positive Disease Randomized clinical trials have shown that a DFS and OS advantage is conferred by the irradiation of chest wall and regional lymph nodes in patients with positive ALNs after mastectomy and ALND.
201,15657341,,2005,radiation oncology,"Invasive Breast Cancer > Locoregional Treatment of cT1-3, cN0 or cN+, M0 Disease > Adjuvant Radiation Therapy After Mastectomy",,1,150,"Ragaz J, Olivotto IA, Spinelli JJ, et al. Locoregional radiation therapy in patients with high-risk breast cancer receiving adjuvant chemotherapy: 20-year results of the British Columbia randomized trial. J Natl Cancer Inst 2005;97:116-126.",http://www.ncbi.nlm.nih.gov/pubmed/15657341,Adjuvant Radiation Therapy After Mastectomy Post-Mastectomy RT for Node-Positive Disease Randomized clinical trials have shown that a DFS and OS advantage is conferred by the irradiation of chest wall and regional lymph nodes in patients with positive ALNs after mastectomy and ALND.
202,11230499,,2001,radiation oncology,"Invasive Breast Cancer > Locoregional Treatment of cT1-3, cN0 or cN+, M0 Disease > Adjuvant Radiation Therapy After Mastectomy",,1,150,"Recht A, Edge SB, Solin LJ, et al. Postmastectomy radiotherapy: clinical practice guidelines of the American Society of Clinical Oncology. J Clin Oncol 2001;19:1539-1569.",http://www.ncbi.nlm.nih.gov/pubmed/11230499,Adjuvant Radiation Therapy After Mastectomy Post-Mastectomy RT for Node-Positive Disease Randomized clinical trials have shown that a DFS and OS advantage is conferred by the irradiation of chest wall and regional lymph nodes in patients with positive ALNs after mastectomy and ALND.
203,24656685,,2014,radiation oncology,"Invasive Breast Cancer > Locoregional Treatment of cT1-3, cN0 or cN+, M0 Disease > Adjuvant Radiation Therapy After Mastectomy",,1,150,"Early Breast Cancer Trialists' Collaborative G, McGale P, Taylor C, et al. Effect of radiotherapy after mastectomy and axillary surgery on 10- year recurrence and 20-year breast cancer mortality: meta-analysis of individual patient data for 8135 women in 22 randomised trials. Lancet 2014;383:2127-2135.",http://www.ncbi.nlm.nih.gov/pubmed/24656685,The results of EBCTCG meta-analyses show that RT after mastectomy and axillary node dissection reduced both recurrence and breast cancer mortality in the patients with 1 to 3 positive lymph nodes even when systemic therapy was administered.
204,16618947,,2006,radiation oncology,"Invasive Breast Cancer > Locoregional Treatment of cT1-3, cN0 or cN+, M0 Disease > Adjuvant Radiation Therapy After Mastectomy",Post-Mastectomy RT for Node-Negative Disease:,1,150,"Nielsen HM, Overgaard M, Grau C, et al. Study of failure pattern among high-risk breast cancer patients with or without postmastectomy radiotherapy in addition to adjuvant systemic therapy: long-term results from the Danish Breast Cancer Cooperative Group DBCG 82 b and c randomized studies. J Clin Oncol 2006;24:2268-2275.",http://www.ncbi.nlm.nih.gov/pubmed/16618947,Features in node-negative tumors that predict a high rate of local recurrence include primary tumors >5 cm or positive pathologic margins.
205,9531373,,1998,radiation oncology,"Invasive Breast Cancer > Locoregional Treatment of cT1-3, cN0 or cN+, M0 Disease > Adjuvant Radiation Therapy After Mastectomy",Post-Mastectomy RT for Node-Negative Disease:,1,151,"Abdel-Wahab M, Wolfson A, Raub W, et al. The importance of postoperative radiation therapy in multimodality management of locally advanced breast cancer: a phase II trial of neoadjuvant MVAC, surgery, and radiation. Int J Radiat Oncol Biol Phys 1998;40:875-880.",https://www.ncbi.nlm.nih.gov/pubmed/9531373,Data from numerous studies in patients with stage III disease suggest that postoperative RT improves local control even for patients who have a pathologic complete response (pCR) to neoadjuvant chemotherapy.
206,15570071,,2004,radiation oncology,"Invasive Breast Cancer > Locoregional Treatment of cT1-3, cN0 or cN+, M0 Disease > Adjuvant Radiation Therapy After Mastectomy",Post-Mastectomy RT for Node-Negative Disease:,1,151,"Huang EH, Tucker SL, Strom EA, et al. Postmastectomy radiation improves local-regional control and survival for selected patients with locally advanced breast cancer treated with neoadjuvant chemotherapy and mastectomy. J Clin Oncol 2004;22:4691-4699.",https://www.ncbi.nlm.nih.gov/pubmed/15570071,Data from numerous studies in patients with stage III disease suggest that postoperative RT improves local control even for patients who have a pathologic complete response (pCR) to neoadjuvant chemotherapy.
207,17418973,,2007,radiation oncology,"Invasive Breast Cancer > Locoregional Treatment of cT1-3, cN0 or cN+, M0 Disease > Adjuvant Radiation Therapy After Mastectomy",Post-Mastectomy RT for Node-Negative Disease:,1,151,"McGuire SE, Gonzalez-Angulo AM, Huang EH, et al. Postmastectomy radiation improves the outcome of patients with locally advanced breast cancer who achieve a pathologic complete response to neoadjuvant chemotherapy. Int J Radiat Oncol Biol Phys 2007;68:1004- 1009.",https://www.ncbi.nlm.nih.gov/pubmed/17418973,Data from numerous studies in patients with stage III disease suggest that postoperative RT improves local control even for patients who have a pathologic complete response (pCR) to neoadjuvant chemotherapy.
208,26511263,,2016,radiation oncology,"Invasive Breast Cancer > Locoregional Treatment of cT1-3, cN0 or cN+, M0 Disease > Adjuvant Radiation Therapy After Mastectomy",Post-Mastectomy RT for Node-Negative Disease:,1,151,"Swisher SK, Vila J, Tucker SL, et al. Locoregional control according to breast cancer subtype and response to neoadjuvant chemotherapy in breast cancer patients undergoing breast-conserving therapy. Ann Surg Oncol 2016;23:749-756.",https://www.ncbi.nlm.nih.gov/pubmed/26511263,Data from numerous studies in patients with stage III disease suggest that postoperative RT improves local control even for patients who have a pathologic complete response (pCR) to neoadjuvant chemotherapy.
209,15774786,,2005,radiation oncology,"Invasive Breast Cancer > Locoregional Treatment of cT1-3, cN0 or cN+, M0 Disease > Adjuvant Radiation Therapy After Mastectomy",RT After Preoperative Therapy and Mastectomy:,2,"151,152","Bellon JR, Come SE, Gelman RS, et al. Sequencing of chemotherapy and radiation therapy in early-stage breast cancer: updated results of a prospective randomized trial. J Clin Oncol 2005;23:1934-1940.",http://www.ncbi.nlm.nih.gov/pubmed/15774786,"Sequencing of RT and Systemic Therapy If chemotherapy and radiation are indicated after surgery, adjuvant radiation is typically delivered after the completion of chemotherapy."
210,8614420,,1996,radiation oncology,"Invasive Breast Cancer > Locoregional Treatment of cT1-3, cN0 or cN+, M0 Disease > Adjuvant Radiation Therapy After Mastectomy",RT After Preoperative Therapy and Mastectomy:,2,151,"Recht A, Come SE, Henderson IC, et al. The sequencing of chemotherapy and radiation therapy after conservative surgery for early- stage breast cancer. N Engl J Med 1996;334:1356-1361.",http://www.ncbi.nlm.nih.gov/pubmed/8614420,"Sequencing of RT and Systemic Therapy If chemotherapy and radiation are indicated after surgery, adjuvant radiation is typically delivered after the completion of chemotherapy."
211,15545669,,2005,radiation oncology,"Invasive Breast Cancer > Locoregional Treatment of cT1-3, cN0 or cN+, M0 Disease > Adjuvant Radiation Therapy After Mastectomy",RT After Preoperative Therapy and Mastectomy:,1,152,"Pierce LJ, Hutchins LF, Green SR, et al. Sequencing of tamoxifen and radiotherapy after breast-conserving surgery in early-stage breast cancer. J Clin Oncol 2005;23:24-29.",https://www.ncbi.nlm.nih.gov/pubmed/15545669,"Data from multiple studies of patients treated with endocrine therapy either before, during, or after RT suggest no difference in outcomes or toxicity."
212,15545665,,2005,radiation oncology,"Invasive Breast Cancer > Locoregional Treatment of cT1-3, cN0 or cN+, M0 Disease > Adjuvant Radiation Therapy After Mastectomy",RT After Preoperative Therapy and Mastectomy:,1,152,"Harris EE, Christensen VJ, Hwang WT, et al. Impact of concurrent versus sequential tamoxifen with radiation therapy in early-stage breast cancer patients undergoing breast conservation treatment. J Clin Oncol 2005;23:11-16.",https://www.ncbi.nlm.nih.gov/pubmed/15545665,"Data from multiple studies of patients treated with endocrine therapy either before, during, or after RT suggest no difference in outcomes or toxicity."
213,15545666,,2005,radiation oncology,"Invasive Breast Cancer > Locoregional Treatment of cT1-3, cN0 or cN+, M0 Disease > Adjuvant Radiation Therapy After Mastectomy",RT After Preoperative Therapy and Mastectomy:,1,152,"Ahn PH, Vu HT, Lannin D, et al. Sequence of radiotherapy with tamoxifen in conservatively managed breast cancer does not affect local relapse rates. J Clin Oncol 2005;23:17-23.",https://www.ncbi.nlm.nih.gov/pubmed/15545666,"Data from multiple studies of patients treated with endocrine therapy either before, during, or after RT suggest no difference in outcomes or toxicity."
214,,,2016,radiation oncology,"Invasive Breast Cancer > Locoregional Treatment of cT1-3, cN0 or cN+, M0 Disease > Adjuvant Radiation Therapy After Mastectomy",RT After Preoperative Therapy and Mastectomy:,1,152,"Li YF, Chang L, Li WH, et al. Radiotherapy concurrent versus sequential with endocrine therapy in breast cancer: A meta-analysis. Breast 2016;27:93-98.",,"Data from multiple studies of patients treated with endocrine therapy either before, during, or after RT suggest no difference in outcomes or toxicity."
215,28564564,,2017,radiation oncology,"Invasive Breast Cancer > Locoregional Treatment of cT1-3, cN0 or cN+, M0 Disease > Adjuvant Radiation Therapy After Mastectomy",RT After Preoperative Therapy and Mastectomy:,1,152,"Masuda N, Lee SJ, Ohtani S, et al. Adjuvant capecitabine for breast cancer after preoperative chemotherapy. N Engl J Med 2017;376:2147- 2159.",https://www.ncbi.nlm.nih.gov/pubmed/28564564,When adjuvant capecitabine
216,34081848,,2021,radiation oncology,"Invasive Breast Cancer > Locoregional Treatment of cT1-3, cN0 or cN+, M0 Disease > Adjuvant Radiation Therapy After Mastectomy",,1,152,"Tutt ANJ, Garber JE, Kaufman B, et al. Adjuvant olaparib for patients with BRCA1- or BRCA2-mutated breast cancer. N Engl J Med 2021.",https://www.ncbi.nlm.nih.gov/pubmed/34081848,"When adjuvant olaparib is used, the Panel recommends that olaparib be given after completion of RT. In the OlympiA trial,"
217,28751231,,2017,radiation oncology,"Invasive Breast Cancer > Locoregional Treatment of cT1-3, cN0 or cN+, M0 Disease > Adjuvant Radiation Therapy After Mastectomy",,1,152,"Mignot F, Ajgal Z, Xu H, et al. Concurrent administration of anti- HER2 therapy and radiotherapy: Systematic review. Radiother Oncol 2017;124:190-199.",https://www.ncbi.nlm.nih.gov/pubmed/28751231,Data from clinical trials in the adjuvant setting do not suggest an increased complication rate with the concurrent administration of HER2-targeted therapies with adjuvant RT.
218,23169521,,2012,surgery / reconstruction,Breast Reconstruction,,1,153,"McLaughlin JM, Anderson RT, Ferketich AK, et al. Effect on survival of longer intervals between confirmed diagnosis and treatment initiation among low-income women with breast cancer. J Clin Oncol 2012;30:4493-4500.",http://www.ncbi.nlm.nih.gov/pubmed/23169521,"This may increase the risk of overall and cancer-related death, especially in those with late-stage disease."
219,21228744,,2011,surgery / reconstruction,Breast Reconstruction,,1,153,"Liu AS, Kao HK, Reish RG, et al. Postoperative complications in prosthesis-based breast reconstruction using acellular dermal matrix. Plast Reconstr Surg 2011;127:1755-1762.",http://www.ncbi.nlm.nih.gov/pubmed/21228744,Smoking and obesity increase the risk of complications for all types of breast reconstruction whether with implant or flap.
220,18520873,,2008,surgery / reconstruction,Breast Reconstruction,,1,153,"McCarthy CM, Mehrara BJ, Riedel E, et al. Predicting complications following expander/implant breast reconstruction: an outcomes analysis based on preoperative clinical risk. Plast Reconstr Surg 2008;121:1886- 1892.",http://www.ncbi.nlm.nih.gov/pubmed/18520873,Smoking and obesity increase the risk of complications for all types of breast reconstruction whether with implant or flap.
221,20424909,,2010,surgery / reconstruction,Breast Reconstruction,,1,153,"Cowen D, Gross E, Rouannet P, et al. Immediate post-mastectomy breast reconstruction followed by radiotherapy: risk factors for complications. Breast Cancer Res Treat 2010;121:627-634.",http://www.ncbi.nlm.nih.gov/pubmed/20424909,Smoking and obesity increase the risk of complications for all types of breast reconstruction whether with implant or flap.
222,17230076,,2007,surgery / reconstruction,Breast Reconstruction,,1,153,"Woerdeman LA, Hage JJ, Hofland MM, Rutgers EJ. A prospective assessment of surgical risk factors in 400 cases of skin-sparing mastectomy and immediate breast reconstruction with implants to establish selection criteria. Plast Reconstr Surg 2007;119:455-463.",http://www.ncbi.nlm.nih.gov/pubmed/17230076,Smoking and obesity increase the risk of complications for all types of breast reconstruction whether with implant or flap.
223,20517083,,2010,surgery / reconstruction,Breast Reconstruction,,1,153,"Antony AK, McCarthy CM, Cordeiro PG, et al. Acellular human dermis implantation in 153 immediate two-stage tissue expander breast reconstructions: determining the incidence and significant predictors of complications. Plast Reconstr Surg 2010;125:1606-1614.",http://www.ncbi.nlm.nih.gov/pubmed/20517083,Smoking and obesity increase the risk of complications for all types of breast reconstruction whether with implant or flap.
224,15845976,,2005,surgery / reconstruction,Breast Reconstruction > Breast Reconstruction After Mastectomy,,1,153,"Ahmed S, Snelling A, Bains M, Whitworth IH. Breast reconstruction. BMJ 2005;330:943-948.",http://www.ncbi.nlm.nih.gov/pubmed/15845976,"There are several different types of breast reconstruction that include the use of implants, autogenous tissues, or both."
225,15777171,,2005,surgery / reconstruction,Breast Reconstruction > Breast Reconstruction After Mastectomy,,1,153,"Edlich RF, Winters KL, Faulkner BC, et al. Advances in breast reconstruction after mastectomy. J Long Term Eff Med Implants 2005;15:197-207.",http://www.ncbi.nlm.nih.gov/pubmed/15777171,"There are several different types of breast reconstruction that include the use of implants, autogenous tissues, or both."
226,15943736,,2005,surgery / reconstruction,Breast Reconstruction > Breast Reconstruction After Mastectomy,,1,153,Pennington DG. Breast reconstruction after mastectomy: current state of the art. ANZ J Surg 2005;75:454-458.,http://www.ncbi.nlm.nih.gov/pubmed/15943736,"There are several different types of breast reconstruction that include the use of implants, autogenous tissues, or both."
227,22783484,,2012,surgery / reconstruction,Breast Reconstruction > Breast Reconstruction After Mastectomy,,1,153,Chang DW. Breast Reconstruction with Microvascular MS-TRAM and DIEP Flaps. Arch Plast Surg 2012;39:3-10.,http://www.ncbi.nlm.nih.gov/pubmed/22783484,"Autogenous tissue methods of reconstruction use various combinations of fat, muscle, skin, and vasculature from donor sites (ie, abdomen, buttock, back) that may be brought to the chest wall with their original blood supply (pedicle flap) or as free flaps with microvascular anastomoses to supply blo"
228,19644254,,2009,surgery / reconstruction,Breast Reconstruction > Breast Reconstruction After Mastectomy,,1,154,"Kronowitz SJ, Robb GL. Radiation therapy and breast reconstruction: a critical review of the literature. Plast Reconstr Surg 2009;124:395-408.",http://www.ncbi.nlm.nih.gov/pubmed/19644254,"Furthermore, post- mastectomy irradiation may have a negative impact on breast cosmesis when autologous tissue is used in immediate breast reconstruction, and may interfere with the targeted delivery of radiation when immediate reconstruction is performed using either autologous tissue or breast imp"
229,11420508,,2001,surgery / reconstruction,Breast Reconstruction > Breast Reconstruction After Mastectomy,,1,154,"Tran NV, Chang DW, Gupta A, et al. Comparison of immediate and delayed free TRAM flap breast reconstruction in patients receiving postmastectomy radiation therapy. Plast Reconstr Surg 2001;108:78-82.",http://www.ncbi.nlm.nih.gov/pubmed/11420508,"Furthermore, post- mastectomy irradiation may have a negative impact on breast cosmesis when autologous tissue is used in immediate breast reconstruction, and may interfere with the targeted delivery of radiation when immediate reconstruction is performed using either autologous tissue or breast imp"
230,15009038,,2004,surgery / reconstruction,Breast Reconstruction > Breast Reconstruction After Mastectomy,,1,154,"Mehta VK, Goffinet D. Postmastectomy radiation therapy after TRAM flap breast reconstruction. Breast J 2004;10:118-122.",http://www.ncbi.nlm.nih.gov/pubmed/15009038,"Some studies, however, have not found a significant compromise in reconstruction cosmesis after RT."
231,20853034,,2010,surgery / reconstruction,Breast Reconstruction > Breast Reconstruction After Mastectomy,,1,154,"Berry T, Brooks S, Sydow N, et al. Complication rates of radiation on tissue expander and autologous tissue breast reconstruction. Ann Surg Oncol 2010;17 Suppl 3:202-210.",http://www.ncbi.nlm.nih.gov/pubmed/20853034,"In a previously radiated patient, the use of tissue expanders/implants is relatively contraindicated."
232,19952635,,2009,surgery / reconstruction,Breast Reconstruction > Breast Reconstruction After Mastectomy,,1,154,"Francis SH, Ruberg RL, Stevenson KB, et al. Independent risk factors for infection in tissue expander breast reconstruction. Plast Reconstr Surg 2009;124:1790-1796.",http://www.ncbi.nlm.nih.gov/pubmed/19952635,"Tissue expansion of irradiated skin can result in a significantly increased risk of capsular contracture, malposition, poor cosmesis, implant exposure, and failed reconstruction."
233,22094736,,2011,surgery / reconstruction,Breast Reconstruction > Breast Reconstruction After Mastectomy,,1,154,"Colwell AS, Damjanovic B, Zahedi B, et al. Retrospective review of 331 consecutive immediate single-stage implant reconstructions with acellular dermal matrix: indications, complications, trends, and costs. Plast Reconstr Surg 2011;128:1170-1178.",http://www.ncbi.nlm.nih.gov/pubmed/22094736,"Tissue expansion of irradiated skin can result in a significantly increased risk of capsular contracture, malposition, poor cosmesis, implant exposure, and failed reconstruction."
234,19496781,,2009,surgery / reconstruction,Breast Reconstruction > Skin-Sparing Mastectomy,,1,154,"Garcia-Etienne CA, Cody Iii HS, Disa JJ, et al. Nipple-sparing mastectomy: initial experience at the Memorial Sloan-Kettering Cancer Center and a comprehensive review of literature. Breast J 2009;15:440- 449.",http://www.ncbi.nlm.nih.gov/pubmed/19496781,"Possible advantages of this procedure include improvements in breast cosmesis, body image, and nipple sensation following mastectomy, although the impact of this procedure on these QOL issues has not been well-studied."
235,19152026,,2009,surgery / reconstruction,Breast Reconstruction > Skin-Sparing Mastectomy,,2,154,"Petit JY, Veronesi U, Orecchia R, et al. Nipple sparing mastectomy with nipple areola intraoperative radiotherapy: one thousand and one cases of a five years experience at the European institute of oncology of Milan (EIO). Breast Cancer Res Treat 2009;117:333-338.",http://www.ncbi.nlm.nih.gov/pubmed/19152026,"Possible advantages of this procedure include improvements in breast cosmesis, body image, and nipple sensation following mastectomy, although the impact of this procedure on these QOL issues has not been well-studied."
236,19387167,,2009,surgery / reconstruction,Breast Reconstruction > Skin-Sparing Mastectomy,,1,154,"Yueh JH, Houlihan MJ, Slavin SA, et al. Nipple-sparing mastectomy: evaluation of patient satisfaction, aesthetic results, and sensation. Ann Plast Surg 2009;62:586-590.",http://www.ncbi.nlm.nih.gov/pubmed/19387167,"Possible advantages of this procedure include improvements in breast cosmesis, body image, and nipple sensation following mastectomy, although the impact of this procedure on these QOL issues has not been well-studied."
237,18456492,,2008,surgery / reconstruction,Breast Reconstruction > Skin-Sparing Mastectomy,,1,154,"Chung AP, Sacchini V. Nipple-sparing mastectomy: Where are we now? Surg Oncol 2008;17:261-266.",http://www.ncbi.nlm.nih.gov/pubmed/18456492,"There are limited data from surgical series, with short follow-up, that suggest that performance of NAC-sparing mastectomy in selected patients is associated with low rates of occult involvement of the NAC with breast cancer and local disease recurrence."
238,19247035,,2009,surgery / reconstruction,Breast Reconstruction > Skin-Sparing Mastectomy,,1,154,"Gerber B, Krause A, Dieterich M, et al. The oncological safety of skin sparing mastectomy with conservation of the nipple-areola complex and autologous reconstruction: an extended follow-up study. Ann Surg 2009;249:461-468.",http://www.ncbi.nlm.nih.gov/pubmed/19247035,"There are limited data from surgical series, with short follow-up, that suggest that performance of NAC-sparing mastectomy in selected patients is associated with low rates of occult involvement of the NAC with breast cancer and local disease recurrence."
239,23629079,,2013,surgery / reconstruction,Breast Reconstruction > Skin-Sparing Mastectomy,,1,155,"Mallon P, Feron JG, Couturaud B, et al. The role of nipple-sparing mastectomy in breast cancer: a comprehensive review of the literature. Plast Reconstr Surg 2013;131:969-984.",http://www.ncbi.nlm.nih.gov/pubmed/23629079,"Retrospective data support the use of NAC-sparing procedures for patients with breast cancer with low rates of nipple involvement and low rates of local recurrence due to early-stage, biologically favorable (ie, Nottingham grade 1 or 2, node-negative, HER2-negative, no LVI) invasive cancers and/or D"
240,23486127,,2013,surgery / reconstruction,Breast Reconstruction > Skin-Sparing Mastectomy,,1,155,"Piper M, Peled AW, Foster RD, et al. Total skin-sparing mastectomy: A aystematic review of oncologic outcomes and postoperative complications. Ann Plast Surg 2013.",http://www.ncbi.nlm.nih.gov/pubmed/23486127,"Retrospective data support the use of NAC-sparing procedures for patients with breast cancer with low rates of nipple involvement and low rates of local recurrence due to early-stage, biologically favorable (ie, Nottingham grade 1 or 2, node-negative, HER2-negative, no LVI) invasive cancers and/or D"
241,10597677,,1999,surgery / reconstruction,Breast Reconstruction > Skin-Sparing Mastectomy,,1,155,"Toth BA, Forley BG, Calabria R. Retrospective study of the skin- sparing mastectomy in breast reconstruction. Plast Reconstr Surg 1999;104:77-84.",http://www.ncbi.nlm.nih.gov/pubmed/10597677,"Advantages of a skin-sparing mastectomy procedure include an improved cosmetic outcome resulting in a reduction in the size of the mastectomy scar and a more natural breast shape, especially when autologous tissue is used in reconstruction,"
242,14998566,,2003,surgery / reconstruction,Breast Reconstruction > Skin-Sparing Mastectomy,,1,155,"Carlson GW, Styblo TM, Lyles RH, et al. The use of skin sparing mastectomy in the treatment of breast cancer: The Emory experience. Surg Oncol 2003;12:265-269.",http://www.ncbi.nlm.nih.gov/pubmed/14998566,"However, strong selection biases almost certainly exist in the identification of patients appropriate for skin-sparing procedures."
243,15651068,,2005,surgery / reconstruction,Breast Reconstruction > Skin-Sparing Mastectomy,,1,155,"Downes KJ, Glatt BS, Kanchwala SK, et al. Skin-sparing mastectomy and immediate reconstruction is an acceptable treatment option for patients with high-risk breast carcinoma. Cancer 2005;103:906-913.",http://www.ncbi.nlm.nih.gov/pubmed/15651068,"However, strong selection biases almost certainly exist in the identification of patients appropriate for skin-sparing procedures."
244,12052757,,2002,surgery / reconstruction,Breast Reconstruction > Skin-Sparing Mastectomy,,1,155,"Foster RD, Esserman LJ, Anthony JP, et al. Skin-sparing mastectomy and immediate breast reconstruction: a prospective cohort study for the treatment of advanced stages of breast carcinoma. Ann Surg Oncol 2002;9:462-466.",http://www.ncbi.nlm.nih.gov/pubmed/12052757,"However, strong selection biases almost certainly exist in the identification of patients appropriate for skin-sparing procedures."
245,12035037,,2002,surgery / reconstruction,Breast Reconstruction > Skin-Sparing Mastectomy,,1,155,"Medina-Franco H, Vasconez LO, Fix RJ, et al. Factors associated with local recurrence after skin-sparing mastectomy and immediate breast reconstruction for invasive breast cancer. Ann Surg 2002;235:814-819.",http://www.ncbi.nlm.nih.gov/pubmed/12035037,"However, strong selection biases almost certainly exist in the identification of patients appropriate for skin-sparing procedures."
246,9831111,,1998,surgery / reconstruction,Breast Reconstruction > Skin-Sparing Mastectomy,,1,155,"Newman LA, Kuerer HM, Hunt KK, et al. Presentation, treatment, and outcome of local recurrence afterskin-sparing mastectomy and immediate breast reconstruction. Ann Surg Oncol 1998;5:620-626.",http://www.ncbi.nlm.nih.gov/pubmed/9831111,"However, strong selection biases almost certainly exist in the identification of patients appropriate for skin-sparing procedures."
247,20140531,,2010,surgery / reconstruction,Breast Reconstruction > Breast Reconstruction After Lumpectomy,,1,155,"Clough KB, Kaufman GJ, Nos C, et al. Improving breast cancer surgery: a classification and quadrant per quadrant atlas for oncoplastic surgery. Ann Surg Oncol 2010;17:1375-1391.",http://www.ncbi.nlm.nih.gov/pubmed/20140531,Oncoplastic techniques for breast conservation can extend breast-conserving surgical options in situations where the resection by itself would likely yield an unacceptable cosmetic outcome.
248,15737831,,2005,surgery / reconstruction,Breast Reconstruction > Breast Reconstruction After Lumpectomy,,2,155,"Anderson BO, Masetti R, Silverstein MJ. Oncoplastic approaches to partial mastectomy: an overview of volume-displacement techniques. Lancet Oncol 2005;6:145-157.",http://www.ncbi.nlm.nih.gov/pubmed/15737831,The evolving field of oncoplastic surgery includes the use of “volume displacement” techniques performed in conjunction with a large partial mastectomy.
249,17632339,,2007,surgery / reconstruction,Breast Reconstruction > Breast Reconstruction After Lumpectomy,,1,155,"Huemer GM, Schrenk P, Moser F, et al. Oncoplastic techniques allow breast-conserving treatment in centrally located breast cancers. Plast Reconstr Surg 2007;120:390-398.",http://www.ncbi.nlm.nih.gov/pubmed/17632339,Volume displacement techniques are generally performed during the same operative setting as the breast-conserving lumpectomy by the same surgeon who is performing the cancer resection.
250,15889210,,2005,surgery / reconstruction,Breast Reconstruction > Breast Reconstruction After Lumpectomy,,1,155,"Kaur N, Petit J-Y, Rietjens M, et al. Comparative study of surgical margins in oncoplastic surgery and quadrantectomy in breast cancer. Ann Surg Oncol 2005;12:539-545.",http://www.ncbi.nlm.nih.gov/pubmed/15889210,"Advantages of oncoplastic volume displacement techniques are that they permit the removal of larger regions of breast tissue, thereby achieving wider surgical margins around the cancer, and at the same time better preserve the natural shape and appearance of the breast than do standard breast resect"
251,15687361,,2005,"systemic therapy, early stage",Systemic Therapies (Preoperative and Adjuvant) > Preoperative Systemic Therapy,,1,157,"Mauri D, Pavlidis N, Ioannidis JP. Neoadjuvant versus adjuvant systemic treatment in breast cancer: a meta-analysis. J Natl Cancer Inst 2005;97:188-194.",http://www.ncbi.nlm.nih.gov/pubmed/15687361,Randomized clinical trials have found no significant differences in long-term outcomes when systemic chemotherapy is given before or after surgery.
252,18258986,,2008,"systemic therapy, early stage",Systemic Therapies (Preoperative and Adjuvant) > Preoperative Systemic Therapy,,2,157,"Rastogi P, Anderson SJ, Bear HD, et al. Preoperative chemotherapy: updates of National Surgical Adjuvant Breast and Bowel Project Protocols B-18 and B-27. J Clin Oncol 2008;26:778-785.",http://www.ncbi.nlm.nih.gov/pubmed/18258986,Randomized clinical trials have found no significant differences in long-term outcomes when systemic chemotherapy is given before or after surgery.
253,18258991,,2008,"systemic therapy, early stage",Systemic Therapies (Preoperative and Adjuvant) > Preoperative Systemic Therapy,,1,157,"Gralow JR, Burstein HJ, Wood W, et al. Preoperative therapy in invasive breast cancer: pathologic assessment and systemic therapy issues in operable disease. J Clin Oncol 2008;26:814-819.",http://www.ncbi.nlm.nih.gov/pubmed/18258991,Preoperative systemic therapy can convert inoperable tumors to operable and also downstage a significant number of patients with operable breast cancer to allow for more limited breast conservation procedures.
254,25868410,,2015,"systemic therapy, early stage",Systemic Therapies (Preoperative and Adjuvant) > Preoperative Systemic Therapy,,1,157,"Killelea BK, Yang VQ, Mougalian S, et al. Neoadjuvant chemotherapy for breast cancer increases the rate of breast conservation: results from the National Cancer Database. J Am Coll Surg 2015;220:1063-1069.",http://www.ncbi.nlm.nih.gov/pubmed/25868410,Results from large clinical trials and retrospective reviews indicate that breast conservation rates are improved with preoperative systemic therapy.
255,18250347,,2008,"systemic therapy, early stage",Systemic Therapies (Preoperative and Adjuvant) > Preoperative Systemic Therapy,,1,157,"Liedtke C, Mazouni C, Hess KR, et al. Response to neoadjuvant therapy and long-term survival in patients with triple-negative breast cancer. J Clin Oncol 2008;26:1275-1281.",https://www.ncbi.nlm.nih.gov/pubmed/18250347,"The correlation between pathologic response and long-term outcomes in patients with early-stage breast cancer is strongest for patients with triple-negative breast cancer, less so for HER2-positive disease, and least for hormone-positive disease."
256,24529560,,2014,"systemic therapy, early stage",Systemic Therapies (Preoperative and Adjuvant) > Preoperative Systemic Therapy,,2,"157,173","Cortazar P, Zhang L, Untch M, et al. Pathological complete response and long-term clinical benefit in breast cancer: the CTNeoBC pooled analysis. Lancet 2014;384:164-172.",http://www.ncbi.nlm.nih.gov/pubmed/24529560,"The correlation between pathologic response and long-term outcomes in patients with early-stage breast cancer is strongest for patients with triple-negative breast cancer, less so for HER2-positive disease, and least for hormone-positive disease."
257,22508812,,2012,"systemic therapy, early stage",Systemic Therapies (Preoperative and Adjuvant) > Preoperative Systemic Therapy,,1,157,"von Minckwitz G, Untch M, Blohmer JU, et al. Definition and impact of pathologic complete response on prognosis after neoadjuvant chemotherapy in various intrinsic breast cancer subtypes. J Clin Oncol 2012;30:1796-1804.",https://www.ncbi.nlm.nih.gov/pubmed/22508812,"The correlation between pathologic response and long-term outcomes in patients with early-stage breast cancer is strongest for patients with triple-negative breast cancer, less so for HER2-positive disease, and least for hormone-positive disease."
258,30242578,,2019,"systemic therapy, early stage",Systemic Therapies (Preoperative and Adjuvant) > Preoperative Systemic Therapy > Selection of Patients for Preoperative Therapy,,2,158,"Iwata H, Masuda N, Yamamoto Y, et al. Validation of the 21-gene test as a predictor of clinical response to neoadjuvant hormonal therapy for ER+, HER2-negative breast cancer: the TransNEOS study. Breast Cancer Res Treat 2019;173:123-133.",https://www.ncbi.nlm.nih.gov/pubmed/30242578,Those whose tumors had a Recurrence Score between 0-17 were significantly more likely to respond to preoperative letrozole compared with Recurrence Score of 31-100.
259,30542840,,2019,"systemic therapy, early stage",Systemic Therapies (Preoperative and Adjuvant) > Preoperative Systemic Therapy > Selection of Patients for Preoperative Therapy,,2,158,"Pease AM, Riba LA, Gruner RA, et al. Oncotype DX((R)) Recurrence Score as a Predictor of Response to Neoadjuvant Chemotherapy. Ann Surg Oncol 2019;26:366-371.",https://www.ncbi.nlm.nih.gov/pubmed/30542840,Their findings suggest high Recurrence Scores are associated with a higher likelihood of pCR after preoperative chemotherapy.
260,16598749,,2006,"systemic therapy, early stage",Systemic Therapies (Preoperative and Adjuvant) > Preoperative Systemic Therapy > Selection of Patients for Preoperative Therapy,Preoperative therapy options:,1,158,"Cataliotti L, Buzdar AU, Noguchi S, et al. Comparison of anastrozole versus tamoxifen as preoperative therapy in postmenopausal women with hormone receptor-positive breast cancer: the Pre-Operative ""Arimidex"" Compared to Tamoxifen (PROACT) trial. Cancer 2006;106:2095-2103.",http://www.ncbi.nlm.nih.gov/pubmed/16598749,
261,15998903,,2005,"systemic therapy, early stage",Systemic Therapies (Preoperative and Adjuvant) > Preoperative Systemic Therapy > Selection of Patients for Preoperative Therapy,Preoperative therapy options:,1,158,"Smith IE, Dowsett M, Ebbs SR, et al. Neoadjuvant treatment of postmenopausal breast cancer with anastrozole, tamoxifen, or both in combination: the Immediate Preoperative Anastrozole, Tamoxifen, or Combined with Tamoxifen (IMPACT) multicenter double-blind randomized trial. J Clin Oncol 2005;23:5108-5116.",http://www.ncbi.nlm.nih.gov/pubmed/15998903,
262,11822750,,2001,"systemic therapy, early stage",Systemic Therapies (Preoperative and Adjuvant) > Preoperative Systemic Therapy > Selection of Patients for Preoperative Therapy,Preoperative therapy options:,1,158,"Eiermann W, Paepke S, Appfelstaedt J, et al. Preoperative treatment of postmenopausal breast cancer patients with letrozole: A randomized double-blind multicenter study. Ann Oncol 2001;12:1527- 1532.",http://www.ncbi.nlm.nih.gov/pubmed/11822750,
263,17912634,,2007,"systemic therapy, early stage",Systemic Therapies (Preoperative and Adjuvant) > Preoperative Systemic Therapy > Selection of Patients for Preoperative Therapy,Preoperative therapy options:,1,158,"Ellis MJ, Ma C. Letrozole in the neoadjuvant setting: the P024 trial. Breast Cancer Res Treat 2007;105 Suppl 1:33-43.",http://www.ncbi.nlm.nih.gov/pubmed/17912634,
264,21555689,,2011,"systemic therapy, early stage",Systemic Therapies (Preoperative and Adjuvant) > Preoperative Systemic Therapy > Selection of Patients for Preoperative Therapy,Preoperative therapy options:,1,158,"Ellis MJ, Suman VJ, Hoog J, et al. Randomized phase II neoadjuvant comparison between letrozole, anastrozole, and exemestane for postmenopausal women with estrogen receptor-rich stage 2 to 3 breast cancer: clinical and biomarker outcomes and predictive value of the baseline PAM50-based intrinsic subtype-- ACOSOG Z1031. J Clin Oncol 2011;29:2342-2349.",http://www.ncbi.nlm.nih.gov/pubmed/21555689,
265,22265697,,2012,"systemic therapy, early stage",Systemic Therapies (Preoperative and Adjuvant) > Preoperative Systemic Therapy > Selection of Patients for Preoperative Therapy,Preoperative therapy options:,1,158,"Masuda N, Sagara Y, Kinoshita T, et al. Neoadjuvant anastrozole versus tamoxifen in patients receiving goserelin for premenopausal breast cancer (STAGE): a double-blind, randomised phase 3 trial. Lancet Oncol 2012;13:345-352.",http://www.ncbi.nlm.nih.gov/pubmed/22265697,
266,21221766,,2011,"systemic therapy, early stage",Systemic Therapies (Preoperative and Adjuvant) > Preoperative Systemic Therapy > Selection of Patients for Preoperative Therapy,Preoperative therapy options:,1,158,"Torrisi R, Bagnardi V, Rotmensz N, et al. Letrozole plus GnRH analogue as preoperative and adjuvant therapy in premenopausal women with ER positive locally advanced breast cancer. Breast Cancer Res Treat 2011;126:431-441.",http://www.ncbi.nlm.nih.gov/pubmed/21221766,
267,24970786,,2014,"systemic therapy, early stage",Systemic Therapies (Preoperative and Adjuvant) > Preoperative Systemic Therapy > Selection of Patients for Preoperative Therapy,Preoperative therapy options:,1,158,"Fontein DB, Charehbili A, Nortier JW, et al. Efficacy of six month neoadjuvant endocrine therapy in postmenopausal, hormone receptor- positive breast cancer patients--a phase II trial. Eur J Cancer 2014;50:2190-2200.",http://www.ncbi.nlm.nih.gov/pubmed/24970786,
268,36653664,,2023,"systemic therapy, early stage",Systemic Therapies (Preoperative and Adjuvant) > Preoperative Systemic Therapy > Selection of Patients for Preoperative Therapy,Preoperative therapy options:,1,158,"Hunt KK, Suman VJ, Wingate HF, et al. Local-regional recurrence after neoadjuvant endocrine therapy: Data from ACOSOG Z1031 (Alliance), a randomized phase 2 neoadjuvant comparison between letrozole, anastrozole, and exemestane for postmenopausal women with estrogen receptor-positive clinical stage 2 or 3 breast cancer. Ann Surg Oncol 2023;30:2111-2118.",https://www.ncbi.nlm.nih.gov/pubmed/36653664,The results of the ACOSOG Z1031 trial show that preoperative endocrine therapy is effective in reducing residual disease and enabling BCS for many patients with low rates of local-regional recurrence post-surgery.
269,21218604,,2011,"systemic therapy, early stage",Systemic Therapies (Preoperative and Adjuvant) > Preoperative Systemic Therapy > Selection of Patients for Preoperative Therapy,HER2-Targeted Therapy:,1,158,"Petrelli F, Borgonovo K, Cabiddu M, et al. Neoadjuvant chemotherapy and concomitant trastuzumab in breast cancer: a pooled analysis of two randomized trials. Anticancer Drugs 2011;22:128-135.",http://www.ncbi.nlm.nih.gov/pubmed/21218604,"HER2-Targeted Therapy:For patients with HER2-positive breast cancer, that are candidates for preoperative systemic therapy, chemotherapy and trastuzumab-based therapy is recommended."
270,23704196,,2013,"systemic therapy, early stage",Systemic Therapies (Preoperative and Adjuvant) > Preoperative Systemic Therapy > Selection of Patients for Preoperative Therapy,HER2-Targeted Therapy:,1,159,"Schneeweiss A, Chia S, Hickish T, et al. Pertuzumab plus trastuzumab in combination with standard neoadjuvant anthracycline- containing and anthracycline-free chemotherapy regimens in patients with HER2-positive early breast cancer: a randomized phase II cardiac safety study (TRYPHAENA). Ann Oncol 2013;24:2278-2284.",http://www.ncbi.nlm.nih.gov/pubmed/23704196,"In the TRYPHAENA trial, preoperative therapy with pertuzumab and trastuzumab given along with anthracycline-containing or anthracycline-free standard chemotherapy regimens to patients with operable, locally advanced, or inflammatory HER2-positive breast cancer showed pCR rates in all treatment arms "
271,,,2015,"systemic therapy, early stage",Systemic Therapies (Preoperative and Adjuvant) > Preoperative Systemic Therapy > Selection of Patients for Preoperative Therapy,HER2-Targeted Therapy:,1,159,"Gianni L, Pienkowski T, Im Y-H, et al. Five-year analysis of the phase II NeoSphere trial evaluating four cycles of neoadjuvant docetaxel (D) and/or trastuzumab (T) and/or pertuzumab (P). ASCO Meeting Abstracts 2015;33:505.",http://meeting.ascopubs.org/cgi/content/abstract/33/15_suppl/505,"In the Neosphere trial, the addition of pertuzumab to trastuzumab and docetaxel preoperatively led to a statistically significant increase in pCR in the breast which in turn led to improves outcomes in those with node- positive disease."
272,27179402,,2016,"systemic therapy, early stage",Systemic Therapies (Preoperative and Adjuvant) > Preoperative Systemic Therapy > Selection of Patients for Preoperative Therapy,HER2-Targeted Therapy:,2,"159,177","Gianni L, Pienkowski T, Im YH, et al. 5-year analysis of neoadjuvant pertuzumab and trastuzumab in patients with locally advanced, inflammatory, or early-stage HER2-positive breast cancer (NeoSphere): a multicentre, open-label, phase 2 randomised trial. Lancet Oncol 2016;17:791-800.",https://www.ncbi.nlm.nih.gov/pubmed/27179402,"In the Neosphere trial, the addition of pertuzumab to trastuzumab and docetaxel preoperatively led to a statistically significant increase in pCR in the breast which in turn led to improves outcomes in those with node- positive disease."
273,35139274,,2022,"systemic therapy, early stage",Systemic Therapies (Preoperative and Adjuvant) > Preoperative Systemic Therapy > Selection of Patients for Preoperative Therapy,Immunotherapy:,2,159,"Schmid P, Cortes J, Dent R, et al. Event-free survival with pembrolizumab in early triple-negative breast cancer. N Engl J Med 2022;386:556-567.",https://www.ncbi.nlm.nih.gov/pubmed/35139274,"multicenter, double-blind, placebo-controlled trial (KEYNOTE-522) compared preoperative carboplatin and paclitaxel followed by doxorubicin or epirubicin and cyclophosphamide in combination with either pembrolizumab (n=784) or placebo (n=390), followed by pembrolizumab or placebo administered every 3"
274,,10.1016/j,2023,"systemic therapy, early stage",Systemic Therapies (Preoperative and Adjuvant) > Preoperative Systemic Therapy > Selection of Patients for Preoperative Therapy,Immunotherapy:,3,"159,173","Schmid P, Cortés J, Dent RA, et al. Pembrolizumab or placebo plus chemotherapy followed by pembrolizumab or placebo for early-stage TNBC: Updated EFS results from the phase III KEYNOTE-522 study (abstract). Annals of Oncology 2023;34:S1257.",https://doi.org/10.1016/j.annonc.2023.10.008,"The 5-year follow-up of KEYNOTE-522 trial results showed an improvement in EFS rate in patients treated with chemotherapy plus pembrolizumab compared with the placebo arm (81.3% vs. 72.3%), with reduction in risk for recurrence, progression, complications, or death of 37% (HR, 0.63; 95% CI, 0.49-0.8"
275,34902335,,2022,"systemic therapy, early stage",Systemic Therapies (Preoperative and Adjuvant) > Preoperative Systemic Therapy > Response Assessment During Preoperative Chemotherapy,Immunotherapy:,2,159,"Yau C, Osdoit M, van der Noordaa M, et al. Residual cancer burden after neoadjuvant chemotherapy and long-term survival outcomes in breast cancer: a multicentre pooled analysis of 5161 patients. Lancet Oncol 2022;23:149-160.",https://www.ncbi.nlm.nih.gov/pubmed/34902335,"In a multicenter analysis of patients (n=5161), the residual cancer burden (RCB) after preoperative chemotherapy was seen to be prognostic within each breast cancer subtype."
276,19755043,,2009,"systemic therapy, early stage","Systemic Therapies (Preoperative and Adjuvant) > Adjuvant Systemic Therapy > Adjuvant Systemic therapy for HR-positive, HER2-negative tumors",,2,"160,178","Allred DC, Carlson RW, Berry DA, et al. NCCN Task Force Report: Estrogen receptor and progesterone receptor testing in breast cancer by immunohistochemistry. J Natl Compr Canc Netw 2009;7 Suppl 6:S1- S21; quiz S22-23.",http://www.ncbi.nlm.nih.gov/pubmed/19755043,The NCCN Guidelines call for the determination of ER and PR content in all primary invasive breast cancers
277,9605801,,1998,"systemic therapy, early stage","Systemic Therapies (Preoperative and Adjuvant) > Adjuvant Systemic Therapy > Adjuvant Systemic therapy for HR-positive, HER2-negative tumors",,1,160,Tamoxifen for early breast cancer: an overview of the randomised trials. Early Breast Cancer Trialists' Collaborative Group. Lancet 1998;351:1451-1467.,http://www.ncbi.nlm.nih.gov/pubmed/9605801,"Patients with invasive breast cancers that are HR- positive should be considered for adjuvant endocrine therapy regardless of patient age, lymph node status, or whether adjuvant chemotherapy is to be administered."
278,15355892,,2004,"systemic therapy, early stage","Systemic Therapies (Preoperative and Adjuvant) > Adjuvant Systemic Therapy > Adjuvant Systemic therapy for HR-positive, HER2-negative tumors",,1,160,"Arpino G, Green SJ, Allred DC, et al. HER-2 amplification, HER-1 expression, and tamoxifen response in estrogen receptor-positive metastatic breast cancer: a southwest oncology group study. Clin Cancer Res 2004;10:5670-5676.",http://www.ncbi.nlm.nih.gov/pubmed/15355892,
279,11032587,,2000,"systemic therapy, early stage","Systemic Therapies (Preoperative and Adjuvant) > Adjuvant Systemic Therapy > Adjuvant Systemic therapy for HR-positive, HER2-negative tumors",,1,160,"Berry DA, Muss HB, Thor AD, et al. HER-2/neu and p53 expression versus tamoxifen resistance in estrogen receptor-positive, node-positive breast cancer. J Clin Oncol 2000;18:3471-3479.",http://www.ncbi.nlm.nih.gov/pubmed/11032587,
280,16000569,,2005,"systemic therapy, early stage","Systemic Therapies (Preoperative and Adjuvant) > Adjuvant Systemic Therapy > Adjuvant Systemic therapy for HR-positive, HER2-negative tumors",,1,160,"De Laurentiis M, Arpino G, Massarelli E, et al. A meta-analysis on the interaction between HER-2 expression and response to endocrine treatment in advanced breast cancer. Clin Cancer Res 2005;11:4741- 4748.",http://www.ncbi.nlm.nih.gov/pubmed/16000569,
281,11157014,,2001,"systemic therapy, early stage","Systemic Therapies (Preoperative and Adjuvant) > Adjuvant Systemic Therapy > Adjuvant Systemic therapy for HR-positive, HER2-negative tumors",,1,160,"Eppenberger-Castori S, Kueng W, Benz C, et al. Prognostic and predictive significance of ErbB-2 breast tumor levels measured by enzyme immunoassay. J Clin Oncol 2001;19:645-656.",http://www.ncbi.nlm.nih.gov/pubmed/11157014,
282,11454885,,2001,"systemic therapy, early stage","Systemic Therapies (Preoperative and Adjuvant) > Adjuvant Systemic Therapy > Adjuvant Systemic therapy for HR-positive, HER2-negative tumors",,1,160,"Knoop AS, Bentzen SM, Nielsen MM, et al. Value of epidermal growth factor receptor, HER2, p53, and steroid receptors in predicting the efficacy of tamoxifen in high-risk postmenopausal breast cancer patients. J Clin Oncol 2001;19:3376-3384.",http://www.ncbi.nlm.nih.gov/pubmed/11454885,
283,11236028,,2000,"systemic therapy, early stage","Systemic Therapies (Preoperative and Adjuvant) > Adjuvant Systemic Therapy > Adjuvant Systemic therapy for HR-positive, HER2-negative tumors",,1,160,Mass R. The role of HER-2 expression in predicting response to therapy in breast cancer. Semin Oncol 2000;27:46-52.,http://www.ncbi.nlm.nih.gov/pubmed/11236028,
284,10066073,,1998,"systemic therapy, early stage","Systemic Therapies (Preoperative and Adjuvant) > Adjuvant Systemic Therapy > Adjuvant Systemic therapy for HR-positive, HER2-negative tumors",,1,160,"Pegram MD, Pauletti G, Slamon DJ. HER-2/neu as a predictive marker of response to breast cancer therapy. Breast Cancer Res Treat 1998;52:65-77.",http://www.ncbi.nlm.nih.gov/pubmed/10066073,
285,10974622,,2000,"systemic therapy, early stage","Systemic Therapies (Preoperative and Adjuvant) > Adjuvant Systemic Therapy > Adjuvant Systemic therapy for HR-positive, HER2-negative tumors",,1,160,"Piccart MJ, Di Leo A, Hamilton A. HER2. a 'predictive factor' ready to use in the daily management of breast cancer patients? Eur J Cancer 2000;36:1755-1761.",http://www.ncbi.nlm.nih.gov/pubmed/10974622,
286,16720680,,2006,"systemic therapy, early stage","Systemic Therapies (Preoperative and Adjuvant) > Adjuvant Systemic Therapy > Adjuvant Systemic therapy for HR-positive, HER2-negative tumors",HER2-negative disease:,4,"160,167","Paik S, Tang G, Shak S, et al. Gene expression and benefit of chemotherapy in women with node-negative, estrogen receptor-positive breast cancer. J Clin Oncol 2006;24:3726-3734.",http://www.ncbi.nlm.nih.gov/pubmed/16720680,"This assay has also been validated to predict the benefit from adding adjuvant chemotherapy to adjuvant endocrine therapy for patients with HR-positive, HER2-negative, node-negative breast cancer."
287,18227529,,2008,"systemic therapy, early stage","Systemic Therapies (Preoperative and Adjuvant) > Adjuvant Systemic Therapy > Adjuvant Systemic therapy for HR-positive, HER2-negative tumors",,1,160,"Dowsett M, Allred C, Knox J, et al. Relationship between quantitative estrogen and progesterone receptor expression and human epidermal growth factor receptor 2 (HER-2) status with recurrence in the Arimidex, Tamoxifen, Alone or in Combination trial. J Clin Oncol 2008;26:1059-1065.",http://www.ncbi.nlm.nih.gov/pubmed/18227529,A retrospective analysis of tumor blocks collected in the ATAC trial indicated that HER2 amplification is a marker of relative endocrine resistance independent of type of endocrine therapy.
288,20004966,,2009,"systemic therapy, early stage","Systemic Therapies (Preoperative and Adjuvant) > Adjuvant Systemic Therapy > Adjuvant Systemic therapy for HR-positive, HER2-negative tumors",Tamoxifen:,1,161,"Albain KS, Barlow WE, Ravdin PM, et al. Adjuvant chemotherapy and timing of tamoxifen in postmenopausal patients with endocrine- responsive, node-positive breast cancer: a phase 3, open-label, randomised controlled trial. Lancet 2009;374:2055-2063.",http://www.ncbi.nlm.nih.gov/pubmed/20004966,"In patients receiving both tamoxifen and chemotherapy, chemotherapy should be given first, followed by sequential tamoxifen."
289,21802721,,2011,"systemic therapy, early stage","Systemic Therapies (Preoperative and Adjuvant) > Adjuvant Systemic Therapy > Adjuvant Systemic therapy for HR-positive, HER2-negative tumors",Tamoxifen:,1,161,"Early Breast Cancer Trialists' Collaborative G, Davies C, Godwin J, et al. Relevance of breast cancer hormone receptors and other factors to the efficacy of adjuvant tamoxifen: patient-level meta-analysis of randomised trials. Lancet 2011;378:771-784.",https://www.ncbi.nlm.nih.gov/pubmed/21802721,Prospective randomized trials have demonstrated that 5 years of tamoxifen is more effective than 1 to 2 years of tamoxifen.
290,15894097,,2005,"systemic therapy, early stage","Systemic Therapies (Preoperative and Adjuvant) > Adjuvant Systemic Therapy > Adjuvant Systemic therapy for HR-positive, HER2-negative tumors",Tamoxifen:,1,161,Early Breast Cancer Trialists' Collaborative G. Effects of chemotherapy and hormonal therapy for early breast cancer on recurrence and 15-year survival: an overview of the randomised trials. Lancet 2005;365:1687-1717.,http://www.ncbi.nlm.nih.gov/pubmed/15894097,Prospective randomized trials have demonstrated that 5 years of tamoxifen is more effective than 1 to 2 years of tamoxifen.
291,23219286,,2013,"systemic therapy, early stage","Systemic Therapies (Preoperative and Adjuvant) > Adjuvant Systemic Therapy > Adjuvant Systemic therapy for HR-positive, HER2-negative tumors",Tamoxifen:,4,"161,164","Davies C, Pan H, Godwin J, et al. Long-term effects of continuing adjuvant tamoxifen to 10 years versus stopping at 5 years after diagnosis of oestrogen receptor-positive breast cancer: ATLAS, a randomised trial. Lancet 2013;381:805-816.",https://www.ncbi.nlm.nih.gov/pubmed/23219286,"The outcome analyses of 6846 patients with ER-positive disease showed that by extending adjuvant treatment to 10 years, the risk of relapse and breast cancer-related mortality was reduced."
292,,,2013,"systemic therapy, early stage","Systemic Therapies (Preoperative and Adjuvant) > Adjuvant Systemic Therapy > Adjuvant Systemic therapy for HR-positive, HER2-negative tumors",Tamoxifen:,2,"161,164","Gray R, Rea D, Handley K, et al. aTTom: Long-term effects of continuing adjuvant tamoxifen to 10 years versus stopping at 5 years in 6,953 women with early breast cancer [Abstract]. J Clin Oncol 2013;31(Suppl):Abstract 5.",,The results of the aTTom trial confirm the significant reduction in recurrence and death from breast cancer seen in the ATLAS trial with 10 versus 5 years of tamoxifen therapy.
293,17307102,,2007,"systemic therapy, early stage","Systemic Therapies (Preoperative and Adjuvant) > Adjuvant Systemic Therapy > Adjuvant Systemic therapy for HR-positive, HER2-negative tumors",Aromatase inhibitors:,1,161,"Coombes RC, Kilburn LS, Snowdon CF, et al. Survival and safety of exemestane versus tamoxifen after 2-3 years' tamoxifen treatment (Intergroup Exemestane Study): a randomised controlled trial. Lancet 2007;369:559-570.",http://www.ncbi.nlm.nih.gov/pubmed/17307102,", randomized, clinical trials have provided evidence of an OS benefit for patients with early-stage breast cancer receiving initial endocrine therapy with tamoxifen followed sequentially by anastrozole (HR, 0.53; 95% CI, 0.28-0.99; P = .045) or exemestane (HR, 0.83; 95% CI, 0.69-1.00; P = .05 [exclu"
294,17563395,,2007,"systemic therapy, early stage","Systemic Therapies (Preoperative and Adjuvant) > Adjuvant Systemic Therapy > Adjuvant Systemic therapy for HR-positive, HER2-negative tumors",Aromatase inhibitors:,2,"161,163","Kaufmann M, Jonat W, Hilfrich J, et al. Improved overall survival in postmenopausal women with early breast cancer after anastrozole initiated after treatment with tamoxifen compared with continued tamoxifen: the ARNO 95 Study. J Clin Oncol 2007;25:2664-2670.",http://www.ncbi.nlm.nih.gov/pubmed/17563395,", randomized, clinical trials have provided evidence of an OS benefit for patients with early-stage breast cancer receiving initial endocrine therapy with tamoxifen followed sequentially by anastrozole (HR, 0.53; 95% CI, 0.28-0.99; P = .045) or exemestane (HR, 0.83; 95% CI, 0.69-1.00; P = .05 [exclu"
295,16145047,,2005,"systemic therapy, early stage","Systemic Therapies (Preoperative and Adjuvant) > Adjuvant Systemic Therapy > Adjuvant Systemic therapy for HR-positive, HER2-negative tumors",Aromatase inhibitors:,2,"161,164","Goss PE, Ingle JN, Martino S, et al. Randomized trial of letrozole following tamoxifen as extended adjuvant therapy in receptor-positive breast cancer: updated findings from NCIC CTG MA.17. J Natl Cancer Inst 2005;97:1262-1271.",http://www.ncbi.nlm.nih.gov/pubmed/16145047,"In addition, the NCIC-CTG MA-17 trial demonstrated a survival advantage with extended therapy with letrozole compared with placebo in patients with ALN-positive (but not lymph node-negative), ER-positive breast cancer."
296,12090977,,2002,"systemic therapy, early stage","Systemic Therapies (Preoperative and Adjuvant) > Adjuvant Systemic Therapy > Adjuvant Systemic therapy for HR-positive, HER2-negative tumors",Aromatase inhibitors:,1,161,"Baum M, Budzar AU, Cuzick J, et al. Anastrozole alone or in combination with tamoxifen versus tamoxifen alone for adjuvant treatment of postmenopausal women with early breast cancer: first results of the ATAC randomised trial. Lancet 2002;359:2131-2139.",http://www.ncbi.nlm.nih.gov/pubmed/12090977,The ATAC trial demonstrated that anastrozole is superior to tamoxifen or the combination of tamoxifen and anastrozole in the adjuvant endocrine therapy of postmenopausal patients with HR-positive breast cancer.
297,15639680,,2005,"systemic therapy, early stage","Systemic Therapies (Preoperative and Adjuvant) > Adjuvant Systemic Therapy > Adjuvant Systemic therapy for HR-positive, HER2-negative tumors",Aromatase inhibitors:,2,"161,162","Howell A, Cuzick J, Baum M, et al. Results of the ATAC (Arimidex, Tamoxifen, Alone or in Combination) trial after completion of 5 years' adjuvant treatment for breast cancer. Lancet 2005;365:60-62.",http://www.ncbi.nlm.nih.gov/pubmed/15639680,The ATAC trial demonstrated that anastrozole is superior to tamoxifen or the combination of tamoxifen and anastrozole in the adjuvant endocrine therapy of postmenopausal patients with HR-positive breast cancer.
298,18083636,,2008,"systemic therapy, early stage","Systemic Therapies (Preoperative and Adjuvant) > Adjuvant Systemic Therapy > Adjuvant Systemic therapy for HR-positive, HER2-negative tumors",Aromatase inhibitors:,1,162,"Forbes JF, Cuzick J, Buzdar A, et al. Effect of anastrozole and tamoxifen as adjuvant treatment for early-stage breast cancer: 100- month analysis of the ATAC trial. Lancet Oncol 2008;9:45-53.",http://www.ncbi.nlm.nih.gov/pubmed/18083636,"With a median of 100 months follow-up, results in 5216 postmenopausal patients with HR-positive, early-stage breast cancer enrolled in the ATAC trial demonstrated fewer recurrences (HR for DFS, 0.85; 95% CI, 0.76-0.94; P = .003) with anastrozole compared with tamoxifen."
299,16210385,,2006,"systemic therapy, early stage","Systemic Therapies (Preoperative and Adjuvant) > Adjuvant Systemic Therapy > Adjuvant Systemic therapy for HR-positive, HER2-negative tumors",,1,162,"Duffy S, Jackson TL, Lansdown M, et al. The ATAC ('Arimidex', Tamoxifen, Alone or in Combination) adjuvant breast cancer trial: first results of the endometrial sub-protocol following 2 years of treatment. Hum Reprod 2006;21:545-553.",http://www.ncbi.nlm.nih.gov/pubmed/16210385,ATAC trial sub-protocols show a lesser effect of anastrozole compared with tamoxifen on endometrial tissue;
300,15514369,,2004,"systemic therapy, early stage","Systemic Therapies (Preoperative and Adjuvant) > Adjuvant Systemic Therapy > Adjuvant Systemic therapy for HR-positive, HER2-negative tumors",,1,162,"Fallowfield L, Cella D, Cuzick J, et al. Quality of life of postmenopausal women in the Arimidex, Tamoxifen, Alone or in Combination (ATAC) Adjuvant Breast Cancer Trial. J Clin Oncol 2004;22:4261-4271.",http://www.ncbi.nlm.nih.gov/pubmed/15514369,"ATAC trial sub-protocols show a lesser effect of anastrozole compared with tamoxifen on endometrial tissue; similar effects of anastrozole and tamoxifen on quality of life, with most patients reporting that overall quality of life was not significantly impaired;"
301,18309940,,2008,"systemic therapy, early stage","Systemic Therapies (Preoperative and Adjuvant) > Adjuvant Systemic Therapy > Adjuvant Systemic therapy for HR-positive, HER2-negative tumors",,1,162,"Eastell R, Adams JE, Coleman RE, et al. Effect of anastrozole on bone mineral density: 5-year results from the anastrozole, tamoxifen, alone or in combination trial 18233230. J Clin Oncol 2008;26:1051-1057.",http://www.ncbi.nlm.nih.gov/pubmed/18309940,"ATAC trial sub-protocols show a lesser effect of anastrozole compared with tamoxifen on endometrial tissue; similar effects of anastrozole and tamoxifen on quality of life, with most patients reporting that overall quality of life was not significantly impaired; a greater loss of bone mineral densit"
302,11487258,,2001,"systemic therapy, early stage","Systemic Therapies (Preoperative and Adjuvant) > Adjuvant Systemic Therapy > Adjuvant Systemic therapy for HR-positive, HER2-negative tumors",,1,162,"Dowsett M, Cuzick J, Howell A, Jackson I. Pharmacokinetics of anastrozole and tamoxifen alone, and in combination, during adjuvant endocrine therapy for early breast cancer in postmenopausal women: a sub-protocol of the 'Arimidex and tamoxifen alone or in combination' (ATAC) trial. Br J Cancer 2001;85:317-324.",http://www.ncbi.nlm.nih.gov/pubmed/11487258,"show a lesser effect of anastrozole compared with tamoxifen on endometrial tissue; similar effects of anastrozole and tamoxifen on quality of life, with most patients reporting that overall quality of life was not significantly impaired; a greater loss of bone mineral density with anastrozole; a sma"
303,16804925,,2006,"systemic therapy, early stage","Systemic Therapies (Preoperative and Adjuvant) > Adjuvant Systemic Therapy > Adjuvant Systemic therapy for HR-positive, HER2-negative tumors",,1,162,"Buzdar AU, Guastalla JP, Nabholtz JM, et al. Impact of chemotherapy regimens prior to endocrine therapy: Results from the ATAC (anastrozole and tamoxifen, alone or in combination) trial. Cancer 2006;107:472-480.",http://www.ncbi.nlm.nih.gov/pubmed/16804925,"ue; similar effects of anastrozole and tamoxifen on quality of life, with most patients reporting that overall quality of life was not significantly impaired; a greater loss of bone mineral density with anastrozole; a small pharmacokinetic interference of anastrozole in the presence of tamoxifen of "
304,16382061,,2005,"systemic therapy, early stage","Systemic Therapies (Preoperative and Adjuvant) > Adjuvant Systemic Therapy > Adjuvant Systemic therapy for HR-positive, HER2-negative tumors",,1,162,"Thurlimann B, Keshaviah A, Coates AS, et al. A comparison of letrozole and tamoxifen in postmenopausal women with early breast cancer. N Engl J Med 2005;353:2747-2757.",http://www.ncbi.nlm.nih.gov/pubmed/16382061,"An early analysis compared tamoxifen alone versus letrozole alone, including those patients in the sequential arms during their first 2 years of treatment only."
305,17998546,,2007,"systemic therapy, early stage","Systemic Therapies (Preoperative and Adjuvant) > Adjuvant Systemic Therapy > Adjuvant Systemic therapy for HR-positive, HER2-negative tumors",,1,162,"Mouridsen H, Keshaviah A, Coates AS, et al. Cardiovascular adverse events during adjuvant endocrine therapy for early breast cancer using letrozole or tamoxifen: safety analysis of BIG 1-98 trial. J Clin Oncol 2007;25:5715-5722.",http://www.ncbi.nlm.nih.gov/pubmed/17998546,"However, the incidence of grade 3 to 5 cardiac adverse events was significantly higher in the letrozole arm, and both the overall incidence and incidence of grade 3 to 5 thromboembolic events was significantly higher in the tamoxifen arm."
306,19474112,,2009,"systemic therapy, early stage","Systemic Therapies (Preoperative and Adjuvant) > Adjuvant Systemic Therapy > Adjuvant Systemic therapy for HR-positive, HER2-negative tumors",,1,162,"Rabaglio M, Sun Z, Price KN, et al. Bone fractures among postmenopausal patients with endocrine-responsive early breast cancer treated with 5 years of letrozole or tamoxifen in the BIG 1-98 trial. Ann Oncol 2009;20:1489-1498.",http://www.ncbi.nlm.nih.gov/pubmed/19474112,"In addition, a higher incidence of bone fracture was observed for patients in the letrozole arm compared with those in the tamoxifen arm (9.5% vs. 6.5%)."
307,19692688,,2009,"systemic therapy, early stage","Systemic Therapies (Preoperative and Adjuvant) > Adjuvant Systemic Therapy > Adjuvant Systemic therapy for HR-positive, HER2-negative tumors",,2,"162,163","Mouridsen H, Giobbie-Hurder A, Goldhirsch A, et al. Letrozole therapy alone or in sequence with tamoxifen in women with breast cancer. N Engl J Med 2009;361:766-776.",http://www.ncbi.nlm.nih.gov/pubmed/19692688,"After a longer follow-up (median 71 months) no significant improvement in DFS was noted with either tamoxifen followed by letrozole or the reverse sequence as compared with letrozole alone (HR for tamoxifen followed by letrozole, 1.05; 99% CI, 0.84-1.32; HR for letrozole followed by tamoxifen, 0.96;"
308,16009955,,2005,"systemic therapy, early stage","Systemic Therapies (Preoperative and Adjuvant) > Adjuvant Systemic Therapy > Adjuvant Systemic therapy for HR-positive, HER2-negative tumors",,2,162,"Boccardo F, Rubagotti A, Puntoni M, et al. Switching to anastrozole versus continued tamoxifen treatment of early breast cancer: preliminary results of the Italian Tamoxifen Anastrozole Trial. J Clin Oncol 2005;23:5138-5147.",http://www.ncbi.nlm.nih.gov/pubmed/16009955,The Italian Tamoxifen Anastrozole (ITA) trial randomized 426 postmenopausal patients with breast cancer who had completed 2 to 3 years of tamoxifen to either continue tamoxifen or to switch to anastrozole to complete a total of 5 years of endocrine therapy.
309,16760270,,2006,"systemic therapy, early stage","Systemic Therapies (Preoperative and Adjuvant) > Adjuvant Systemic Therapy > Adjuvant Systemic therapy for HR-positive, HER2-negative tumors",,1,162,"Boccardo F, Rubagotti A, Guglielmini P, et al. Switching to anastrozole versus continued tamoxifen treatment of early breast cancer. Updated results of the Italian tamoxifen anastrozole (ITA) trial. Ann Oncol 2006;17 Suppl 7:10-14.",http://www.ncbi.nlm.nih.gov/pubmed/16760270,"Updated results from this study show the HR for relapse-free survival as 0.56 (95% CI, 0.35-0.89; P = .01); P value for OS analysis remained at 0.1."
310,15014181,,2004,"systemic therapy, early stage","Systemic Therapies (Preoperative and Adjuvant) > Adjuvant Systemic Therapy > Adjuvant Systemic therapy for HR-positive, HER2-negative tumors",,1,162,"Coombes RC, Hall E, Gibson LJ, et al. A randomized trial of exemestane after two to three years of tamoxifen therapy in postmenopausal women with primary breast cancer. N Engl J Med 2004;350:1081-1092.",http://www.ncbi.nlm.nih.gov/pubmed/15014181,The IES trial randomized 4742 postmenopausal patients with breast cancer who had completed a total of 2 to 3 years of tamoxifen to either continue tamoxifen or to switch to exemestane to complete a total of 5 years of endocrine therapy.
311,16084253,,2005,"systemic therapy, early stage","Systemic Therapies (Preoperative and Adjuvant) > Adjuvant Systemic Therapy > Adjuvant Systemic therapy for HR-positive, HER2-negative tumors",,1,162,"Jakesz R, Jonat W, Gnant M, et al. Switching of postmenopausal women with endocrine-responsive early breast cancer to anastrozole after 2 years' adjuvant tamoxifen: combined results of ABCSG trial 8 and ARNO 95 trial. Lancet 2005;366:455-462.",http://www.ncbi.nlm.nih.gov/pubmed/16084253,"A prospectively planned, combined analysis of 3224 patients enrolled in the ABCSG 8 trial and the ARNO 95 trial has also been reported."
312,17138220,,2006,"systemic therapy, early stage","Systemic Therapies (Preoperative and Adjuvant) > Adjuvant Systemic Therapy > Adjuvant Systemic therapy for HR-positive, HER2-negative tumors",,1,163,"Jonat W, Gnant M, Boccardo F, et al. Effectiveness of switching from adjuvant tamoxifen to anastrozole in postmenopausal women with hormone-sensitive early-stage breast cancer: a meta-analysis. Lancet Oncol 2006;7:991-996.",http://www.ncbi.nlm.nih.gov/pubmed/17138220,"A meta-analysis of ABCSG 8, ARNO 95, and ITA studies showed significant improvement in OS (HR, 0.71; 95% CI, 0.52-0.98; P = .04) with a switch to anastrozole."
313,21247627,,2011,"systemic therapy, early stage","Systemic Therapies (Preoperative and Adjuvant) > Adjuvant Systemic Therapy > Adjuvant Systemic therapy for HR-positive, HER2-negative tumors",,1,163,"van de Velde CJ, Rea D, Seynaeve C, et al. Adjuvant tamoxifen and exemestane in early breast cancer (TEAM): a randomised phase 3 trial. Lancet 2011;377:321-331.",http://www.ncbi.nlm.nih.gov/pubmed/21247627,The TEAM trial compared treatment of exemestane alone versus sequential therapy of tamoxifen for 2.5 to 3.0 years followed by exemestane to complete 5 years of hormone therapy.
314,24881463,,2014,"systemic therapy, early stage","Systemic Therapies (Preoperative and Adjuvant) > Adjuvant Systemic Therapy > Adjuvant Systemic therapy for HR-positive, HER2-negative tumors",,3,163,"Pagani O, Regan MM, Walley BA, et al. Adjuvant exemestane with ovarian suppression in premenopausal breast cancer. N Engl J Med 2014;371:107-118.",http://www.ncbi.nlm.nih.gov/pubmed/24881463,"In two randomized trials (TEXT and SOFT), premenopausal patients with HR-positive early-stage breast cancer were assigned to receive AI (exemestane) plus OFS or tamoxifen plus OFS for a period of 5 years."
315,,,2018,"systemic therapy, early stage","Systemic Therapies (Preoperative and Adjuvant) > Adjuvant Systemic Therapy > Adjuvant Systemic therapy for HR-positive, HER2-negative tumors",,1,163,"Francis PA, Pagani O, Fleming GF, et al. Tailoring adjuvant endocrine therapy for premenopausal breast cancer. N Engl J Med 2018;379:122-137.",,"A 9-year median follow-up analysis of the TEXT-SOFT trials showed sustained improvements in DFS with exemestane plus OFS versus tamoxifen plus OFS (HR- 0.77; 95% CI, 0.67 to 0.90) and in distant recurrence-free interval but not OS (HR, 0.98; 95% CI, 0.79 to 1.22)."
316,,10.1200/JCO,2023,"systemic therapy, early stage","Systemic Therapies (Preoperative and Adjuvant) > Adjuvant Systemic Therapy > Adjuvant Systemic therapy for HR-positive, HER2-negative tumors",,1,163,"Pagani O, Walley BA, Fleming GF, et al. Adjuvant exemestane with ovarian suppression in premenopausal breast cancer: Long-term follow- up of the combined TEXT and SOFT trials. Journal of Clinical Oncology 2023;41:1376-1382.",https://ascopubs.org/doi/abs/10.1200/JCO.22.01064,"Ultimately, with longer follow-up (median = 13 years), an OS was demonstrated for OFS + exemestane in patients with high-risk of recurrence, but not in .exemestane plus OFS in patients with lower risk of relapse not receiving chemotherapy."
317,37607321,,2023,"systemic therapy, early stage","Systemic Therapies (Preoperative and Adjuvant) > Adjuvant Systemic Therapy > Adjuvant Systemic therapy for HR-positive, HER2-negative tumors",,1,164,"Baek SY, Noh WC, Ahn SH, et al. Adding ovarian suppression to tamoxifen for premenopausal women with hormone receptor-positive breast cancer after chemotherapy: An 8-year follow-up of the ASTRRA trial. J Clin Oncol 2023;41:4864-4871.",https://www.ncbi.nlm.nih.gov/pubmed/37607321,"The 8-year DFS with tamoxifen plus OFS was 85.4% versus 80.2% with tamoxifen alone (HR- 0.67; 95% CI, 0.51 to 0.87)."
318,,,2016,"systemic therapy, early stage","Systemic Therapies (Preoperative and Adjuvant) > Adjuvant Systemic Therapy > Adjuvant Systemic therapy for HR-positive, HER2-negative tumors",,2,164,"Pan H, Gray R, Davies C, et al. Predictors of recurrence during years 5-14 in 46,138 women with ER+ breast cancer allocated 5 years only of endocrine therapy (ET) [abstract]. J Clin Oncol 2016;34:Abstract 505.",http://meetinglibrary.asco.org/content/166053-176,A recent retrospective analysis by the Oxford University studied risk of recurrence for years 5 through 20 after 5 years of endocrine therapy.
319,14551341,,2003,"systemic therapy, early stage","Systemic Therapies (Preoperative and Adjuvant) > Adjuvant Systemic Therapy > Adjuvant Systemic therapy for HR-positive, HER2-negative tumors",,1,164,"Goss PE, Ingle JN, Martino S, et al. A randomized trial of letrozole in postmenopausal women after five years of tamoxifen therapy for early- stage breast cancer. N Engl J Med 2003;349:1793-1802.",http://www.ncbi.nlm.nih.gov/pubmed/14551341,"Results of the MA-17 trial in 5187 patients who had completed 4.5 to 6 years of adjuvant tamoxifen demonstrated that extended therapy with letrozole provides benefit in postmenopausal patients with HR-positive, early-stage breast cancer."
320,22042967,,2012,"systemic therapy, early stage","Systemic Therapies (Preoperative and Adjuvant) > Adjuvant Systemic Therapy > Adjuvant Systemic therapy for HR-positive, HER2-negative tumors",,1,164,"Jin H, Tu D, Zhao N, et al. Longer-term outcomes of letrozole versus placebo after 5 years of tamoxifen in the NCIC CTG MA.17 trial: analyses adjusting for treatment crossover. J Clin Oncol 2012;30:718- 721.",https://www.ncbi.nlm.nih.gov/pubmed/22042967,"With a median follow-up of 64 months, letrozole was associated with improved DFS (HR 0.52, 95% CI 0.45-0.61) and an improved OS (HR 0.61, 95% CI 0.52-0.71) compared with placebo."
321,18332475,,2008,"systemic therapy, early stage","Systemic Therapies (Preoperative and Adjuvant) > Adjuvant Systemic Therapy > Adjuvant Systemic therapy for HR-positive, HER2-negative tumors",,1,164,"Goss PE, Ingle JN, Pater JL, et al. Late extended adjuvant treatment with letrozole improves outcome in women with early-stage breast cancer who complete 5 years of tamoxifen. J Clin Oncol 2008;26:1948-1955.",http://www.ncbi.nlm.nih.gov/pubmed/18332475,"In a separate cohort analysis of the MA-17 trial, the efficacy of letrozole versus placebo was evaluated after un-blinding of the study in the 1579 patients who had been randomly assigned to placebo after 4.5 to 6 years of tamoxifen."
322,18332043,,2008,"systemic therapy, early stage","Systemic Therapies (Preoperative and Adjuvant) > Adjuvant Systemic Therapy > Adjuvant Systemic therapy for HR-positive, HER2-negative tumors",,1,164,"Ingle JN, Tu D, Pater JL, et al. Intent-to-treat analysis of the placebo-controlled trial of letrozole for extended adjuvant therapy in early breast cancer: NCIC CTG MA.17. Ann Oncol 2008;19:877-882.",http://www.ncbi.nlm.nih.gov/pubmed/18332043,"In a separate cohort analysis of the MA-17 trial, the efficacy of letrozole versus placebo was evaluated after un-blinding of the study in the 1579 patients who had been randomly assigned to placebo after 4.5 to 6 years of tamoxifen."
323,16822845,,2006,"systemic therapy, early stage","Systemic Therapies (Preoperative and Adjuvant) > Adjuvant Systemic Therapy > Adjuvant Systemic therapy for HR-positive, HER2-negative tumors",,1,164,"Perez EA, Josse RG, Pritchard KI, et al. Effect of letrozole versus placebo on bone mineral density in women with primary breast cancer completing 5 or more years of adjuvant tamoxifen: a companion study to NCIC CTG MA.17. J Clin Oncol 2006;24:3629-3635.",http://www.ncbi.nlm.nih.gov/pubmed/16822845,"A formal quality-of-life analysis demonstrated reasonable preservation of quality of life during extended endocrine therapy, although patients may experience ongoing menopausal symptoms and loss of bone mineral density."
324,16157934,,2005,"systemic therapy, early stage","Systemic Therapies (Preoperative and Adjuvant) > Adjuvant Systemic Therapy > Adjuvant Systemic therapy for HR-positive, HER2-negative tumors",,1,164,"Whelan TJ, Goss PE, Ingle JN, et al. Assessment of quality of life in MA.17: a randomized, placebo-controlled trial of letrozole after 5 years of tamoxifen in postmenopausal women. J Clin Oncol 2005;23:6931-6940.",http://www.ncbi.nlm.nih.gov/pubmed/16157934,"A formal quality-of-life analysis demonstrated reasonable preservation of quality of life during extended endocrine therapy, although patients may experience ongoing menopausal symptoms and loss of bone mineral density."
325,18073378,,2007,"systemic therapy, early stage","Systemic Therapies (Preoperative and Adjuvant) > Adjuvant Systemic Therapy > Adjuvant Systemic therapy for HR-positive, HER2-negative tumors",,2,164,"Jakesz R, Greil R, Gnant M, et al. Extended adjuvant therapy with anastrozole among postmenopausal breast cancer patients: results from the randomized Austrian Breast and Colorectal Cancer Study Group Trial 6a. J Natl Cancer Inst 2007;99:1845-1853.",http://www.ncbi.nlm.nih.gov/pubmed/18073378,"In the extension study of ABCSG trial 6, HR-positive postmenopausal patients received 5 years of adjuvant tamoxifen and were randomized to 3 years of anastrozole or no further therapy."
326,19949017,,2010,"systemic therapy, early stage","Systemic Therapies (Preoperative and Adjuvant) > Adjuvant Systemic Therapy > Adjuvant Systemic therapy for HR-positive, HER2-negative tumors",,1,165,"Dowsett M, Cuzick J, Ingle J, et al. Meta-analysis of breast cancer outcomes in adjuvant trials of aromatase inhibitors versus tamoxifen. J Clin Oncol 2010;28:509-518.",http://www.ncbi.nlm.nih.gov/pubmed/19949017,"A meta-analysis of adjuvant trials of aromatase inhibitors versus tamoxifen alone versus after 2 or 3 years of tamoxifen documented lower recurrence rates with the aromatase inhibitor-containing regimen, with no clear impact on OS."
327,27264120,,2016,"systemic therapy, early stage","Systemic Therapies (Preoperative and Adjuvant) > Adjuvant Systemic Therapy > Adjuvant Systemic therapy for HR-positive, HER2-negative tumors",,3,165,"Goss PE, Ingle JN, Pritchard KI, et al. Extending aromatase- inhibitor adjuvant therapy to 10 years. N Engl J Med 2016;375:209-219.",http://www.ncbi.nlm.nih.gov/pubmed/27264120,"In patients initially treated with an AI, a randomized phase III trial (MA17.R) evaluated the effects of extending adjuvant AI therapy from 5 to 10 years."
328,,,2021,"systemic therapy, early stage","Systemic Therapies (Preoperative and Adjuvant) > Adjuvant Systemic Therapy > Adjuvant Systemic therapy for HR-positive, HER2-negative tumors",,1,165,"Del Mastro L, Mansutti M, Bisagni G, et al. Extended therapy with letrozole as adjuvant treatment of postmenopausal patients with early- stage breast cancer: a multicentre, open-label, randomised, phase 3 trial. Lancet Oncol 2021;22:1458-1467.",,Patients with high-risk of recurrence (eg. those with lymph node involvement) may benefit from extended AI duration (7.5-10 years total).
329,34320285,,2021,"systemic therapy, early stage","Systemic Therapies (Preoperative and Adjuvant) > Adjuvant Systemic Therapy > Adjuvant Systemic therapy for HR-positive, HER2-negative tumors",,1,165,"Gnant M, Fitzal F, Rinnerthaler G, et al. Duration of adjuvant aromatase-inhibitor therapy in postmenopausal breast cancer. N Engl J Med 2021;385:395-405.",https://www.ncbi.nlm.nih.gov/pubmed/34320285,Patients with high-risk of recurrence (eg. those with lymph node involvement) may benefit from extended AI duration (7.5-10 years total).
330,16735701,,2006,"systemic therapy, early stage","Systemic Therapies (Preoperative and Adjuvant) > Adjuvant Systemic Therapy > Adjuvant Systemic therapy for HR-positive, HER2-negative tumors",Adjuvant Endocrine Therapy for Postmenopausal Patients:,4,"165,166,179,180","Smith IE, Dowsett M, Yap Y-S, et al. Adjuvant aromatase inhibitors for early breast cancer after chemotherapy-induced amenorrhoea: caution and suggested guidelines. J Clin Oncol 2006;24:2444-2447.",http://www.ncbi.nlm.nih.gov/pubmed/16735701,"To assure a true postmenopausal status, serial assessment of circulating LH, FSH, and estradiol is mandatory when considering this subset for AI therapy."
331,20187091,,2010,"systemic therapy, early stage","Systemic Therapies (Preoperative and Adjuvant) > Adjuvant Systemic Therapy > Adjuvant Systemic therapy for HR-positive, HER2-negative tumors",Adjuvant Endocrine Therapy for Postmenopausal Patients:,1,165,"Yu B, Douglas N, Ferin MJ, et al. Changes in markers of ovarian reserve and endocrine function in young women with breast cancer undergoing adjuvant chemotherapy. Cancer 2010;116:2099-2105.",http://www.ncbi.nlm.nih.gov/pubmed/20187091,"To assure a true postmenopausal status, serial assessment of circulating LH, FSH, and estradiol is mandatory when considering this subset for AI therapy."
332,11145492,,2000,"systemic therapy, early stage","Systemic Therapies (Preoperative and Adjuvant) > Adjuvant Systemic Therapy > Adjuvant Systemic therapy for HR-positive, HER2-negative tumors",Adjuvant Endocrine Therapy for Postmenopausal Patients:,2,"165,179","Loprinzi CL, Kugler JW, Sloan JA, et al. Venlafaxine in management of hot flashes in survivors of breast cancer: a randomised controlled trial. Lancet 2000;356:2059-2063.",http://www.ncbi.nlm.nih.gov/pubmed/11145492,"Venlafaxine, a serotonin-norepinephrine reuptake inhibitor (SNRI) has been studied and is an effective intervention in decreasing hot flashes."
333,21911720,,2011,"systemic therapy, early stage","Systemic Therapies (Preoperative and Adjuvant) > Adjuvant Systemic Therapy > Adjuvant Systemic therapy for HR-positive, HER2-negative tumors",Adjuvant Endocrine Therapy for Postmenopausal Patients:,2,"165,179","Boekhout AH, Vincent AD, Dalesio OB, et al. Management of hot flashes in patients who have breast cancer with venlafaxine and clonidine: a randomized, double-blind, placebo-controlled trial. J Clin Oncol 2011;29:3862-3868.",http://www.ncbi.nlm.nih.gov/pubmed/21911720,"Venlafaxine, a serotonin-norepinephrine reuptake inhibitor (SNRI) has been studied and is an effective intervention in decreasing hot flashes."
334,21444282,,2011,"systemic therapy, early stage","Systemic Therapies (Preoperative and Adjuvant) > Adjuvant Systemic Therapy > Adjuvant Systemic therapy for HR-positive, HER2-negative tumors",Adjuvant Endocrine Therapy for Postmenopausal Patients:,2,"165,179","Kaplan M, Mahon S, Cope D, et al. Putting evidence into practice: evidence-based interventions for hot flashes resulting from cancer therapies. Clin J Oncol Nurs 2011;15:149-157.",http://www.ncbi.nlm.nih.gov/pubmed/21444282,"Venlafaxine, a serotonin-norepinephrine reuptake inhibitor (SNRI) has been studied and is an effective intervention in decreasing hot flashes."
335,21060031,,2010,"systemic therapy, early stage","Systemic Therapies (Preoperative and Adjuvant) > Adjuvant Systemic Therapy > Adjuvant Systemic therapy for HR-positive, HER2-negative tumors",Adjuvant Endocrine Therapy for Postmenopausal Patients:,2,"165,179","Bordeleau L, Pritchard KI, Loprinzi CL, et al. Multicenter, randomized, cross-over clinical trial of venlafaxine versus gabapentin for the management of hot flashes in breast cancer survivors. J Clin Oncol 2010;28:5147-5152.",http://www.ncbi.nlm.nih.gov/pubmed/21060031,"Venlafaxine, a serotonin-norepinephrine reuptake inhibitor (SNRI) has been studied and is an effective intervention in decreasing hot flashes."
336,15770000,,2005,"systemic therapy, early stage","Systemic Therapies (Preoperative and Adjuvant) > Adjuvant Systemic Therapy > Adjuvant Systemic therapy for HR-positive, HER2-negative tumors",Adjuvant Endocrine Therapy for Postmenopausal Patients:,2,"166,179",Garber K. Tamoxifen pharmacogenetics moves closer to reality. J Natl Cancer Inst 2005;97:412-413.,http://www.ncbi.nlm.nih.gov/pubmed/15770000,"There is evidence suggesting that concomitant use of tamoxifen with certain SSRIs (eg, paroxetine, fluoxetine) may decrease plasma levels of endoxifen, an active metabolite of tamoxifen."
337,15632378,,2005,"systemic therapy, early stage","Systemic Therapies (Preoperative and Adjuvant) > Adjuvant Systemic Therapy > Adjuvant Systemic therapy for HR-positive, HER2-negative tumors",Adjuvant Endocrine Therapy for Postmenopausal Patients:,2,"166,179","Jin Y, Desta Z, Stearns V, et al. CYP2D6 genotype, antidepressant use, and tamoxifen metabolism during adjuvant breast cancer treatment. J Natl Cancer Inst 2005;97:30-39.",http://www.ncbi.nlm.nih.gov/pubmed/15632378,"There is evidence suggesting that concomitant use of tamoxifen with certain SSRIs (eg, paroxetine, fluoxetine) may decrease plasma levels of endoxifen, an active metabolite of tamoxifen."
338,18829880,,2008,"systemic therapy, early stage","Systemic Therapies (Preoperative and Adjuvant) > Adjuvant Systemic Therapy > Adjuvant Systemic therapy for HR-positive, HER2-negative tumors",,2,"166,180","Henry NL, Stearns V, Flockhart DA, et al. Drug interactions and pharmacogenomics in the treatment of breast cancer and depression. Am J Psychiatry 2008;165:1251-1255.",http://www.ncbi.nlm.nih.gov/pubmed/18829880,"The mild CYP2D6 inhibitors such as citalopram, escitalopram, sertraline, and venlafaxine appear to have no or only minimal effect on tamoxifen metabolism."
339,19690182,,2009,"systemic therapy, early stage","Systemic Therapies (Preoperative and Adjuvant) > Adjuvant Systemic Therapy > Adjuvant Systemic therapy for HR-positive, HER2-negative tumors",,2,"166,180","Ahern TP, Pedersen L, Cronin-Fenton DP, et al. No increase in breast cancer recurrence with concurrent use of tamoxifen and some CYP2D6-inhibiting medications. Cancer Epidemiol Biomarkers Prev 2009;18:2562-2564.",http://www.ncbi.nlm.nih.gov/pubmed/19690182,"The mild CYP2D6 inhibitors such as citalopram, escitalopram, sertraline, and venlafaxine appear to have no or only minimal effect on tamoxifen metabolism."
340,19809024,,2009,"systemic therapy, early stage","Systemic Therapies (Preoperative and Adjuvant) > Adjuvant Systemic Therapy > Adjuvant Systemic therapy for HR-positive, HER2-negative tumors",,1,166,"Schroth W, Goetz MP, Hamann U, et al. Association between CYP2D6 polymorphisms and outcomes among women with early stage breast cancer treated with tamoxifen. JAMA 2009;302:1429-1436.",http://www.ncbi.nlm.nih.gov/pubmed/19809024,"With respect to CYP2D6 mutation status, a large retrospective study of 1325 patients found that time to disease recurrence was significantly shortened in poor metabolizers of tamoxifen."
341,,,2012,"systemic therapy, early stage","Systemic Therapies (Preoperative and Adjuvant) > Adjuvant Systemic Therapy > Adjuvant Systemic therapy for HR-positive, HER2-negative tumors",,1,166,"Regan MM, Leyland-Jones B, Bouzyk M, et al. CYP2D6 genotype and tamoxifen response in postmenopausal women with endocrine- responsive breast cancer: the breast international group 1-98 trial. J Natl Cancer Inst 2012;104:441-451.",,The study found no correlation between CYP2D6 allelic status and disease outcome or between CYP2D6 allelic status and tamoxifen-related adverse effects.
342,,,2010,"systemic therapy, early stage","Systemic Therapies (Preoperative and Adjuvant) > Adjuvant Systemic Therapy > Adjuvant Systemic therapy for HR-positive, HER2-negative tumors",,1,166,"Rae J, Drury S, Hayes D, et al. Lack of correlation between gene variants in tamoxifen metabolizing enzymes with primary endpoints in the ATAC trial [abstract]. Cancer Res 2010;70(Suppl):Abstract S1-7.",http://cancerres.aacrjournals.org/cgi/content/meeting_abstract/70/24_Me,A genetic analysis of the ATAC trial found no association between CYP2D6 genotype and clinical outcomes.
343,21860550,,2011,"systemic therapy, early stage","Systemic Therapies (Preoperative and Adjuvant) > Adjuvant Systemic Therapy > Adjuvant Systemic therapy for HR-positive, HER2-negative tumors",,1,166,"Park HS, Choi JY, Lee MJ, et al. Association between genetic polymorphisms of CYP2D6 and outcomes in breast cancer patients with tamoxifen treatment. J Korean Med Sci 2011;26:1007-1013.",https://www.ncbi.nlm.nih.gov/pubmed/21860550,A genetic analysis of the ATAC trial found no association between CYP2D6 genotype and clinical outcomes.
344,21226615,,2011,"systemic therapy, early stage","Systemic Therapies (Preoperative and Adjuvant) > Adjuvant Systemic Therapy > Adjuvant Systemic therapy for HR-positive, HER2-negative tumors",,1,166,"Higgins MJ, Stearns V. Pharmacogenetics of endocrine therapy for breast cancer. Annu Rev Med 2011;62:281-293.",http://www.ncbi.nlm.nih.gov/pubmed/21226615,"Given the limited and conflicting evidence at this time,"
345,19470930,,2009,"systemic therapy, early stage","Systemic Therapies (Preoperative and Adjuvant) > Adjuvant Systemic Therapy > Adjuvant Systemic therapy for HR-positive, HER2-negative tumors",,1,166,"Visvanathan K, Chlebowski RT, Hurley P, et al. American Society of Clinical Oncology clinical practice guideline update on the use of pharmacologic interventions including tamoxifen, raloxifene, and aromatase inhibition for breast cancer risk reduction. . J Clin Oncol 2009;27:3235-3258.",http://www.ncbi.nlm.nih.gov/pubmed/19470930,This recommendation is consistent with the ASCO Guidelines.
346,16609087,,2006,"systemic therapy, early stage","Systemic Therapies (Preoperative and Adjuvant) > Adjuvant Systemic Therapy > Adjuvant Systemic therapy for HR-positive, HER2-negative tumors",,1,166,"Berry DA, Cirrincione C, Henderson IC, et al. Estrogen-receptor status and outcomes of modern chemotherapy for patients with node- positive breast cancer. JAMA 2006;295:1658-1667.",http://www.ncbi.nlm.nih.gov/pubmed/16609087,"The incremental benefit of adding adjuvant chemotherapy to endocrine therapy in patients with low clinical risk of recurrence such as those with very small, low grade, lymph node-negative tumors is relatively small."
347,15591335,,2004,"systemic therapy, early stage","Systemic Therapies (Preoperative and Adjuvant) > Adjuvant Systemic Therapy > Adjuvant Systemic therapy for HR-positive, HER2-negative tumors",HER2-negative disease:,1,167,"Paik S, Shak S, Tang G, et al. A multigene assay to predict recurrence of tamoxifen-treated, node-negative breast cancer. N Engl J Med 2004;351:2817-2826.",http://www.ncbi.nlm.nih.gov/pubmed/15591335,"The RS is helpful in determining the prognosis in patients with HR-positive, HER2-negative tumors treated with endocrine therapy alone by predicting locoregional and distant recurrence."
348,20212256,,2010,"systemic therapy, early stage","Systemic Therapies (Preoperative and Adjuvant) > Adjuvant Systemic Therapy > Adjuvant Systemic therapy for HR-positive, HER2-negative tumors",HER2-negative disease:,1,167,"Dowsett M, Cuzick J, Wale C, et al. Prediction of risk of distant recurrence using the 21-gene recurrence score in node-negative and node-positive postmenopausal patients with breast cancer treated with anastrozole or tamoxifen: a TransATAC study. J Clin Oncol 2010;28:1829-1834.",http://www.ncbi.nlm.nih.gov/pubmed/20212256,"The RS is helpful in determining the prognosis in patients with HR-positive, HER2-negative tumors treated with endocrine therapy alone by predicting locoregional and distant recurrence."
349,20065188,,2010,"systemic therapy, early stage","Systemic Therapies (Preoperative and Adjuvant) > Adjuvant Systemic Therapy > Adjuvant Systemic therapy for HR-positive, HER2-negative tumors",HER2-negative disease:,1,167,"Mamounas EP, Tang G, Fisher B, et al. Association between the 21-gene recurrence score assay and risk of locoregional recurrence in node-negative, estrogen receptor-positive breast cancer: results from NSABP B-14 and NSABP B-20. J Clin Oncol 2010;28:1677-1683.",http://www.ncbi.nlm.nih.gov/pubmed/20065188,"The RS is helpful in determining the prognosis in patients with HR-positive, HER2-negative tumors treated with endocrine therapy alone by predicting locoregional and distant recurrence."
350,20005174,,2010,"systemic therapy, early stage","Systemic Therapies (Preoperative and Adjuvant) > Adjuvant Systemic Therapy > Adjuvant Systemic therapy for HR-positive, HER2-negative tumors",HER2-negative disease:,4,"167,170","Albain KS, Barlow WE, Shak S, et al. Prognostic and predictive value of the 21-gene recurrence score assay in postmenopausal women with node-positive, oestrogen-receptor-positive breast cancer on chemotherapy: a retrospective analysis of a randomised trial. Lancet Oncol 2010;11:55-65.",http://www.ncbi.nlm.nih.gov/pubmed/20005174,"This assay has also been validated to predict the benefit from adding adjuvant chemotherapy to adjuvant endocrine therapy for patients with HR-positive, HER2-negative, node-negative breast cancer."
351,21221771,,2011,"systemic therapy, early stage","Systemic Therapies (Preoperative and Adjuvant) > Adjuvant Systemic Therapy > Adjuvant Systemic therapy for HR-positive, HER2-negative tumors",HER2-negative disease:,1,167,"Tang G, Shak S, Paik S, et al. Comparison of the prognostic and predictive utilities of the 21-gene Recurrence Score assay and Adjuvant! for women with node-negative, ER-positive breast cancer: results from NSABP B-14 and NSABP B-20. Breast Cancer Res Treat 2011;127:133- 142.",http://www.ncbi.nlm.nih.gov/pubmed/21221771,"This assay has also been validated to predict the benefit from adding adjuvant chemotherapy to adjuvant endocrine therapy for patients with HR-positive, HER2-negative, node-negative breast cancer."
352,29860917,,2018,"systemic therapy, early stage","Systemic Therapies (Preoperative and Adjuvant) > Adjuvant Systemic Therapy > Adjuvant Systemic therapy for HR-positive, HER2-negative tumors",HER2-negative disease:,1,167,"Sparano JA, Gray RJ, Makower DF, et al. Adjuvant chemotherapy guided by a 21-gene expression assay in breast cancer. N Engl J Med 2018;379:111-121.",https://www.ncbi.nlm.nih.gov/pubmed/29860917,"Among patients with T1b/c and T2, lymph node-negative, HR-positive, HER2-negative tumors with RS between 0-10, the risk of distant recurrence is low and these patients derive no incremental benefit from the addition of adjuvant chemotherapy to endocrine therapy."
353,,,2018,"systemic therapy, early stage","Systemic Therapies (Preoperative and Adjuvant) > Adjuvant Systemic Therapy > Adjuvant Systemic therapy for HR-positive, HER2-negative tumors",HER2-negative disease:,5,"167,169","Sparano J, Gray, RJ, Wood, WC, Makower, DF, Lively, TG, Saphner, TJ et al. TAILORx: Phase III trial of chemoendocrine therapy versus endocrine therapy alone in hormone receptor-positive, HER2- negative, node-negative breast cancer and an intermediate prognosis 21-gene recurrence score [Abstract]. J Clin Oncol 2018;36(Suppl): Abstract LBA1",http://abstracts.asco.org/214/AbstView_214_212997.html,"At the other end of the spectrum, patients with lymph node-negative, HR-positive, HER2-negative cancers with high RS (≥ 31) have a higher risk of distant recurrence and secondary analyses of prospective studies demonstrate a clear benefit from adjuvant chemotherapy."
354,28664507,,2017,"systemic therapy, early stage","Systemic Therapies (Preoperative and Adjuvant) > Adjuvant Systemic Therapy > Adjuvant Systemic therapy for HR-positive, HER2-negative tumors",HER2-negative disease:,1,167,"Nitz U, Gluz O, Christgen M, et al. Reducing chemotherapy use in clinically high-risk, genomically low-risk pN0 and pN1 early breast cancer patients: five-year data from the prospective, randomised phase 3 West German Study Group (WSG) PlanB trial. Breast Cancer Res Treat 2017;165:573-583.",https://www.ncbi.nlm.nih.gov/pubmed/28664507,"de of chemotherapy benefit in patients with node-negative, HR-positive breast cancer.7 21-gene assay (Oncotype DX) in Node- positive, HR-positive, HER2-negative disease: In the West German Plan B study, patients (n = 110) with lymph node-positive, HR-positive, HER2-negative tumors, and a RS of ≤11, "
355,28900632,,2017,"systemic therapy, early stage","Systemic Therapies (Preoperative and Adjuvant) > Adjuvant Systemic Therapy > Adjuvant Systemic therapy for HR-positive, HER2-negative tumors",HER2-negative disease:,2,167,"Stemmer SM, Steiner M, Rizel S, et al. Clinical outcomes in ER+ HER2 -node-positive breast cancer patients who were treated according to the Recurrence Score results: evidence from a large prospectively designed registry. NPJ Breast Cancer 2017;3:32.",https://www.ncbi.nlm.nih.gov/pubmed/28900632,"In a secondary analysis of a prospective registry of patients with HR-positive, HER2-negative, lymph node-positive tumors, the 5-year risk of distant recurrence in patients with a RS of <18, treated with endocrine therapy alone was 2.7%."
356,26926676,,2016,"systemic therapy, early stage","Systemic Therapies (Preoperative and Adjuvant) > Adjuvant Systemic Therapy > Adjuvant Systemic therapy for HR-positive, HER2-negative tumors",HER2-negative disease:,1,167,"Gluz O, Nitz UA, Christgen M, et al. West German Study Group phase III PlanB trial: First prospective outcome data for the 21-gene recurrence score assay and concordance of prognostic markers by central and local pathology assessment. J Clin Oncol 2016;34:2341- 2349.",https://www.ncbi.nlm.nih.gov/pubmed/26926676,"These results suggest that in patients with limited nodal disease (1-3 positive lymph nodes) and a low RS, the absolute benefit from chemotherapy is likely to be very small."
357,,,,"systemic therapy, early stage","Systemic Therapies (Preoperative and Adjuvant) > Adjuvant Systemic Therapy > Adjuvant Systemic therapy for HR-positive, HER2-negative tumors",HER2-negative disease:,1,167,https://clinicaltrials.gov/ct2/show/NCT01272037 {Identifier: NCT01272037}.,https://clinicaltrials.gov/ct2/show/NCT01272037,"The Southwest Oncology Group (SWOG) S1007 RxPONDER trial,"
358,34914339,,2021,"systemic therapy, early stage","Systemic Therapies (Preoperative and Adjuvant) > Adjuvant Systemic Therapy > Adjuvant Systemic therapy for HR-positive, HER2-negative tumors",HER2-negative disease:,2,"167,170","Kalinsky K, Barlow WE, Gralow JR, et al. 21-gene assay to inform chemotherapy benefit in node-positive breast cancer. N Engl J Med 2021;385:2336-2347.",https://www.ncbi.nlm.nih.gov/pubmed/34914339,"The results showed that the addition of adjuvant chemotherapy to endocrine therapy improved invasive disease-free survival among premenopausal-but not postmenopausal-women with hormone receptor-positive, HER2- negative, node-positive breast cancer and a 21-gene assay recurrence score up to 25."
359,,10.1056/NEJMoa1602253,2016,"systemic therapy, early stage","Systemic Therapies (Preoperative and Adjuvant) > Adjuvant Systemic Therapy > Adjuvant Systemic therapy for HR-positive, HER2-negative tumors",70-gene assay (MammaPrint):,8,"167,168,170","Cardoso F, van't Veer LJ, Bogaerts J, et al. 70-gene signature as an aid to treatment decisions in early-stage breast cancer. N Engl J Med 2016;375:717-729.",https://www.nejm.org/doi/full/10.1056/NEJMoa1602253,"The results showed that the addition of adjuvant chemotherapy to endocrine therapy improved invasive disease-free survival among premenopausal-but not postmenopausal-women with hormone receptor-positive, HER2- negative, node-positive breast cancer and a 21-gene assay recurrence score up to 25. 70-ge"
360,23816962,,2013,"systemic therapy, early stage","Systemic Therapies (Preoperative and Adjuvant) > Adjuvant Systemic Therapy > Adjuvant Systemic therapy for HR-positive, HER2-negative tumors",50-gene assay (PAM50):,1,168,"Dowsett M, Sestak I, Lopez-Knowles E, et al. Comparison of PAM50 risk of recurrence score with oncotype DX and IHC4 for predicting risk of distant recurrence after endocrine therapy. J Clin Oncol 2013;31:2783-2790.",http://www.ncbi.nlm.nih.gov/pubmed/23816962,Several studies have demonstrated the prognostic value of ROR score in estimating risk of disease recurrence.
361,29369732,,2018,"systemic therapy, early stage","Systemic Therapies (Preoperative and Adjuvant) > Adjuvant Systemic Therapy > Adjuvant Systemic therapy for HR-positive, HER2-negative tumors",50-gene assay (PAM50):,4,168,"Laenkholm AV, Jensen MB, Eriksen JO, et al. PAM50 risk of recurrence score predicts 10-year distant recurrence in a comprehensive danish cohort of postmenopausal women allocated to 5 years of endocrine therapy for hormone receptor-positive early breast cancer. J Clin Oncol 2018;36:735-740.",https://www.ncbi.nlm.nih.gov/pubmed/29369732,Several studies have demonstrated the prognostic value of ROR score in estimating risk of disease recurrence.
362,,10.1001/jamaoncol,2018,"systemic therapy, early stage","Systemic Therapies (Preoperative and Adjuvant) > Adjuvant Systemic Therapy > Adjuvant Systemic therapy for HR-positive, HER2-negative tumors",50-gene assay (PAM50):,4,"168,169","Sestak I, Buus R, Cuzick J, et al. Comparison of the performance of 6 prognostic signatures for estrogen receptor-positive breast cancer: A secondary analysis of a randomized clinical trial. JAMA Oncol 2018;4:545-553.",http://dx.doi.org/10.1001/jamaoncol.2017.5524,Several studies have demonstrated the prognostic value of ROR score in estimating risk of disease recurrence.
363,21807638,,2011,"systemic therapy, early stage","Systemic Therapies (Preoperative and Adjuvant) > Adjuvant Systemic Therapy > Adjuvant Systemic therapy for HR-positive, HER2-negative tumors",12-gene assay (EndoPredict):,2,169,"Filipits M, Rudas M, Jakesz R, et al. A new molecular predictor of distant recurrence in ER-positive, HER2-negative breast cancer adds independent information to conventional clinical risk factors. Clin Cancer Res 2011;17:6012-6020.",https://www.ncbi.nlm.nih.gov/pubmed/21807638,"This assay appears to be useful in identifying a subgroup of patients with ER-positive, HER2-negative tumors with very low risk of recurrence without adjuvant chemotherapy and helpful in identifying patients at low risk for a late recurrence."
364,15193263,,2004,"systemic therapy, early stage","Systemic Therapies (Preoperative and Adjuvant) > Adjuvant Systemic Therapy > Adjuvant Systemic therapy for HR-positive, HER2-negative tumors",Breast Cancer Index:,2,169,"Ma XJ, Wang Z, Ryan PD, et al. A two-gene expression ratio predicts clinical outcome in breast cancer patients treated with tamoxifen. Cancer Cell 2004;5:607-616.",https://www.ncbi.nlm.nih.gov/pubmed/15193263,"Compared with clinical prognostic factors (eg, age, tumor size, tumor grade, and lymph node status), the H:I ratio has been shown to be prognostic in the setting of adjuvant tamoxifen monotherapy."
365,24035531,,2013,"systemic therapy, early stage","Systemic Therapies (Preoperative and Adjuvant) > Adjuvant Systemic Therapy > Adjuvant Systemic therapy for HR-positive, HER2-negative tumors",Breast Cancer Index:,1,169,"Sgroi DC, Sestak I, Cuzick J, et al. Prediction of late distant recurrence in patients with oestrogen-receptor-positive breast cancer: a prospective comparison of the breast-cancer index (BCI) assay, 21-gene recurrence score, and IHC4 in the TransATAC study population. Lancet Oncol 2013;14:1067-1076.",http://www.ncbi.nlm.nih.gov/pubmed/24035531,"In a secondary analysis of the ATAC trial, BCI was prognostic in node negative breast cancer for both early (years 0-5) and late (years 5-10) distant recurrence."
366,33109739,,2021,"systemic therapy, early stage","Systemic Therapies (Preoperative and Adjuvant) > Adjuvant Systemic Therapy > Adjuvant Systemic therapy for HR-positive, HER2-negative tumors",Breast Cancer Index:,1,169,"Noordhoek I, Treuner K, Putter H, et al. Breast Cancer Index Predicts Extended Endocrine Benefit to Individualize Selection of Patients with HR(+) Early-stage Breast Cancer for 10 Years of Endocrine Therapy. Clin Cancer Res 2021;27:311-319.",https://www.ncbi.nlm.nih.gov/pubmed/33109739,"Secondary analyses of the MA.17, Trans-aTTom, and IDEAL trials showed that in patients with HR-positive T1-T3 tumors that are lymph-node negative or positive, those that had a high BCI (H/I) demonstrated significant improvements in DFS when adjuvant endocrine therapy was extended, compared to the co"
367,28922787,,2006,"systemic therapy, early stage","Systemic Therapies (Preoperative and Adjuvant) > Adjuvant Systemic Therapy > Adjuvant Systemic therapy for HR-positive, HER2-negative tumors",Breast Cancer Index:,1,169,"Blok EJ, Kroep JR, Meershoek-Klein Kranenbarg E, et al. Optimal Duration of Extended Adjuvant Endocrine Therapy for Early Breast Cancer; Results of the IDEAL Trial (BOOG 2006-05). J Natl Cancer Inst 2018;110.",https://www.ncbi.nlm.nih.gov/pubmed/28922787,"Secondary analyses of the MA.17, Trans-aTTom, and IDEAL trials showed that in patients with HR-positive T1-T3 tumors that are lymph-node negative or positive, those that had a high BCI (H/I) demonstrated significant improvements in DFS when adjuvant endocrine therapy was extended, compared to the co"
368,,,2019,"systemic therapy, early stage","Systemic Therapies (Preoperative and Adjuvant) > Adjuvant Systemic Therapy > Adjuvant Systemic therapy for HR-positive, HER2-negative tumors",Breast Cancer Index:,1,169,"Bartlett JMS, Sgroi DC, Treuner K, et al. Breast Cancer Index and prediction of benefit from extended endocrine therapy in breast cancer patients treated in the Adjuvant Tamoxifen-To Offer More? (aTTom) trial. Annals of Oncology 2019;30:1776-1783.",http://www.sciencedirect.com/science/article/pii/S0923753420325898,"Secondary analyses of the MA.17, Trans-aTTom, and IDEAL trials showed that in patients with HR-positive T1-T3 tumors that are lymph-node negative or positive, those that had a high BCI (H/I) demonstrated significant improvements in DFS when adjuvant endocrine therapy was extended, compared to the co"
369,32954927,,2020,"systemic therapy, early stage","Systemic Therapies (Preoperative and Adjuvant) > Adjuvant Systemic Therapy > Adjuvant Systemic therapy for HR-positive, HER2-negative tumors",Adjuvant CDK 4/6 inhibitors:,1,171,"Johnston SRD, Harbeck N, Hegg R, et al. Abemaciclib combined with endocrine therapy for the adjuvant treatment of hr+, her2-, node- positive, high-risk, early breast cancer (monarchE). J Clin Oncol 2020;38:3987-3998.",https://www.ncbi.nlm.nih.gov/pubmed/32954927,"ce at 4 years by 6.4% (HR 0.664, 95% CI 0.578-0.762, P < .0001) in patients with HR-positive/HER2-negative, high-risk breast cancer, defined as 4 or more pathologically involved lymph nodes confirmed preoperatively and/or at surgery, or 1-3 pathologically involved lymph nodes with additional high ri"
370,34874182,,2022,"systemic therapy, early stage","Systemic Therapies (Preoperative and Adjuvant) > Adjuvant Systemic Therapy > Adjuvant Systemic therapy for HR-positive, HER2-negative tumors",Adjuvant CDK 4/6 inhibitors:,1,171,"Gnant M, Dueck AC, Frantal S, et al. Adjuvant palbociclib for early breast cancer: The PALLAS trial results (ABCSG-42/AFT-05/BIG-14-03). J Clin Oncol 2022;40:282-293.",https://www.ncbi.nlm.nih.gov/pubmed/34874182,"Two trials of palbociclib as adjuvant therapy in HR-positive, HER2- negative early breast cancer did not show benefit of adding palbociclib to adjuvant endocrine therapy in terms of invasive disease-free survival."
371,,,2021,"systemic therapy, early stage","Systemic Therapies (Preoperative and Adjuvant) > Adjuvant Systemic Therapy > Adjuvant Systemic therapy for HR-positive, HER2-negative tumors",Adjuvant CDK 4/6 inhibitors:,1,171,"Loibl S, Marmé F, Martin M, et al. Palbociclib for residual high-risk invasive hr-positive and her2-negative early breast cancer-The Penelope-B trial. J Clin Oncol 2021;39:1518-1530.",,"Two trials of palbociclib as adjuvant therapy in HR-positive, HER2- negative early breast cancer did not show benefit of adding palbociclib to adjuvant endocrine therapy in terms of invasive disease-free survival."
372,38507751,,2024,"systemic therapy, early stage","Systemic Therapies (Preoperative and Adjuvant) > Adjuvant Systemic Therapy > Adjuvant Systemic therapy for HR-positive, HER2-negative tumors",Adjuvant CDK 4/6 inhibitors:,1,171,"Slamon D, Lipatov O, Nowecki Z, et al. Ribociclib plus endocrine therapy in early breast cancer. N Engl J Med 2024;390:1080-1091.",https://www.ncbi.nlm.nih.gov/pubmed/38507751,"The results from the NATALEE trial reported after a median follow-up of 34 months, showed a statistically significant improvement (3.3%) in invasive disease-free survival with the addition of ribociclib to adjuvant endocrine therapy (HR-0.75, 95% CI 0.62-0.91, P = .003).) for stage II and stage III "
373,36228963,,2022,"systemic therapy, early stage","Systemic Therapies (Preoperative and Adjuvant) > Adjuvant Systemic Therapy > Adjuvant Systemic therapy for HR-positive, HER2-negative tumors",Adjuvant CDK 4/6 inhibitors:,1,171,"Geyer CE, Jr., Garber JE, Gelber RD, et al. Overall survival in the OlympiA phase III trial of adjuvant olaparib in patients with germline pathogenic variants in BRCA1/2 and high-risk, early breast cancer. Ann Oncol 2022;33:1250-1268.",https://www.ncbi.nlm.nih.gov/pubmed/36228963,The 4- year invasive DFS for the olaparib group versus placebo group was 82.7% versus 75.4% (95% CI 3.0% - 11.5%) and 4-year distant DFS was 86.5% versus 79.1% (95% CI 3.6% -11.3%).
374,21641868,,2011,"systemic therapy, early stage",Systemic Therapies (Preoperative and Adjuvant) > Adjuvant Systemic Therapy > Adjuvant bisphosphonate therapy,Bisphosphonates:,1,171,"Gnant M, Mlineritsch B, Stoeger H, et al. Adjuvant endocrine therapy plus zoledronic acid in premenopausal women with early-stage breast cancer: 62-month follow-up from the ABCSG-12 randomised trial. The Lancet. Oncology 2011;12:631-641.",https://pubmed.ncbi.nlm.nih.gov/21641868,"However, no improvement was seen in either DFS or OS in this post hoc analysis among patients under 40 years."
375,21995387,,2011,"systemic therapy, early stage",Systemic Therapies (Preoperative and Adjuvant) > Adjuvant Systemic Therapy > Adjuvant bisphosphonate therapy,Bisphosphonates:,1,171,"Coleman RE, Marshall H, Cameron D, et al. Breast-cancer adjuvant therapy with zoledronic acid. N Engl J Med 2011;365:1396-1405.",http://www.ncbi.nlm.nih.gov/pubmed/21995387,"In a planned subgroup analysis of the AZURE trial, zoledronic acid improved DFS in patients who were more than 5 years since menopause at trial entry."
376,23404816,,2013,"systemic therapy, early stage",Systemic Therapies (Preoperative and Adjuvant) > Adjuvant Systemic Therapy > Adjuvant bisphosphonate therapy,Bisphosphonates:,1,172,"Valachis A, Polyzos NP, Coleman RE, et al. Adjuvant therapy with zoledronic acid in patients with breast cancer: a systematic review and meta-analysis. Oncologist 2013;18:353-361.",https://www.ncbi.nlm.nih.gov/pubmed/23404816,"A meta-analysis of data from seven adjuvant bisphosphonate trials (AZURE, ABCSG-12, ZO-FAST, Z-FAST, EZO-FAST, NSABP-B34, GAIN), including only those known to be over 50 years, postmenopausal, or with ovarian suppression, showed a significant benefit for the use of adjuvant bisphosphonates in patien"
377,26211824,,2015,"systemic therapy, early stage",Systemic Therapies (Preoperative and Adjuvant) > Adjuvant Systemic Therapy > Adjuvant bisphosphonate therapy,Bisphosphonates:,3,172,"Early Breast Cancer Trialists' Collaborative G, Coleman R, Powles T, et al. Adjuvant bisphosphonate treatment in early breast cancer: meta- analyses of individual patient data from randomised trials. Lancet 2015;386:1353-1361.",https://www.ncbi.nlm.nih.gov/pubmed/26211824,"More recently, the Early Breast Cancer Trialists' Collaborative Group (EBTCG) conducted a meta-analysis of all randomized adjuvant bisphosphonate studies (26 studies) and reported convincing evidence that adjuvant bisphosphonates provide benefits to postmenopausal (natural or induced) patients with "
378,,,2015,"systemic therapy, early stage",Systemic Therapies (Preoperative and Adjuvant) > Adjuvant Systemic Therapy > Adjuvant bisphosphonate therapy,Bisphosphonates:,2,"172,180","Gnant M, Pfeiler G, Dubsky PC, et al. Adjuvant denosumab in breast cancer (ABCSG-18): a multicentre, randomised, double-blind, placebo-controlled trial. Lancet 2015;386:433-443.",,"Denosumab: In the adjuvant setting, the ABCSG-18 trial studied the effect of denosumab in postmenopausal patients treated with adjuvant AIs and showed a reduction in clinical fractures (HR 0.5, P < .0001), which was the primary endpoint of this study."
379,,10.1056/EVIDoa2200162,2022,"systemic therapy, early stage",Systemic Therapies (Preoperative and Adjuvant) > Adjuvant Systemic Therapy > Adjuvant bisphosphonate therapy,Bisphosphonates:,2,172,"Gnant M, Frantal S, Pfeiler G, et al. Long-term outcomes of adjuvant denosumab in breast cancer. NEJM Evidence 2022;1:EVIDoa2200162.",https://evidence.nejm.org/doi/abs/10.1056/EVIDoa2200162,"Adjuvant denosumab improved bone metastasis-free survival (88.9 vs. 86.4%; HR, 0.81; 95% CI, 0.65 to 1.00) and OS (90.9 vs. 89.9%; HR, 0.80; 95% CI, 0.64 to 1.01)."
380,,,2020,"systemic therapy, early stage",Systemic Therapies (Preoperative and Adjuvant) > Adjuvant Systemic Therapy > Adjuvant bisphosphonate therapy,,1,172,"Coleman R, Finkelstein DM, Barrios C, et al. Adjuvant denosumab in early breast cancer (D-CARE): an international, multicentre, randomised, controlled, phase 3 trial. Lancet Oncol 2020;21:60-72.",,"In contrast, results of the phase III trial (D-Care) trial failed to demonstrate a difference in bone metastasis-free survival in those receiving denosumab versus placebo."
381,,10.1016/S0140-6736(18)33137-4,2019,"systemic therapy, early stage",Systemic Therapies (Preoperative and Adjuvant) > Adjuvant Systemic Therapy > Adjuvant Therapy for HER2-negative tumors,,1,172,"Gray R, Bradley R, Braybrooke J, et al. Increasing the dose intensity of chemotherapy by more frequent administration or sequential scheduling: a patient-level meta-analysis of 37&#x2008;298 women with early breast cancer in 26 randomised trials. The Lancet 2019;393:1440- 1452.",https://doi.org/10.1016/S0140-6736(18)33137-4,The use of dose-dense schedules has shown to further reduce the risk of breast cancer recurrence or death without increasing mortality.
382,12637460,,2003,"systemic therapy, early stage",Systemic Therapies (Preoperative and Adjuvant) > Adjuvant Systemic Therapy > Adjuvant Therapy for HER2-negative tumors,Useful in Certain Circumstances:,2,"172,174","Henderson I, Berry D, Demetri G, et al. Improved outcomes from adding sequential paclitaxel but not from escalating doxorubicin dose in an adjuvant chemotherapy regimen for patients with node-positive primary breast cancer. J Clin Oncol 2003;21:976-983.",http://www.ncbi.nlm.nih.gov/pubmed/12637460,"The results of two randomized trials comparing AC chemotherapy with or without sequential paclitaxel chemotherapy in patients with axillary node-positive breast cancer suggest improved disease-free rates and results from one of the trials showed an improvement in OS, with the addition of paclitaxel."
383,15897552,,2005,"systemic therapy, early stage",Systemic Therapies (Preoperative and Adjuvant) > Adjuvant Systemic Therapy > Adjuvant Therapy for HER2-negative tumors,,1,172,"Mamounas E, Bryant J, Lembersky B, et al. Paclitaxel after doxorubicin plus cyclophosphamide as adjuvant chemotherapy for node- positive breast cancer: results from NSABP B-28. J Clin Oncol 2005;23:3686-3696.",http://www.ncbi.nlm.nih.gov/pubmed/15897552,"The results of two randomized trials comparing AC chemotherapy with or without sequential paclitaxel chemotherapy in patients with axillary node-positive breast cancer suggest improved disease-free rates and results from one of the trials showed an improvement in OS, with the addition of paclitaxel."
384,12668651,,2003,"systemic therapy, early stage",Systemic Therapies (Preoperative and Adjuvant) > Adjuvant Systemic Therapy > Adjuvant Therapy for HER2-negative tumors,,2,173,"Citron ML, Berry DA, Cirrincione C, et al. Randomized trial of dose- dense versus conventionally scheduled and sequential versus concurrent combination chemotherapy as postoperative adjuvant treatment of node-positive primary breast cancer: first report of Intergroup Trial C9741/Cancer and Leukemia Group B Trial 9741. J Clin Oncol 2003;21:1431-1439.",http://www.ncbi.nlm.nih.gov/pubmed/12668651,The results show no significant difference between the two chemotherapy regimens but demonstrate a 26% reduction in hazard of recurrence (P = .01) and a 31% reduction in the hazard of death (P = .013) for the dose-dense regimens.
385,18420499,,2008,"systemic therapy, early stage",Systemic Therapies (Preoperative and Adjuvant) > Adjuvant Systemic Therapy > Adjuvant Therapy for HER2-negative tumors,,2,173,"Sparano J, Wang M, Martino S, et al. Weekly paclitaxel in the adjuvant treatment of breast cancer. N Engl J Med 2008;358:1663-1671.",http://www.ncbi.nlm.nih.gov/pubmed/18420499,The ECOG E1199 study was a four-arm trial that randomized 4950 patients to receive AC chemotherapy followed by either paclitaxel or docetaxel given by either an every-3-week schedule or a weekly schedule.
386,19204201,,2009,"systemic therapy, early stage",Systemic Therapies (Preoperative and Adjuvant) > Adjuvant Systemic Therapy > Adjuvant Therapy for HER2-negative tumors,,1,173,"Jones S, Holmes FA, O'Shaughnessy J, et al. Docetaxel with cyclophosphamide is associated with an overall survival benefit compared with doxorubicin and cyclophosphamide: 7-year follow-up of US Oncology Research trial 9735. J Clin Oncol 2009;27:1177-1183.",http://www.ncbi.nlm.nih.gov/pubmed/19204201,Combination TC was compared with AC chemotherapy in a trial that randomized 1016 patients with stage I to III breast cancer.
387,24338638,,2015,"systemic therapy, early stage",Systemic Therapies (Preoperative and Adjuvant) > Adjuvant Systemic Therapy > Adjuvant Therapy for HER2-negative tumors,,1,173,"Kuroi K, Toi M, Ohno S, et al. Prognostic significance of subtype and pathologic response in operable breast cancer; a pooled analysis of prospective neoadjuvant studies of JBCRG. Breast Cancer 2015;22:486- 495.",https://www.ncbi.nlm.nih.gov/pubmed/24338638,Residual disease after preoperative systemic therapy indicates higher risk (20% to 30%) of disease relapse.
388,,10.1200/JCO,2003,"systemic therapy, early stage",Systemic Therapies (Preoperative and Adjuvant) > Adjuvant Systemic Therapy > Adjuvant Therapy for HER2-negative tumors,,1,173,"Martín M, Simón AR, Borrego MR, et al. Epirubicin plus cyclophosphamide followed by docetaxel versus epirubicin plus docetaxel followed by capecitabine as adjuvant therapy for node-positive early breast cancer: Results from the GEICAM/2003-10 study. Journal of Clinical Oncology 2015;33:3788-3795.",https://ascopubs.org/doi/abs/10.1200/JCO.2015.61.9510,Results of two other similar trials with adjuvant capecitabine have showed a similar impact with adjuvant capecitabine in patients with TNBC with no significant impact in those with HR-positive disease.
389,22105826,,2012,"systemic therapy, early stage",Systemic Therapies (Preoperative and Adjuvant) > Adjuvant Systemic Therapy > Adjuvant Therapy for HER2-negative tumors,,1,173,"Joensuu H, Kellokumpu-Lehtinen PL, Huovinen R, et al. Adjuvant capecitabine, docetaxel, cyclophosphamide, and epirubicin for early breast cancer: final analysis of the randomized FinXX trial. J Clin Oncol 2012;30:11-18.",https://www.ncbi.nlm.nih.gov/pubmed/22105826,Results of two other similar trials with adjuvant capecitabine have showed a similar impact with adjuvant capecitabine in patients with TNBC with no significant impact in those with HR-positive disease.
390,11408507,,2001,"systemic therapy, early stage",Systemic Therapies (Preoperative and Adjuvant) > Adjuvant Systemic Therapy > Adjuvant Therapy for HER2-negative tumors,,1,173,"Piccart MJ, Di Leo A, Beauduin M, et al. Phase III trial comparing two dose levels of epirubicin combined with cyclophosphamide with cyclophosphamide, methotrexate, and fluorouracil in node-positive breast cancer. J Clin Oncol 2001;19:3103-3110.",http://www.ncbi.nlm.nih.gov/pubmed/11408507,A trial compared 2 dose levels of EC chemotherapy with CMF chemotherapy in patients with node-positive breast cancer.
391,15930421,,2005,"systemic therapy, early stage",Systemic Therapies (Preoperative and Adjuvant) > Adjuvant Systemic Therapy > Adjuvant Therapy for HER2-negative tumors,,1,174,"Martin M, Pienkowski T, Mackey J, et al. Adjuvant docetaxel for node-positive breast cancer. N Engl J Med 2005;352:2302-2313.",http://www.ncbi.nlm.nih.gov/pubmed/15930421,Final results from a randomized trial of TAC versus FAC chemotherapy in node-positive breast cancer demonstrated that TAC is superior to FAC.
392,,,2009,"systemic therapy, early stage",Systemic Therapies (Preoperative and Adjuvant) > Adjuvant Systemic Therapy > Adjuvant Therapy for HER2-negative tumors,,1,174,"Swain SM, Jeong J-H, Geyer CE, et al. NSABP B-30: definitive analysis of patient outcome from a randomized trial evaluating different schedules and combinations of adjuvant therapy containing doxorubicin, docetaxel and cyclophosphamide in women with operable, node-positive breast cancer [abstract]. Cancer Research 2009;69(Suppl):Abstract 75.",http://cancerres.aacrjournals.org/cgi/content/meeting_abstract/69/2_Mee,"In addition, both DFS (HR, 0.080; P = .001) and OS (HR, 0.83; P = .034) were significantly increased when AC followed by T was compared with AT, with AT demonstrating non-inferiority compared with TAC."
393,26077235,,2015,"systemic therapy, early stage",Systemic Therapies (Preoperative and Adjuvant) > Adjuvant Systemic Therapy > Adjuvant Therapy for HER2-negative tumors,Useful in Certain Circumstances:,1,174,"Sparano JA, Zhao F, Martino S, et al. Long-term follow-up of the e1199 phase iii trial evaluating the role of taxane and schedule in operable breast cancer. J Clin Oncol 2015;33:2353-2360.",https://www.ncbi.nlm.nih.gov/pubmed/26077235,"Among patients with triple-negative disease, the10-year DFS rate with weekly paclitaxel was 69% and the 10-year OS rate was 75%."
394,11135211,,2000,"systemic therapy, early stage",Systemic Therapies (Preoperative and Adjuvant) > Adjuvant Systemic Therapy > Adjuvant Therapy for HER2-negative tumors,Useful in Certain Circumstances:,1,174,"Bang SM, Heo DS, Lee KH, et al. Adjuvant doxorubicin and cyclophosphamide versus cyclophosphamide, methotrexate, and 5- fluorouracil chemotherapy in premenopausal women with axillary lymph node positive breast carcinoma. Cancer 2000;89:2521-2526.",http://www.ncbi.nlm.nih.gov/pubmed/11135211,"The AC regimen for four cycles has been studied in randomized trials, resulting in relapse-free survival and OS equivalent to CMF chemotherapy."
395,2202791,,1990,"systemic therapy, early stage",Systemic Therapies (Preoperative and Adjuvant) > Adjuvant Systemic Therapy > Adjuvant Therapy for HER2-negative tumors,Useful in Certain Circumstances:,1,174,"Fisher B, Brown AM, Dimitrov NV, et al. Two months of doxorubicin- cyclophosphamide with and without interval reinduction therapy compared with 6 months of cyclophosphamide, methotrexate, and fluorouracil in positive-node breast cancer patients with tamoxifen- nonresponsive tumors: results from the National Surgical Adjuvant Breast and Bowel Project B-15. J Clin Oncol 1990;8:1483-1496.",http://www.ncbi.nlm.nih.gov/pubmed/2202791,"The AC regimen for four cycles has been studied in randomized trials, resulting in relapse-free survival and OS equivalent to CMF chemotherapy."
396,9164196,,1997,"systemic therapy, early stage",Systemic Therapies (Preoperative and Adjuvant) > Adjuvant Systemic Therapy > Adjuvant Therapy for HER2-negative tumors,Useful in Certain Circumstances:,1,174,"Fisher B, Anderson S, Wickerham DL, et al. Increased intensification and total dose of cyclophosphamide in a doxorubicin- cyclophosphamide regimen for the treatment of primary breast cancer: findings from National Surgical Adjuvant Breast and Bowel Project B-22. J Clin Oncol 1997;15:1858-1869.",http://www.ncbi.nlm.nih.gov/pubmed/9164196,No benefit from dose escalation of either doxorubicin or cyclophosphamide was shown.
397,9752815,,1998,"systemic therapy, early stage",Systemic Therapies (Preoperative and Adjuvant) > Adjuvant Systemic Therapy > Adjuvant Therapy for HER2-negative tumors,Useful in Certain Circumstances:,1,174,Polychemotherapy for early breast cancer: an overview of the randomised trials. Early Breast Cancer Trialists' Collaborative Group. Lancet 1998;352:930-942.,http://www.ncbi.nlm.nih.gov/pubmed/9752815,Studies of CMF chemotherapy versus no chemotherapy have shown DFS and OS advantages with CMF chemotherapy.
398,,,2021,"systemic therapy, early stage",Systemic Therapies (Preoperative and Adjuvant) > Adjuvant Systemic Therapy > Adjuvant Therapy for HER2-negative tumors,Useful in Certain Circumstances:,1,174,"Wang X, Wang SS, Huang H, et al. Effect of Capecitabine Maintenance Therapy Using Lower Dosage and Higher Frequency vs Observation on Disease-Free Survival Among Patients With Early-Stage Triple-Negative Breast Cancer Who Had Received Standard Treatment: The SYSUCC-001 Randomized Clinical Trial. Jama 2021;325:50-58.",,"The invasive DFS in those who receive adjuvant low-dose capecitabine was 85.8% compared with 75.8% in those who did not (HR for risk of distant metastasis or death, 0.60 [95% CI, 0.38-0.92]; P = .02), the estimated 5-year OS with maintenance capecitabine was 85.5% versus 81.3% (HR for risk of death,"
399,19001334,,2008,"systemic therapy, early stage",Systemic Therapies (Preoperative and Adjuvant) > Adjuvant Systemic Therapy > Adjuvant Therapy for HER2-positive tumors,,1,175,"Chia S, Norris B, Speers C, et al. Human epidermal growth factor receptor 2 overexpression as a prognostic factor in a large tissue microarray series of node-negative breast cancers. J Clin Oncol 2008;26:5697-5704.",http://www.ncbi.nlm.nih.gov/pubmed/19001334,"Some support for this recommendation comes from studies showing a higher risk of recurrence for patients with HER2-positive, node-negative tumors less than or equal to 1 cm compared to those with HER2-negative tumors of the same size."
400,19884543,,2009,"systemic therapy, early stage",Systemic Therapies (Preoperative and Adjuvant) > Adjuvant Systemic Therapy > Adjuvant Therapy for HER2-positive tumors,,1,175,"Gonzalez-Angulo AM, Litton JK, Broglio KR, et al. High risk of recurrence for patients with breast cancer who have human epidermal growth factor receptor 2-positive, node-negative tumors 1 cm or smaller. J Clin Oncol 2009;27:5700-5706.",http://www.ncbi.nlm.nih.gov/pubmed/19884543,"In the first study, 5-year recurrence-free survival rates of 77.1% and 93.7% (P < .001) were observed for patients with HER2-positive and HER2-negative T1a-bN0M0 breast tumors, respectively, with no recurrence-free survival differences seen in the HER2-positive group when hormonal receptor status wa"
401,19884553,,2009,"systemic therapy, early stage",Systemic Therapies (Preoperative and Adjuvant) > Adjuvant Systemic Therapy > Adjuvant Therapy for HER2-positive tumors,,1,175,"Curigliano G, Viale G, Bagnardi V, et al. Clinical relevance of HER2 overexpression/amplification in patients with small tumor size and node- negative breast cancer. J Clin Oncol 2009;27:5693-5699.",http://www.ncbi.nlm.nih.gov/pubmed/19884553,"In the other retrospective study of patients with small HER2-positive tumors, the risk of recurrence at 5 years was low (99% [95% CI; 96%-100%] for HER2-negative disease and 92% [95% CI; 86%-99%] for HER2-positive disease)."
402,18296421,,2008,"systemic therapy, early stage",Systemic Therapies (Preoperative and Adjuvant) > Adjuvant Systemic Therapy > Adjuvant Therapy for HER2-positive tumors,,1,175,"Untch M, Gelber RD, Jackisch C, et al. Estimating the magnitude of trastuzumab effects within patient subgroups in the HERA trial. Ann Oncol 2008;19:1090-1096.",http://www.ncbi.nlm.nih.gov/pubmed/18296421,Subgroup analyses from several of the randomized trials have shown consistent benefit of trastuzumab irrespective of tumor size or nodal status.
403,21991949,,2011,"systemic therapy, early stage",Systemic Therapies (Preoperative and Adjuvant) > Adjuvant Systemic Therapy > Adjuvant Therapy for HER2-positive tumors,,4,"175,176","Slamon D, Eiermann W, Robert N, et al. Adjuvant trastuzumab in HER2-positive breast cancer. N Engl J Med 2011;365:1273-1283.",http://www.ncbi.nlm.nih.gov/pubmed/21991949,Subgroup analyses from several of the randomized trials have shown consistent benefit of trastuzumab irrespective of tumor size or nodal status.
404,25564897,,2015,"systemic therapy, early stage",Systemic Therapies (Preoperative and Adjuvant) > Adjuvant Systemic Therapy > Adjuvant Therapy for HER2-positive tumors,,1,175,"Tolaney SM, Barry WT, Dang CT, et al. Adjuvant paclitaxel and trastuzumab for node-negative, HER2-positive breast cancer. N Engl J Med 2015;372:134-141.",https://www.ncbi.nlm.nih.gov/pubmed/25564897,"The 3-year rate of DFS was 98.7% (95% CI, 97.6-99.8) and the risk of serious toxic effects with this regimen was low (incidence of heart failure reported was 0.5%)."
405,36858723,,2023,"systemic therapy, early stage",Systemic Therapies (Preoperative and Adjuvant) > Adjuvant Systemic Therapy > Adjuvant Therapy for HER2-positive tumors,,2,175,"Tolaney SM, Tarantino P, Graham N, et al. Adjuvant paclitaxel and trastuzumab for node-negative, HER2-positive breast cancer: final 10- year analysis of the open-label, single-arm, phase 2 APT trial. Lancet Oncol 2023;24:273-285.",https://www.ncbi.nlm.nih.gov/pubmed/36858723,"The long-term follow-up data reported 10-year invasive DFS of 91.3%, breast cancer-specific survival of 98.8% and OS rates of 94.3%."
406,16495393,,2006,"systemic therapy, early stage",Systemic Therapies (Preoperative and Adjuvant) > Adjuvant Systemic Therapy > Adjuvant Therapy for HER2-positive tumors,,3,"175,176","Joensuu H, Kellokumpu-Lehtinen P, Bono P, et al. Adjuvant docetaxel or vinorelbine with or without trastuzumab for breast cancer. N Engl J Med 2006;354:809-820.",http://www.ncbi.nlm.nih.gov/pubmed/16495393,"In the FinHer trial, 1010 patients were randomized to 9 weeks of vinorelbine followed by 3 cycles of FEC chemotherapy versus docetaxel for 3 cycles followed by 3 cycles of FEC chemotherapy."
407,19884557,,2009,"systemic therapy, early stage",Systemic Therapies (Preoperative and Adjuvant) > Adjuvant Systemic Therapy > Adjuvant Therapy for HER2-positive tumors,,1,176,"Joensuu H, Bono P, Kataja V, et al. Fluorouracil, epirubicin, and cyclophosphamide with either docetaxel or vinorelbine, with or without trastuzumab, as adjuvant treatments of breast cancer: final results of the FinHer Trial. J Clin Oncol 2009;27:5685-5692.",http://www.ncbi.nlm.nih.gov/pubmed/19884557,"At 5-year follow-up, a comparison of the two arms (ie, chemotherapy with and without trastuzumab) demonstrated that the HRs for distant DFS (HR, 0.65; 95% CI, 0.38-1.12; P = .12) and OS (HR, 0.55; 95% CI, 0.27-1.11; P = .094) were higher relative to those reported at 3 years."
408,,10.1056/NEJMoa1703643,2017,"systemic therapy, early stage",Systemic Therapies (Preoperative and Adjuvant) > Adjuvant Systemic Therapy > Adjuvant Therapy for HER2-positive tumors,,1,176,"von Minckwitz G, Procter M, de Azambuja E, et al. Adjuvant Pertuzumab and Trastuzumab in Early HER2-Positive Breast Cancer. New England Journal of Medicine 2017;377:122-131.",http://www.nejm.org/doi/full/10.1056/NEJMoa1703643,"The study demonstrated that trastuzumab plus pertuzumab significantly improved 3-year iDFS (HR 0.81, 95% CI 0.66-1.00, P =.045)."
409,,,2022,"systemic therapy, early stage",Systemic Therapies (Preoperative and Adjuvant) > Adjuvant Systemic Therapy > Adjuvant Therapy for HER2-positive tumors,,1,176,"Loibl S, Jassem J, Sonnenblick A, et al. VP6-2022: Adjuvant pertuzumab and trastuzumab in patients with early HER-2 positive breast cancer in APHINITY: 8.4 years' follow-up. Annals of Oncology 2022;33:986-987.",https://www.sciencedirect.com/science/article/pii/S0923753422017380,"With long-term (8-year) follow-up, the node positive subgroup maintained a clear invasive DFS benefit favoring the dual HER-2 agent arm demonstrating 8-year invasive DFS of 86% versus 81% (HR; 0.72, 95% CI 0.60-0.87) with no OS difference; no benefit was seen in the node-negative subgroup."
410,30516102,,2019,"systemic therapy, early stage",Systemic Therapies (Preoperative and Adjuvant) > Adjuvant Systemic Therapy > Adjuvant Therapy for HER2-positive tumors,,2,176,"von Minckwitz G, Huang CS, Mano MS, et al. Trastuzumab Emtansine for Residual Invasive HER2-Positive Breast Cancer. N Engl J Med 2019;380:617-628.",https://www.ncbi.nlm.nih.gov/pubmed/30516102,Invasive DFS at 3 years was 88.3% with T-DM1 versus 77.0% with trastuzumab.
411,,10.1158/1538-7445,2023,"systemic therapy, early stage",Systemic Therapies (Preoperative and Adjuvant) > Adjuvant Systemic Therapy > Adjuvant Therapy for HER2-positive tumors,,2,176,"Tarantino P, Tayob N, Dang CT, et al. Abstract PD18-01: Adjuvant Trastuzumab Emtansine Versus Paclitaxel plus Trastuzumab for Stage I HER2+ Breast Cancer: 5-year results and correlative analyses from ATEMPT (TBCRC033). Cancer Research 2023;83:PD18-01-PD18-01.",https://doi.org/10.1158/1538-7445.SABCS22-PD18-01,"The long-term followup data of patients who received 1 year of adjuvant T-DM1 (n = 383) or trastuzumab/paclitaxel (n = 114) reported the 5-year invasive disease free survival rate with T-DM1 of 97.0% (95% CI, 95.2%-98.7%), the 5-year recurrence-free interval of 98.3% (95% CI, 96.3%-99.0%), and the 5"
412,16236738,,2005,"systemic therapy, early stage",Systemic Therapies (Preoperative and Adjuvant) > Adjuvant Systemic Therapy > Adjuvant Therapy for HER2-positive tumors,,3,"176,177,178","Romond E, Perez E, Bryant J, et al. Trastuzumab plus adjuvant chemotherapy for operable HER2-positive breast cancer. N Engl J Med 2005;353:1673-1684.",http://www.ncbi.nlm.nih.gov/pubmed/16236738,"Other recommended regimens: Anthracycline followed by taxane-containing chemotherapy regimens were used in the NSABP trial B-31,"
413,16381626,,2005,"systemic therapy, early stage",Systemic Therapies (Preoperative and Adjuvant) > Adjuvant Systemic Therapy > Adjuvant Therapy for HER2-positive tumors,,1,176,"Perez EA, Suman VJ, Rowland KM, et al. Two concurrent phase II trials of paclitaxel/carboplatin/trastuzumab (weekly or every-3-week schedule) as first-line therapy in women with HER2-overexpressing metastatic breast cancer: NCCTG study 983252. Clin Breast Cancer 2005;6:425-432.",http://www.ncbi.nlm.nih.gov/pubmed/16381626,"Other recommended regimens: Anthracycline followed by taxane-containing chemotherapy regimens were used in the NSABP trial B-31, NCCTG trial,"
414,,,2010,special situations,Special Situations > Inflammatory Breast Cancer > Preoperative Chemotherapy > Targeted Therapy,,4,"176,222","Gianni L, Eiermann W, Semiglazov V, et al. Neoadjuvant chemotherapy with trastuzumab followed by adjuvant trastuzumab versus neoadjuvant chemotherapy alone, in patients with HER2-positive locally advanced breast cancer (the NOAH trial): a randomised controlled superiority trial with a parallel HER2-negative cohort. The Lancet 2010;375:377-384.",http://linkinghub.elsevier.com/retrieve/pii/S0140673609619644,"In the NOAH trial, patients were given concurrent taxane and anthracycline, then taxane alone followed by cyclophosphamide- methotrexate-fluorouracil."
415,31634648,,2019,"systemic therapy, early stage",Systemic Therapies (Preoperative and Adjuvant) > Adjuvant Systemic Therapy > Adjuvant Therapy for HER2-positive tumors,,1,176,"D'Hondt V, Canon JL, Roca L, et al. UCBG 2-04: Long-term results of the PACS 04 trial evaluating adjuvant epirubicin plus docetaxel in node-positive breast cancer and trastuzumab in the human epidermal growth factor receptor 2-positive subgroup. Eur J Cancer 2019;122:91- 100.",https://www.ncbi.nlm.nih.gov/pubmed/31634648,"In the FinHER patients were randomized to docetaxel or vinorelbine before anthracyclines, and PACS 04 randomized patients to fluorouracil/epirubicin/cyclophosphamide or to epirubicin plus docetaxel."
416,16236737,,2005,"systemic therapy, early stage",Systemic Therapies (Preoperative and Adjuvant) > Adjuvant Systemic Therapy > Adjuvant Therapy for HER2-positive tumors,,1,177,"Piccart-Gebhart M, Procter M, Leyland-Jones B, et al. Trastuzumab after adjuvant chemotherapy in HER2-positive breast cancer. N Engl J Med 2005;353:1659-1672.",http://www.ncbi.nlm.nih.gov/pubmed/16236737,"Furthermore, the HERA trial"
417,21768458,,2011,"systemic therapy, early stage",Systemic Therapies (Preoperative and Adjuvant) > Adjuvant Systemic Therapy > Adjuvant Therapy for HER2-positive tumors,,1,177,"Perez EA, Romond EH, Suman VJ, et al. Four-year follow-up of trastuzumab plus adjuvant chemotherapy for operable human epidermal growth factor receptor 2-positive breast cancer: joint analysis of data from NCCTG N9831 and NSABP B-31. J Clin Oncol 2011;29:3366- 3373.",http://www.ncbi.nlm.nih.gov/pubmed/21768458,"Furthermore, the HERA trial and the combined analysis of the NSABP B31 and NCCTG N9831 trials"
418,34339645,,2021,"systemic therapy, early stage",Systemic Therapies (Preoperative and Adjuvant) > Adjuvant Systemic Therapy > Adjuvant Therapy for HER2-positive tumors,,1,177,"Early Breast Cancer Trialists' Collaborative g. Trastuzumab for early-stage, HER2-positive breast cancer: a meta-analysis of 13 864 women in seven randomised trials. Lancet Oncol 2021;22:1139-1150.",https://www.ncbi.nlm.nih.gov/pubmed/34339645,"A more recent meta-analysis of all the above (excluding the BCIRG 006 Trial) showed that addition of trastuzumab resulted in an average absolute reduction in 10-year risk of recurrence of 9.0% (95% CI 7.4 to 10.7; P < . 0001), a reduction in 10-year breast cancer mortality by 6.4% (4.9 to 7.8; P < ."
419,,,2012,"systemic therapy, early stage",Systemic Therapies (Preoperative and Adjuvant) > Adjuvant Systemic Therapy > Adjuvant Therapy for HER2-positive tumors,,1,177,"Romond E, Suman V, Jeong J-H, et al. Trastuzumab plus adjuvant chemotherapy for HER2-positive breast cancer: Final planned joint analysis of overall survival (OS) from NSABP B-31 and NCCTG N9831. Cancer Research 2012;72:S5-5.",http://cancerres.aacrjournals.org/cgi/content/meeting_abstract/72/24_Me,The benefits of trastuzumab are independent of ER status.
420,30413379,,2018,"systemic therapy, early stage",Systemic Therapies (Preoperative and Adjuvant) > Adjuvant Systemic Therapy > Adjuvant Therapy for HER2-positive tumors,,3,177,"van Ramshorst MS, van der Voort A, van Werkhoven ED, et al. Neoadjuvant chemotherapy with or without anthracyclines in the presence of dual HER2 blockade for HER2-positive breast cancer (TRAIN-2): a multicentre, open-label, randomised, phase 3 trial. Lancet Oncol 2018;19:1630-1640.",https://www.ncbi.nlm.nih.gov/pubmed/30413379,The NCCN Panel considers it reasonable to incorporate pertuzumab into the above adjuvant regimens
421,28945833,,2017,"systemic therapy, early stage",Systemic Therapies (Preoperative and Adjuvant) > Adjuvant Systemic Therapy > Adjuvant Therapy for HER2-positive tumors,,1,177,"Nitz UA, Gluz O, Christgen M, et al. De-escalation strategies in HER2-positive early breast cancer (EBC): final analysis of the WSG- ADAPT HER2+/HR- phase II trial: efficacy, safety, and predictive markers for 12 weeks of neoadjuvant dual blockade with trastuzumab and pertuzumab +/- weekly paclitaxel. Ann Oncol 2017;28:2768-2772.",https://www.ncbi.nlm.nih.gov/pubmed/28945833,The NCCN Panel considers it reasonable to incorporate pertuzumab into the above adjuvant regimens
422,34014249,,2021,"systemic therapy, early stage",Systemic Therapies (Preoperative and Adjuvant) > Adjuvant Systemic Therapy > Adjuvant Therapy for HER2-positive tumors,,1,177,"van der Voort A, van Ramshorst MS, van Werkhoven ED, et al. Three-year follow-up of neoadjuvant chemotherapy with or without anthracyclines in the presence of dual erbb2 blockade in patients with erbb2-positive breast cancer: A secondary analysis of the train-2 randomized, phase 3 trial. JAMA Oncol 2021;7:978-984.",https://www.ncbi.nlm.nih.gov/pubmed/34014249,"Based on these results, considering the added toxicity of anthracycline containing regimens the panel has added non- anthracycline containing regimens with trastuzumab and pertuzumab as treatment options."
423,31178152,,2019,"systemic therapy, early stage",Systemic Therapies (Preoperative and Adjuvant) > Adjuvant Systemic Therapy > Adjuvant Therapy for HER2-positive tumors,,1,177,"Earl HM, Hiller L, Vallier AL, et al. 6 versus 12 months of adjuvant trastuzumab for HER2-positive early breast cancer (PERSEPHONE): 4- year disease-free survival results of a randomised phase 3 non-inferiority trial. Lancet 2019;393:2599-2612.",https://www.ncbi.nlm.nih.gov/pubmed/31178152,"With respect to a duration less than 12 months, the results of the PERSEPHONE trial showed non-inferiority for 6 months versus 12 months of trastuzumab treatment,"
424,31178155,,2019,"systemic therapy, early stage",Systemic Therapies (Preoperative and Adjuvant) > Adjuvant Systemic Therapy > Adjuvant Therapy for HER2-positive tumors,,1,177,"Pivot X, Romieu G, Debled M, et al. 6 months versus 12 months of adjuvant trastuzumab in early breast cancer (PHARE): final analysis of a multicentre, open-label, phase 3 randomised trial. Lancet 2019;393:2591-2598.",https://www.ncbi.nlm.nih.gov/pubmed/31178155,"With respect to a duration less than 12 months, the results of the PERSEPHONE trial showed non-inferiority for 6 months versus 12 months of trastuzumab treatment, However, the PHARE study observed more events in the 6 month cohort compared to the 12 month cohort, and non- inferiority was not establi"
425,18250349,,2008,"systemic therapy, early stage",Systemic Therapies (Preoperative and Adjuvant) > Adjuvant Systemic Therapy > Adjuvant Therapy for HER2-positive tumors,,1,178,"Perez EA, Suman VJ, Davidson NE, et al. Cardiac safety analysis of doxorubicin and cyclophosphamide followed by paclitaxel with or without trastuzumab in the North Central Cancer Treatment Group N9831 adjuvant breast cancer trial. J Clin Oncol 2008;26:1231-1238.",http://www.ncbi.nlm.nih.gov/pubmed/18250349,Increased cardiac toxicity has been observed in patients treated with trastuzumab.
426,16258083,,2005,"systemic therapy, early stage",Systemic Therapies (Preoperative and Adjuvant) > Adjuvant Systemic Therapy > Adjuvant Therapy for HER2-positive tumors,,1,178,"Tan-Chiu E, Yothers G, Romond E, et al. Assessment of cardiac dysfunction in a randomized trial comparing doxorubicin and cyclophosphamide followed by paclitaxel, with or without trastuzumab as adjuvant therapy in node-positive, human epidermal growth factor receptor 2-overexpressing breast cancer: NSABP B-31. J Clin Oncol 2005;23:7811-7819.",http://www.ncbi.nlm.nih.gov/pubmed/16258083,Increased cardiac toxicity has been observed in patients treated with trastuzumab.
427,22987084,,2012,"systemic therapy, early stage",Systemic Therapies (Preoperative and Adjuvant) > Adjuvant Systemic Therapy > Adjuvant Therapy for HER2-positive tumors,,1,178,"Romond EH, Jeong JH, Rastogi P, et al. Seven-year follow-up assessment of cardiac function in NSABP B-31, a randomized trial comparing doxorubicin and cyclophosphamide followed by paclitaxel (ACP) with ACP plus trastuzumab as adjuvant therapy for patients with node-positive, human epidermal growth factor receptor 2-positive breast cancer. J Clin Oncol 2012;30:3792-3799.",http://www.ncbi.nlm.nih.gov/pubmed/22987084,"In addition, anthracycline and taxane-based regimens in combination with HER2-targeted agents are associated with further increased risk of cardiac toxicity."
428,,10.1016/j,2014,surveillance / monitoring,"Post-Therapy Surveillance and Follow-up for T0-3, N1, M0 and T1-3, N0-1, M0 Tumors",,1,179,"Moran MS, Schnitt SJ, Giuliano AE, et al. Society of Surgical Oncology-American Society for Radiation Oncology Consensus Guideline on Margins for Breast-Conserving Surgery With Whole-Breast Irradiation in Stages I and II Invasive Breast Cancer. Int J Radiat Oncol Biol Phys 2014;88:553-564.",https://doi.org/10.1016/j.ijrobp.2013.11.012,"Regarding frequency of mammograms after BCS followed by radiation, the NCCN Panel agrees with ASTRO's “Choosing Wisely” list of recommendations released in 2014."
429,8182811,,1994,surveillance / monitoring,"Post-Therapy Surveillance and Follow-up for T0-3, N1, M0 and T1-3, N0-1, M0 Tumors",,1,179,Impact of follow-up testing on survival and health-related quality of life in breast cancer patients. A multicenter randomized controlled trial. The GIVIO Investigators. JAMA 1994;271:1587-1592.,http://www.ncbi.nlm.nih.gov/pubmed/8182811,The routine performance of alkaline phosphatase tests and LFTs are not included in the guidelines.
430,7848404,,1994,surveillance / monitoring,"Post-Therapy Surveillance and Follow-up for T0-3, N1, M0 and T1-3, N0-1, M0 Tumors",,1,179,"Rosselli Del Turco M, Palli D, Cariddi A, et al. Intensive diagnostic follow-up after treatment of primary breast cancer. A randomized trial. National Research Council Project on Breast Cancer follow-up. JAMA 1994;271:1593-1597.",http://www.ncbi.nlm.nih.gov/pubmed/7848404,The routine performance of alkaline phosphatase tests and LFTs are not included in the guidelines.
431,10071303,,1998,surveillance / monitoring,"Post-Therapy Surveillance and Follow-up for T0-3, N1, M0 and T1-3, N0-1, M0 Tumors",,1,179,"Smith TJ, Davidson NE, Schapira DV, et al. American Society of Clinical Oncology 1998 update of recommended breast cancer surveillance guidelines. J Clin Oncol 1999;17:1080-1082.",http://www.ncbi.nlm.nih.gov/pubmed/10071303,The routine performance of alkaline phosphatase tests and LFTs are not included in the guidelines.
432,11251019,,2000,surveillance / monitoring,"Post-Therapy Surveillance and Follow-up for T0-3, N1, M0 and T1-3, N0-1, M0 Tumors",,1,179,"Bast RC, Ravdin P, Hayes DF, et al. 2000 update of recommendations for the use of tumor markers in breast and colorectal cancer: clinical practice guidelines of the American Society of Clinical Oncology. J Clin Oncol 2001;19:1865-1878.",http://www.ncbi.nlm.nih.gov/pubmed/11251019,"In addition, the Panel notes no evidence to support the use of “tumor markers” for breast cancer, and routine bone scans, CT scans, MRI scans, PET scans, or ultrasound examinations in the asymptomatic patient provide no advantage in survival or ability to palliate recurrent disease and are, therefor"
433,16140006,,2005,surveillance / monitoring,"Post-Therapy Surveillance and Follow-up for T0-3, N1, M0 and T1-3, N0-1, M0 Tumors",,1,179,"Kirova YM, Stoppa-Lyonnet D, Savignoni A, et al. Risk of breast cancer recurrence and contralateral breast cancer in relation to BRCA1 and BRCA2 mutation status following breast-conserving surgery and radiotherapy. Eur J Cancer 2005;41:2304-2311.",http://www.ncbi.nlm.nih.gov/pubmed/16140006,Rates of contralateral breast cancer after either breast-conserving therapy or mastectomy have been reported to be increased in patients with BRCA1/2 mutations when compared with patients with sporadic breast cancer.
434,15197194,,2004,surveillance / monitoring,"Post-Therapy Surveillance and Follow-up for T0-3, N1, M0 and T1-3, N0-1, M0 Tumors",,1,179,"Metcalfe K, Lynch HT, Ghadirian P, et al. Contralateral breast cancer in BRCA1 and BRCA2 mutation carriers. J Clin Oncol 2004;22:2328-2335.",http://www.ncbi.nlm.nih.gov/pubmed/15197194,Rates of contralateral breast cancer after either breast-conserving therapy or mastectomy have been reported to be increased in patients with BRCA1/2 mutations when compared with patients with sporadic breast cancer.
435,16636335,,2006,surveillance / monitoring,"Post-Therapy Surveillance and Follow-up for T0-3, N1, M0 and T1-3, N0-1, M0 Tumors",,1,179,"Pierce LJ, Levin AM, Rebbeck TR, et al. Ten-year multi-institutional results of breast-conserving surgery and radiotherapy in BRCA1/2- associated stage I/II breast cancer. J Clin Oncol 2006;24:2437-2443.",http://www.ncbi.nlm.nih.gov/pubmed/16636335,Rates of contralateral breast cancer after either breast-conserving therapy or mastectomy have been reported to be increased in patients with BRCA1/2 mutations when compared with patients with sporadic breast cancer.
436,16738185,,2006,surveillance / monitoring,"Post-Therapy Surveillance and Follow-up for T0-3, N1, M0 and T1-3, N0-1, M0 Tumors",,1,179,ACOG committee opinion. No. 336: Tamoxifen and uterine cancer. Obstet Gynecol 2006;107:1475-1478.,http://www.ncbi.nlm.nih.gov/pubmed/16738185,The Panel recommends that patients with intact uteri who are taking adjuvant tamoxifen should have yearly gynecologic assessments and rapid evaluation of any vaginal spotting that might occur because of the risk of tamoxifen-associated endometrial carcinoma in postmenopausal patients.
437,16079372,,2005,surveillance / monitoring,"Post-Therapy Surveillance and Follow-up for T0-3, N1, M0 and T1-3, N0-1, M0 Tumors",,1,180,"Osterberg L, Blaschke T. Adherence to medication. N Engl J Med 2005;353:487-497.",http://www.ncbi.nlm.nih.gov/pubmed/16079372,"Predictors of poor adherence to medication include the presence of side effects associated with the medication, and incomplete understanding by the patient of the benefits associated with regular administration of the medication."
438,24043733,,2013,surveillance / monitoring,"Post-Therapy Surveillance and Follow-up for T0-3, N1, M0 and T1-3, N0-1, M0 Tumors",,1,180,"Dayes IS, Whelan TJ, Julian JA, et al. Randomized trial of decongestive lymphatic therapy for the treatment of lymphedema in women with breast cancer. J Clin Oncol 2013;31:3758-3763.",http://www.ncbi.nlm.nih.gov/pubmed/24043733,"Factors associated with increased risk of lymphedema include extent of axillary surgery, axillary radiation, infection, and patient obesity."
439,17901744,,2007,surveillance / monitoring,"Post-Therapy Surveillance and Follow-up for T0-3, N1, M0 and T1-3, N0-1, M0 Tumors",,1,180,"Warren AG, Brorson H, Borud LJ, Slavin SA. Lymphedema: a comprehensive review. Ann Plast Surg 2007;59:464-472.",http://www.ncbi.nlm.nih.gov/pubmed/17901744,"Factors associated with increased risk of lymphedema include extent of axillary surgery, axillary radiation, infection, and patient obesity."
440,19174449,,2009,surveillance / monitoring,"Post-Therapy Surveillance and Follow-up for T0-3, N1, M0 and T1-3, N0-1, M0 Tumors",,2,180,"Hickey M, Peate M, Saunders CM, Friedlander M. Breast cancer in young women and its impact on reproductive function. Human Reproduction Update 2009;15:323-339.",http://www.ncbi.nlm.nih.gov/pubmed/19174449,"For these patients, the NCCN Panel discourages the use of hormonal birth control methods, regardless of the HR status of the tumor."
441,16259870,,2005,surveillance / monitoring,"Post-Therapy Surveillance and Follow-up for T0-3, N1, M0 and T1-3, N0-1, M0 Tumors",,1,180,"Moran MS, Colasanto JM, Haffty BG, et al. Effects of breast- conserving therapy on lactation after pregnancy. Cancer J 2005;11:399- 403.",http://www.ncbi.nlm.nih.gov/pubmed/16259870,"However, lactation from an irradiated breast may not be possible, or may occur only with a diminished capacity."
442,19213681,,2009,surveillance / monitoring,"Post-Therapy Surveillance and Follow-up for T0-3, N1, M0 and T1-3, N0-1, M0 Tumors",,1,180,"Gnant M, Mlineritsch B, Schippinger W, et al. Endocrine therapy plus zoledronic acid in premenopausal breast cancer. N Engl J Med 2009;360:679-691.",http://www.ncbi.nlm.nih.gov/pubmed/19213681,"A single phase 3 study, ABCSG12, demonstrated improved outcomes with the addition of zoledronic acid in premenopausal patients receiving endocrine therapy with ovarian suppression."
443,19738113,,2009,surveillance / monitoring,"Post-Therapy Surveillance and Follow-up for T0-3, N1, M0 and T1-3, N0-1, M0 Tumors",,1,180,"Li CI, Daling JR, Porter PL, et al. Relationship between potentially modifiable lifestyle factors and risk of second primary contralateral breast cancer among women diagnosed with estrogen receptor-positive invasive breast cancer. J Clin Oncol 2009;27:5312-5318.",http://www.ncbi.nlm.nih.gov/pubmed/19738113,"A nested case control study of 369 patients with ER-positive tumors who developed a second primary breast cancer compared with 734 matched control patients who did not develop a second primary tumor showed an association between obesity (body mass index [BMI] ≥30), smoking, and alcohol consumption a"
444,17557947,,2007,surveillance / monitoring,"Post-Therapy Surveillance and Follow-up for T0-3, N1, M0 and T1-3, N0-1, M0 Tumors",,1,180,"Pierce JP, Stefanick ML, Flatt SW, et al. Greater survival after breast cancer in physically active women with high vegetable-fruit intake regardless of obesity. J Clin Oncol 2007;25:2345-2351.",http://www.ncbi.nlm.nih.gov/pubmed/17557947,"A prospective study of 1490 patients diagnosed with stage I-III breast cancer showed an association between high fruit and vegetable consumption, physical activity, and improved survivorship, regardless of obesity."
445,,,2014,surveillance / monitoring,"Post-Therapy Surveillance and Follow-up for T0-3, N1, M0 and T1-3, N0-1, M0 Tumors",,1,181,"Chlebowski RT BG, et al. . Final survival analysis from the randomized Women's Intervention Nutrition Study (WINS) evaluating dietary intervention as adjuvant breast cancer therapy [abstract]. San Antonio Breast Cancer Symposium 2014;Abstract S5-08.",,"OS analysis showed no significant difference between the two study arms (17% for the intervention vs. 13.6% without); however, subgroup analysis showed that those with ER- and PR-negative disease who were part of the intervention group saw a 54% improvement in OS."
446,24840230,,2014,surveillance / monitoring,"Post-Therapy Surveillance and Follow-up for T0-3, N1, M0 and T1-3, N0-1, M0 Tumors",,1,181,"de Glas NA, Fontein DB, Bastiaannet E, et al. Physical activity and survival of postmenopausal, hormone receptor-positive breast cancer patients: results of the Tamoxifen Exemestane Adjuvant Multicenter Lifestyle study. Cancer 2014;120:2847-2854.",http://www.ncbi.nlm.nih.gov/pubmed/24840230,The NCCN Panel recommends an active lifestyle and ideal body weight (BMI 20-25) for optimal overall health and breast cancer outcomes as there are reports of proven benefits of exercise and active lifestyle during and after treatment.
447,24633595,,2014,surveillance / monitoring,"Post-Therapy Surveillance and Follow-up for T0-3, N1, M0 and T1-3, N0-1, M0 Tumors",,1,181,"Courneya KS, Segal RJ, McKenzie DC, et al. Effects of exercise during adjuvant chemotherapy on breast cancer outcomes. Med Sci Sports Exerc 2014;46:1744-1751.",http://www.ncbi.nlm.nih.gov/pubmed/24633595,The NCCN Panel recommends an active lifestyle and ideal body weight (BMI 20-25) for optimal overall health and breast cancer outcomes as there are reports of proven benefits of exercise and active lifestyle during and after treatment.
448,22895974,,2012,surveillance / monitoring,"Post-Therapy Surveillance and Follow-up for T0-3, N1, M0 and T1-3, N0-1, M0 Tumors",,1,181,"Mishra SI, Scherer RW, Snyder C, et al. Exercise interventions on health-related quality of life for people with cancer during active treatment. Cochrane Database Syst Rev 2012;8:CD008465.",http://www.ncbi.nlm.nih.gov/pubmed/22895974,The NCCN Panel recommends an active lifestyle and ideal body weight (BMI 20-25) for optimal overall health and breast cancer outcomes as there are reports of proven benefits of exercise and active lifestyle during and after treatment.
449,15269044,,2004,"workup, imaging, staging",Recurrent/Stage IV Breast Cancer > Staging and Workup for Recurrent and Stage IV Breast Cancer,,1,182,"Eubank WB, Mankoff D, Bhattacharya M, et al. Impact of FDG PET on defining the extent of disease and on the treatment of patients with recurrent or metastatic breast cancer. AJR Am J Roentgenol 2004;183:479-486.",http://www.ncbi.nlm.nih.gov/pubmed/15269044,There is limited evidence (mostly from retrospective studies) to support the use of PET/CT scanning to guide treatment planning through determination of the extent of disease in select patients with recurrent or metastatic disease.
450,9529287,,1998,"workup, imaging, staging",Recurrent/Stage IV Breast Cancer > Staging and Workup for Recurrent and Stage IV Breast Cancer,,1,182,"Moon DH, Maddahi J, Silverman DH, et al. Accuracy of whole-body fluorine-18-FDG PET for the detection of recurrent or metastatic breast carcinoma. J Nucl Med 1998;39:431-435.",http://www.ncbi.nlm.nih.gov/pubmed/9529287,There is limited evidence (mostly from retrospective studies) to support the use of PET/CT scanning to guide treatment planning through determination of the extent of disease in select patients with recurrent or metastatic disease.
451,21105765,,2011,"workup, imaging, staging",Recurrent/Stage IV Breast Cancer > Staging and Workup for Recurrent and Stage IV Breast Cancer,,1,182,"Arslan C, Sari E, Aksoy S, Altundag K. Variation in hormone receptor and HER-2 status between primary and metastatic breast cancer: review of the literature. Expert Opin Ther Targets 2011;15:21- 30.",http://www.ncbi.nlm.nih.gov/pubmed/21105765,"ER and PR assays may be falsely negative or falsely positive, and there may be discordance between the primary and metastatic tumors."
452,21041379,,2010,"workup, imaging, staging",Recurrent/Stage IV Breast Cancer > Staging and Workup for Recurrent and Stage IV Breast Cancer,,2,182,"Pusztai L, Viale G, Kelly CM, Hudis CA. Estrogen and HER-2 receptor discordance between primary breast cancer and metastasis. Oncologist 2010;15:1164-1168.",http://www.ncbi.nlm.nih.gov/pubmed/21041379,"ER and PR assays may be falsely negative or falsely positive, and there may be discordance between the primary and metastatic tumors."
453,21643691,,2011,"workup, imaging, staging",Recurrent/Stage IV Breast Cancer > Staging and Workup for Recurrent and Stage IV Breast Cancer,,1,182,"Bogina G, Bortesi L, Marconi M, et al. Comparison of hormonal receptor and HER-2 status between breast primary tumours and relapsing tumours: clinical implications of progesterone receptor loss. Virchows Arch 2011;459:1-10.",http://www.ncbi.nlm.nih.gov/pubmed/21643691,
454,21307144,,2011,"workup, imaging, staging",Recurrent/Stage IV Breast Cancer > Staging and Workup for Recurrent and Stage IV Breast Cancer,,1,182,"Fabi A, Di Benedetto A, Metro G, et al. HER2 protein and gene variation between primary and metastatic breast cancer: significance and impact on patient care. Clin Cancer Res 2011;17:2055-2064.",http://www.ncbi.nlm.nih.gov/pubmed/21307144,
455,,,2010,"workup, imaging, staging",Recurrent/Stage IV Breast Cancer > Staging and Workup for Recurrent and Stage IV Breast Cancer,,1,182,"Karlsson E, Lindström LS, Wilking U, et al. Discordance in hormone receptor status in breast cancer during tumor progression [abstract]. J Clin Oncol 2010;28:(Suppl):Abstract 1009.",http://www.asco.org/ASCOv2/Meetings/Abstracts?&vmview=abst_detail_,
456,20099049,,2011,"workup, imaging, staging",Recurrent/Stage IV Breast Cancer > Staging and Workup for Recurrent and Stage IV Breast Cancer,,1,182,"Sari E, Guler G, Hayran M, et al. Comparative study of the immunohistochemical detection of hormone receptor status and HER-2 expression in primary and paired recurrent/metastatic lesions of patients with breast cancer. Med Oncol 2011;28:57-63.",http://www.ncbi.nlm.nih.gov/pubmed/20099049,
457,19299408,,2009,"workup, imaging, staging",Recurrent/Stage IV Breast Cancer > Staging and Workup for Recurrent and Stage IV Breast Cancer,,1,182,"Simmons C, Miller N, Geddie W, et al. Does confirmatory tumor biopsy alter the management of breast cancer patients with distant metastases? Ann Oncol 2009;20:1499-1504.",http://www.ncbi.nlm.nih.gov/pubmed/19299408,
458,15786420,,2005,"workup, imaging, staging",Recurrent/Stage IV Breast Cancer > Staging and Workup for Recurrent and Stage IV Breast Cancer,,1,182,"Gong Y, Booser DJ, Sneige N. Comparison of HER-2 status determined by fluorescence in situ hybridization in primary and metastatic breast carcinoma. Cancer 2005;103:1763-1769.",http://www.ncbi.nlm.nih.gov/pubmed/15786420,
459,17511881,,2007,"workup, imaging, staging",Recurrent/Stage IV Breast Cancer > Staging and Workup for Recurrent and Stage IV Breast Cancer,,1,182,"Tapia C, Savic S, Wagner U, et al. HER2 gene status in primary breast cancers and matched distant metastases. Breast Cancer Res 2007;9.",http://www.ncbi.nlm.nih.gov/pubmed/17511881,
460,22711854,,2012,"workup, imaging, staging",Recurrent/Stage IV Breast Cancer > Staging and Workup for Recurrent and Stage IV Breast Cancer,,1,182,"Lindstrom LS, Karlsson E, Wilking UM, et al. Clinically used breast cancer markers such as estrogen receptor, progesterone receptor, and human epidermal growth factor receptor 2 are unstable throughout tumor progression. J Clin Oncol 2012;30:2601-2608.",http://www.ncbi.nlm.nih.gov/pubmed/22711854,
461,23002281,,2013,"workup, imaging, staging",Recurrent/Stage IV Breast Cancer > Staging and Workup for Recurrent and Stage IV Breast Cancer,,1,182,"Dieci MV, Barbieri E, Piacentini F, et al. Discordance in receptor status between primary and recurrent breast cancer has a prognostic impact: a single-institution analysis. Ann Oncol 2013;24:101-108.",http://www.ncbi.nlm.nih.gov/pubmed/23002281,
462,24269135,,2014,"workup, imaging, staging",Recurrent/Stage IV Breast Cancer > Staging and Workup for Recurrent and Stage IV Breast Cancer,,1,182,"Aurilio G, Disalvatore D, Pruneri G, et al. A meta-analysis of oestrogen receptor, progesterone receptor and human epidermal growth factor receptor 2 discordance between primary breast cancer and metastases. Eur J Cancer 2014;50:277-289.",http://www.ncbi.nlm.nih.gov/pubmed/24269135,
463,10920129,,2000,"systemic therapy, advanced/metastatic",Recurrent/Stage IV Breast Cancer > Management of Locally Recurrent Disease,,1,183,"Katz A, Strom EA, Buchholz TA, et al. Locoregional recurrence patterns after mastectomy and doxorubicin-based chemotherapy: implications for postoperative irradiation. J Clin Oncol 2000;18:2817- 2827.",http://www.ncbi.nlm.nih.gov/pubmed/10920129,"In one retrospective study of local recurrence patterns in patients with breast cancer who had undergone mastectomy and adjuvant chemotherapy without RT, the most common sites of local recurrence were at the chest wall and the supraclavicular lymph nodes."
464,10211085,,1999,"systemic therapy, advanced/metastatic",Recurrent/Stage IV Breast Cancer > Management of Locally Recurrent Disease,,1,183,"van Tienhoven G, Voogd AC, Peterse JL, et al. Prognosis after treatment for loco-regional recurrence after mastectomy or breast conserving therapy in two randomised trials (EORTC 10801 and DBCG- 82TM). EORTC Breast Cancer Cooperative Group and the Danish Breast Cancer Cooperative Group. Eur J Cancer 1999;35:32-38.",http://www.ncbi.nlm.nih.gov/pubmed/10211085,No difference in survival emerged between patients receiving treatment after initial treatment with mastectomy or breast-conserving therapy; approximately 50% of both groups were alive at 10-year follow-up.
465,18589362,,2008,"systemic therapy, advanced/metastatic",Recurrent/Stage IV Breast Cancer > Management of Locally Recurrent Disease,,1,183,"Cox CE, Furman BT, Kiluk JV, et al. Use of reoperative sentinel lymph node biopsy in breast cancer patients. J Am Coll Surg 2008;207:57-61.",http://www.ncbi.nlm.nih.gov/pubmed/18589362,"In patients with a local breast recurrence after BCS and RT who had a prior sentinel lymph node (SLN) biopsy, a repeat SLNB may be considered although the accuracy of repeat SLNB is unproven, and the prognostic significance of repeat SLNB after mastectomy is unknown and its use is discouraged."
466,29468606,,2018,"systemic therapy, advanced/metastatic",Recurrent/Stage IV Breast Cancer > Management of Locally Recurrent Disease,,1,183,"Poodt IGM, Vugts G, Schipper RJ, Nieuwenhuijzen GAP. Repeat sentinel lymph node biopsy for ipsilateral breast tumor recurrence: A systematic review of the results and impact on prognosis. Ann Surg Oncol 2018;25:1329-1339.",https://www.ncbi.nlm.nih.gov/pubmed/29468606,"In patients with a local breast recurrence after BCS and RT who had a prior sentinel lymph node (SLN) biopsy, a repeat SLNB may be considered although the accuracy of repeat SLNB is unproven, and the prognostic significance of repeat SLNB after mastectomy is unknown and its use is discouraged."
467,24439313,,2014,"systemic therapy, advanced/metastatic",Recurrent/Stage IV Breast Cancer > Management of Locally Recurrent Disease,,4,183,"Aebi S, Gelber S, Anderson SJ, et al. Chemotherapy for isolated locoregional recurrence of breast cancer (CALOR): a randomised trial. Lancet Oncol 2014;15:156-163.",http://www.ncbi.nlm.nih.gov/pubmed/24439313,"The results of the CALOR trial found that after complete resection in patients with isolated locoregional recurrence, adjuvant chemotherapy improves both DFS and OS."
468,8004615,,1994,surgery / reconstruction,Recurrent/Stage IV Breast Cancer > Management of Recurrent or Stage IV Disease > Surgery for Recurrent or Stage IV Disease,,1,184,Hortobagyi GN. Multidisciplinary management of advanced primary and metastatic breast cancer. Cancer 1994;74:416-423.,http://www.ncbi.nlm.nih.gov/pubmed/8004615,"Surgery for Recurrent or Stage IV Disease The primary treatment approach recommended by the NCCN Panel for patients with metastatic breast cancer and an intact primary tumor is systemic therapy, with consideration of surgery after initial systemic treatment for those requiring palliation of symptoms"
469,16614878,,2006,surgery / reconstruction,Recurrent/Stage IV Breast Cancer > Management of Recurrent or Stage IV Disease > Surgery for Recurrent or Stage IV Disease,,1,184,"Babiera GV, Rao R, Feng L, et al. Effect of primary tumor extirpation in breast cancer patients who present with stage IV disease and an intact primary tumor. Ann Surg Oncol 2006;13:776-782.",http://www.ncbi.nlm.nih.gov/pubmed/16614878,Retrospective studies suggest a potential survival benefit from complete excision of the in-breast tumor in select patients with metastatic breast cancer.
470,12407345,,2002,surgery / reconstruction,Recurrent/Stage IV Breast Cancer > Management of Recurrent or Stage IV Disease > Surgery for Recurrent or Stage IV Disease,,1,184,"Khan SA, Stewart AK, Morrow M. Does aggressive local therapy improve survival in metastatic breast cancer? Surgery 2002;132:620- 626.",http://www.ncbi.nlm.nih.gov/pubmed/12407345,Retrospective studies suggest a potential survival benefit from complete excision of the in-breast tumor in select patients with metastatic breast cancer.
471,18357493,,2008,surgery / reconstruction,Recurrent/Stage IV Breast Cancer > Management of Recurrent or Stage IV Disease > Surgery for Recurrent or Stage IV Disease,,1,184,"Rao R, Feng L, Kuerer HM, et al. Timing of surgical intervention for the intact primary in stage IV breast cancer patients. Ann Surg Oncol 2008;15:1696-1702.",http://www.ncbi.nlm.nih.gov/pubmed/18357493,Retrospective studies suggest a potential survival benefit from complete excision of the in-breast tumor in select patients with metastatic breast cancer.
472,16702580,,2006,surgery / reconstruction,Recurrent/Stage IV Breast Cancer > Management of Recurrent or Stage IV Disease > Surgery for Recurrent or Stage IV Disease,,1,184,"Rapiti E, Verkooijen HM, Vlastos G, et al. Complete excision of primary breast tumor improves survival of patients with metastatic breast cancer at diagnosis. J Clin Oncol 2006;24:2743-2749.",http://www.ncbi.nlm.nih.gov/pubmed/16702580,Retrospective studies suggest a potential survival benefit from complete excision of the in-breast tumor in select patients with metastatic breast cancer.
473,16702578,,2006,surgery / reconstruction,Recurrent/Stage IV Breast Cancer > Management of Recurrent or Stage IV Disease > Surgery for Recurrent or Stage IV Disease,,1,184,"Morrow M, Goldstein L. Surgery of the primary tumor in metastatic breast cancer: closing the barn door after the horse has bolted? J Clin Oncol 2006;24:2694-2696.",http://www.ncbi.nlm.nih.gov/pubmed/16702578,Substantial selection biases exist in all of these studies and are likely to confound the study results.
474,18438109,,2008,surgery / reconstruction,Recurrent/Stage IV Breast Cancer > Management of Recurrent or Stage IV Disease > Surgery for Recurrent or Stage IV Disease,,1,184,"Olson JA, Marcom PK. Benefit or bias? The role of surgery to remove the primary tumor in patients with metastatic breast cancer. Ann Surg 2008;247:739-740.",http://www.ncbi.nlm.nih.gov/pubmed/18438109,Substantial selection biases exist in all of these studies and are likely to confound the study results.
475,26363985,,2015,surgery / reconstruction,Recurrent/Stage IV Breast Cancer > Management of Recurrent or Stage IV Disease > Surgery for Recurrent or Stage IV Disease,,3,184,"Badwe R, Hawaldar R, Nair N, et al. Locoregional treatment versus no treatment of the primary tumour in metastatic breast cancer: an open- label randomised controlled trial. Lancet Oncol 2015;16:1380-1388.",https://www.ncbi.nlm.nih.gov/pubmed/26363985,"Two prospective, randomized studies assessed whether or not surgery on the primary tumor in the breast is necessary for patients who are diagnosed with metastatic/stage IV breast cancer."
476,27001590,,2016,surgery / reconstruction,Recurrent/Stage IV Breast Cancer > Management of Recurrent or Stage IV Disease > Surgery for Recurrent or Stage IV Disease,,1,184,"King TA, Lyman JP, Gonen M, et al. Prognostic Impact of 21-Gene Recurrence Score in Patients With Stage IV Breast Cancer: TBCRC 013. J Clin Oncol 2016;34:2359-2365.",https://www.ncbi.nlm.nih.gov/pubmed/27001590,"Two prospective, randomized studies assessed whether or not surgery on the primary tumor in the breast is necessary for patients who are diagnosed with metastatic/stage IV breast cancer."
477,,10.1200/JCO,2016,surgery / reconstruction,Recurrent/Stage IV Breast Cancer > Management of Recurrent or Stage IV Disease > Surgery for Recurrent or Stage IV Disease,,2,184,"King TA, Lyman J, Gonen M, et al. A prospective analysis of surgery and survival in stage IV breast cancer (TBCRC 013). Journal of Clinical Oncology 2016;34:1006-1006.",https://doi.org/10.1200/JCO.2016.34.15_suppl.1006,In a separate multicenter prospective registry study patients whose disease responded to first-line systemic therapy were randomized to management of the primary tumor by surgery or not.
478,29777404,,2018,surgery / reconstruction,Recurrent/Stage IV Breast Cancer > Management of Recurrent or Stage IV Disease > Surgery for Recurrent or Stage IV Disease,,4,184,"Soran A, Ozmen V, Ozbas S, et al. Randomized Trial Comparing Resection of Primary Tumor with No Surgery in Stage IV Breast Cancer at Presentation: Protocol MF07-01. Ann Surg Oncol 2018;25:3141-3149.",https://www.ncbi.nlm.nih.gov/pubmed/29777404,"Preliminary data showed no difference in OS between the two groups However, in another trial by the Turkish Federation (MF07-01), patients (n = 274) with de novo metastatic breast cancer who were randomized to local management (mastectomy, or BCS with radiation) followed by systemic therapy versus s"
479,15251160,,2004,"systemic therapy, advanced/metastatic",Recurrent/Stage IV Breast Cancer > Management of Recurrent or Stage IV Disease > Therapy for Bone Metastases,,1,186,"Diel IJ, Body JJ, Lichinitser MR, et al. Improved quality of life after long-term treatment with the bisphosphonate ibandronate in patients with metastatic bone disease due to breast cancer. Eur J Cancer 2004;40:1704-1712.",http://www.ncbi.nlm.nih.gov/pubmed/15251160,
480,9626201,,1998,"systemic therapy, advanced/metastatic",Recurrent/Stage IV Breast Cancer > Management of Recurrent or Stage IV Disease > Therapy for Bone Metastases,,1,186,"Hortobagyi GN, Theriault RL, Lipton A, et al. Long-term prevention of skeletal complications of metastatic breast cancer with pamidronate. Protocol 19 Aredia Breast Cancer Study Group. J Clin Oncol 1998;16:2038-2044.",http://www.ncbi.nlm.nih.gov/pubmed/9626201,
481,8965890,,1996,"systemic therapy, advanced/metastatic",Recurrent/Stage IV Breast Cancer > Management of Recurrent or Stage IV Disease > Therapy for Bone Metastases,,1,186,"Hortobagyi GN, Theriault RL, Porter L, et al. Efficacy of pamidronate in reducing skeletal complications in patients with breast cancer and lytic bone metastases. Protocol 19 Aredia Breast Cancer Study Group. N Engl J Med 1996;335:1785-1791.",http://www.ncbi.nlm.nih.gov/pubmed/8965890,
482,10699899,,2000,"systemic therapy, advanced/metastatic",Recurrent/Stage IV Breast Cancer > Management of Recurrent or Stage IV Disease > Therapy for Bone Metastases,,2,"186,187","Lipton A, Theriault RL, Hortobagyi GN, et al. Pamidronate prevents skeletal complications and is effective palliative treatment in women with breast carcinoma and osteolytic bone metastases: long term follow-up of two randomized, placebo-controlled trials. Cancer 2000;88:1082-1090.",http://www.ncbi.nlm.nih.gov/pubmed/10699899,"The original studies continued treatment for up to 24 months; however, there are limited long-term safety data indicating treatment can continue beyond that time."
483,17163234,,2006,"systemic therapy, advanced/metastatic",Recurrent/Stage IV Breast Cancer > Management of Recurrent or Stage IV Disease > Therapy for Bone Metastases,,1,186,"McLachlan SA, Cameron D, Murray R, et al. Safety of oral ibandronate in the treatment of bone metastases from breast cancer: long-term follow-up experience. Clin Drug Investig 2006;26:43-48.",http://www.ncbi.nlm.nih.gov/pubmed/17163234,
484,17163265,,2006,"systemic therapy, advanced/metastatic",Recurrent/Stage IV Breast Cancer > Management of Recurrent or Stage IV Disease > Therapy for Bone Metastases,,2,"186,187","Pecherstorfer M, Rivkin S, Body J-J, et al. Long-term safety of intravenous ibandronic acid for up to 4 years in metastatic breast cancer: an open-label trial. Clin Drug Investig 2006;26:315-322.",http://www.ncbi.nlm.nih.gov/pubmed/17163265,"The original studies continued treatment for up to 24 months; however, there are limited long-term safety data indicating treatment can continue beyond that time."
485,14692022,,2004,"systemic therapy, advanced/metastatic",Recurrent/Stage IV Breast Cancer > Management of Recurrent or Stage IV Disease > Therapy for Bone Metastases,,1,186,"Rosen LS, Gordon DH, Dugan W, et al. Zoledronic acid is superior to pamidronate for the treatment of bone metastases in breast carcinoma patients with at least one osteolytic lesion. Cancer 2004;100:36-43.",http://www.ncbi.nlm.nih.gov/pubmed/14692022,
486,10071275,,1999,"systemic therapy, advanced/metastatic",Recurrent/Stage IV Breast Cancer > Management of Recurrent or Stage IV Disease > Therapy for Bone Metastases,,1,186,"Theriault RL, Lipton A, Hortobagyi GN, et al. Pamidronate reduces skeletal morbidity in women with advanced breast cancer and lytic bone lesions: a randomized, placebo-controlled trial. Protocol 18 Aredia Breast Cancer Study Group. J Clin Oncol 1999;17:846-854.",http://www.ncbi.nlm.nih.gov/pubmed/10071275,
487,23684411,,2013,"systemic therapy, advanced/metastatic",Recurrent/Stage IV Breast Cancer > Management of Recurrent or Stage IV Disease > Therapy for Bone Metastases,,3,186,"Amadori D, Aglietta M, Alessi B, et al. Efficacy and safety of 12- weekly versus 4-weekly zoledronic acid for prolonged treatment of patients with bone metastases from breast cancer (ZOOM): a phase 3, open-label, randomised, non-inferiority trial. Lancet Oncol 2013;14:663- 670.",https://www.ncbi.nlm.nih.gov/pubmed/23684411,Three randomized trials have compared zoledronic acid dosed every 4 weeks versus every 12 weeks.
488,28030702,,2017,"systemic therapy, advanced/metastatic",Recurrent/Stage IV Breast Cancer > Management of Recurrent or Stage IV Disease > Therapy for Bone Metastases,,3,186,"Himelstein AL, Foster JC, Khatcheressian JL, et al. Effect of longer- interval vs standard dosing of zoledronic acid on skeletal events in patients with bone metastases: A randomized clinical trial. JAMA 2017;317:48-58.",https://www.ncbi.nlm.nih.gov/pubmed/28030702,Three randomized trials have compared zoledronic acid dosed every 4 weeks versus every 12 weeks.
489,28125763,,2017,"systemic therapy, advanced/metastatic",Recurrent/Stage IV Breast Cancer > Management of Recurrent or Stage IV Disease > Therapy for Bone Metastases,,3,"186,187","Hortobagyi GN, Van Poznak C, Harker WG, et al. Continued treatment effect of zoledronic acid dosing every 12 vs 4 weeks in women with breast cancer metastatic to bone: The OPTIMIZE-2 randomized clinical trial. JAMA Oncol 2017;3:906-912.",https://www.ncbi.nlm.nih.gov/pubmed/28125763,Three randomized trials have compared zoledronic acid dosed every 4 weeks versus every 12 weeks.
490,,,2014,"systemic therapy, advanced/metastatic",Recurrent/Stage IV Breast Cancer > Management of Recurrent or Stage IV Disease > Therapy for Bone Metastases,,1,186,"Hortobagyi GN, Lipton A, Chew HK, et al. Efficacy and safety of continued zoledronic acid every 4 weeks versus every 12 weeks in women with bone metastases from breast cancer: Results of the OPTIMIZE-2 trial. ASCO Meeting Abstracts 2014;32:LBA9500.",http://meeting.ascopubs.org/cgi/content/abstract/32/18_suppl/LBA9500,"Data from these trials show that among patients with breast cancer and bone metastases, zoledronic acid administered once every 12 weeks versus once every 4 weeks does not compromise efficacy and has similar rates of SREs."
491,14534891,,2003,"systemic therapy, advanced/metastatic",Recurrent/Stage IV Breast Cancer > Management of Recurrent or Stage IV Disease > Therapy for Bone Metastases,,1,187,"Rosen LS, Gordon D, Kaminski M, et al. Long-term efficacy and safety of zoledronic acid compared with pamidronate disodium in the treatment of skeletal complications in patients with advanced multiple myeloma or breast carcinoma: a randomized, double-blind, multicenter, comparative trial. Cancer 2003;98:1735-1744.",http://www.ncbi.nlm.nih.gov/pubmed/14534891,"The original studies continued treatment for up to 24 months; however, there are limited long-term safety data indicating treatment can continue beyond that time."
492,20400929,,2010,"systemic therapy, advanced/metastatic",Recurrent/Stage IV Breast Cancer > Management of Recurrent or Stage IV Disease > Therapy for Bone Metastases,,2,187,Stopeck A. Denosumab findings in metastatic breast cancer. Clin Adv Hematol Oncol 2010;8:159-160.,http://www.ncbi.nlm.nih.gov/pubmed/20400929,This recommendation is based on the results of a randomized trial comparing 120 mg of SQ denosumab every 4 weeks to 4 mg of IV zoledronic acid every 4 weeks.
493,16702591,,2006,"systemic therapy, advanced/metastatic",Recurrent/Stage IV Breast Cancer > Management of Recurrent or Stage IV Disease > Therapy for Bone Metastases,,1,187,"Woo S-B, Hellstein JW, Kalmar JR. Narrative [corrected] review: bisphosphonates and osteonecrosis of the jaws. Ann Intern Med 2006;144:753-761.",http://www.ncbi.nlm.nih.gov/pubmed/16702591,Additional risk factors for the development of ONJ include administration of chemotherapy or corticosteroids and poor oral hygiene with periodontal disease and dental abscess.
494,,,2020,"systemic therapy, advanced/metastatic","Recurrent/Stage IV Breast Cancer > Management of Recurrent or Stage IV Disease > Endocrine-based Therapy for HR-Positive, HER2-Negative Breast Cancer",,2,188,"Cardoso F, Paluch-Shimon S, Senkus E, et al. 5th ESO-ESMO international consensus guidelines for advanced breast cancer (ABC 5). Ann Oncol 2020;31:1623-1649.",,Visceral crisis as per the ESO-ESMO international consensus guidelines
495,,,2024,"systemic therapy, advanced/metastatic","Recurrent/Stage IV Breast Cancer > Management of Recurrent or Stage IV Disease > Endocrine-based Therapy for HR-Positive, HER2-Negative Breast Cancer",,1,188,"Cardoso F, Paluch-Shimon S, Schumacher-Wulf E, et al. 6th and 7th International consensus guidelines for the management of advanced breast cancer (ABC guidelines 6 and 7). The Breast 2024;76:103756.",https://www.sciencedirect.com/science/article/pii/S0960977624000870,Visceral crisis is not the mere presence of visceral metastases but implies important organ compromise leading to a clinical indication for the most rapidly efficacious therapy.”
496,,10.1200/JCO,2024,"systemic therapy, advanced/metastatic","Recurrent/Stage IV Breast Cancer > Management of Recurrent or Stage IV Disease > Endocrine-based Therapy for HR-Positive, HER2-Negative Breast Cancer",,4,188,"Lu Y-S, Mahidin EIBM, Azim H, et al. Final Results of RIGHT Choice: Ribociclib Plus Endocrine Therapy Versus Combination Chemotherapy in Premenopausal Women With Clinically Aggressive Hormone Receptor-Positive/Human Epidermal Growth Factor Receptor 2-Negative Advanced Breast Cancer. Journal of Clinical Oncology 2024;42:2812-2821.",https://ascopubs.org/doi/abs/10.1200/JCO.24.00144,"ases but implies important organ compromise leading to a clinical indication for the most rapidly efficacious therapy.” Extensive visceral metastases: The Right Choice randomized, open- label, multi-center phase II study compared ribociclib + endocrine therapy with chemotherapy in premenopausal or p"
497,,10.1158/1557-3265,2025,"systemic therapy, advanced/metastatic","Recurrent/Stage IV Breast Cancer > Management of Recurrent or Stage IV Disease > Endocrine-based Therapy for HR-Positive, HER2-Negative Breast Cancer",,1,188,"Loibl S, Thill M, Rey J, et al. Abstract LB1-03: Primary results of the randomised Phase III trial comparing first-line ET plus palbociclib vs standard mono-chemotherapy in women with high risk HER2-/HR+ metastatic breast cancer and indication for chemotherapy - PADMA study. Clinical Cancer Research 2025;31:LB1-03-LB01-03.",https://doi.org/10.1158/1557-3265.SABCS24-LB1-03,"The preliminary results of both these studies presented at the 2025 SABCS showed improved PFS in high-risk cases, with AMBRE trial showing benefit in patients with high-visceral burden."
498,,,2025,"systemic therapy, advanced/metastatic","Recurrent/Stage IV Breast Cancer > Management of Recurrent or Stage IV Disease > Endocrine-based Therapy for HR-Positive, HER2-Negative Breast Cancer",,1,188,"Dieras V BF, Roca L, et al. Abstract RF7-06: Primary results of Ambre, a randomized phase 3 comparing mono-chemotherapy (ct) vs abemaciclib + endocrine therapy (et) in hr+/her2- advanced breast cancer (abc) with high visceral tumor burden. . Presented at SABCS 2025. 2025.",,"The preliminary results of both these studies presented at the 2025 SABCS showed improved PFS in high-risk cases, with AMBRE trial showing benefit in patients with high-visceral burden."
499,29718092,,2018,"systemic therapy, advanced/metastatic","Recurrent/Stage IV Breast Cancer > Management of Recurrent or Stage IV Disease > Endocrine-based Therapy for HR-Positive, HER2-Negative Breast Cancer > Preferred First-Line Therapy Options for HR-Positive, HER2-Negative Breast Cancer",AI in combination with CDK4/6 inhibitor:,2,"188,189","Hortobagyi GN, Stemmer SM, Burris HA, et al. Updated results from MONALEESA-2, a phase III trial of first-line ribociclib plus letrozole versus placebo plus letrozole in hormone receptor-positive, HER2- negative advanced breast cancer. Ann Oncol 2018;29:1541-1547.",https://www.ncbi.nlm.nih.gov/pubmed/29718092,"At a median follow-up of 26.4 months, an improvement in PFS (25.3 vs 16.0 months; HR for progression or death was 0.56; 95% CI, 0.45-0.70) and improved ORR of 43% versus 29% was seen with ribociclib + letrozole compared with letrozole alone."
500,,,2022,"systemic therapy, advanced/metastatic","Recurrent/Stage IV Breast Cancer > Management of Recurrent or Stage IV Disease > Endocrine-based Therapy for HR-Positive, HER2-Negative Breast Cancer > Preferred First-Line Therapy Options for HR-Positive, HER2-Negative Breast Cancer",AI in combination with CDK4/6 inhibitor:,1,189,"https://www.accessdata.fda.gov/drugsatfda_docs/label/2022/209092s013 ,209935s021lbl.pdf.",https://www.accessdata.fda.gov/drugsatfda_docs/label/2022/209092s013,"Based on these QT prolongation observations, the prescribing information for ribociclib includes careful selection of patients with QTcF values<450 msec."
501,29804902,,2018,"systemic therapy, advanced/metastatic","Recurrent/Stage IV Breast Cancer > Management of Recurrent or Stage IV Disease > Endocrine-based Therapy for HR-Positive, HER2-Negative Breast Cancer > Preferred First-Line Therapy Options for HR-Positive, HER2-Negative Breast Cancer",AI in combination with CDK4/6 inhibitor:,2,189,"Tripathy D, Im SA, Colleoni M, et al. Ribociclib plus endocrine therapy for premenopausal women with hormone-receptor-positive, advanced breast cancer (MONALEESA-7): a randomised phase 3 trial. Lancet Oncol 2018;19:904-915.",https://www.ncbi.nlm.nih.gov/pubmed/29804902,"In this trial, pre- or perimenopausal patients (n = 672) with HR-positive, HER2-negative advanced breast cancer randomly assigned to first-line treatment with ribociclib or placebo with goserelin + either a nonsteroidal AI or tamoxifen."
502,35263519,,2022,"systemic therapy, advanced/metastatic","Recurrent/Stage IV Breast Cancer > Management of Recurrent or Stage IV Disease > Endocrine-based Therapy for HR-Positive, HER2-Negative Breast Cancer > Preferred First-Line Therapy Options for HR-Positive, HER2-Negative Breast Cancer",,1,189,"Hortobagyi GN, Stemmer SM, Burris HA, et al. Overall Survival with Ribociclib plus Letrozole in Advanced Breast Cancer. N Engl J Med 2022;386:942-950.",https://www.ncbi.nlm.nih.gov/pubmed/35263519,"Importantly, ribociclib + endocrine therapy has demonstrated a clear OS benefit in both MONALEESA-2 (63.9 vs 51.4 months; HR, 0.76; 95% CI, 0.63-0.93)"
503,34965945,,2022,"systemic therapy, advanced/metastatic","Recurrent/Stage IV Breast Cancer > Management of Recurrent or Stage IV Disease > Endocrine-based Therapy for HR-Positive, HER2-Negative Breast Cancer > Preferred First-Line Therapy Options for HR-Positive, HER2-Negative Breast Cancer",,1,189,"Lu YS, Im SA, Colleoni M, et al. Updated Overall Survival of Ribociclib plus Endocrine Therapy versus Endocrine Therapy Alone in Pre- and Perimenopausal Patients with HR+/HER2- Advanced Breast Cancer in MONALEESA-7: A Phase III Randomized Clinical Trial. Clin Cancer Res 2022;28:851-859.",https://www.ncbi.nlm.nih.gov/pubmed/34965945,"Importantly, ribociclib + endocrine therapy has demonstrated a clear OS benefit in both MONALEESA-2 (63.9 vs 51.4 months; HR, 0.76; 95% CI, 0.63-0.93) and MONALEESA-7 trials (58.7 vs 48.0 months; HR, 0.76; 95% CI, 0.61-0.96)."
504,28968163,,2017,"systemic therapy, advanced/metastatic","Recurrent/Stage IV Breast Cancer > Management of Recurrent or Stage IV Disease > Endocrine-based Therapy for HR-Positive, HER2-Negative Breast Cancer > Preferred First-Line Therapy Options for HR-Positive, HER2-Negative Breast Cancer",,3,189,"Goetz MP, Toi M, Campone M, et al. MONARCH 3: Abemaciclib As Initial Therapy for Advanced Breast Cancer. J Clin Oncol 2017;35:3638- 3646.",https://www.ncbi.nlm.nih.gov/pubmed/28968163,"The combination of abemaciclib with the AI improved PFS, compared with the AI alone (median not reached vs 14.7 months, respectively; HR, 0.54; 95% CI, 0.41-0.72)."
505,38729566,,2024,"systemic therapy, advanced/metastatic","Recurrent/Stage IV Breast Cancer > Management of Recurrent or Stage IV Disease > Endocrine-based Therapy for HR-Positive, HER2-Negative Breast Cancer > Preferred First-Line Therapy Options for HR-Positive, HER2-Negative Breast Cancer",,1,189,"Goetz MP, Toi M, Huober J, et al. Abemaciclib plus a nonsteroidal aromatase inhibitor as initial therapy for HR+, HER2- advanced breast cancer: final overall survival results of MONARCH 3. Ann Oncol 2024;35:718-727.",https://www.ncbi.nlm.nih.gov/pubmed/38729566,"The final OS analysis with 8.1 years of median follow-up showed a trend towards longer OS with the addition of abemaciclib to AI (median, 66.8 vs 53.7 months; HR, 0.80; 95% CI, 0.64-1.02)."
506,27959613,,2016,"systemic therapy, advanced/metastatic","Recurrent/Stage IV Breast Cancer > Management of Recurrent or Stage IV Disease > Endocrine-based Therapy for HR-Positive, HER2-Negative Breast Cancer > Preferred First-Line Therapy Options for HR-Positive, HER2-Negative Breast Cancer",,3,189,"Finn RS, Martin M, Rugo HS, et al. Palbociclib and Letrozole in Advanced Breast Cancer. N Engl J Med 2016;375:1925-1936.",https://www.ncbi.nlm.nih.gov/pubmed/27959613,"Palbociclib: Palbociclib in combination with letrozole was studied in a phase III study that included postmenopausal patients (n = 666) with metastatic, HR-positive, HER2-negative breast cancer who had not received prior treatment for advanced disease."
507,,,2024,"systemic therapy, advanced/metastatic","Recurrent/Stage IV Breast Cancer > Management of Recurrent or Stage IV Disease > Endocrine-based Therapy for HR-Positive, HER2-Negative Breast Cancer > Preferred First-Line Therapy Options for HR-Positive, HER2-Negative Breast Cancer",,1,189,"Slamon DJ, Diéras V, Rugo HS, et al. Overall Survival With Palbociclib Plus Letrozole in Advanced Breast Cancer. J Clin Oncol 2024;42:994-1000.",,"Final analysis of the PALOMA-2 trial (90.1-month median follow-up) showed no statistically significant difference in median OS between the combination versus letrozole alone (53.9 vs 51.2 months; HR, 0.96; 95% CI, 0.78- 1.2)."
508,,,2015,"systemic therapy, advanced/metastatic","Recurrent/Stage IV Breast Cancer > Management of Recurrent or Stage IV Disease > Endocrine-based Therapy for HR-Positive, HER2-Negative Breast Cancer > Preferred First-Line Therapy Options for HR-Positive, HER2-Negative Breast Cancer",,1,189,"Beaver JA, Amiri-Kordestani L, Charlab R, et al. FDA Approval: Palbociclib for the Treatment of Postmenopausal Patients with Estrogen Receptor-Positive, HER2-Negative Metastatic Breast Cancer. Clin Cancer Res 2015;21:4760-4766.",,A pre-planned pooled analysis of patients from PALOMA-1 trial
509,,,2024,"systemic therapy, advanced/metastatic","Recurrent/Stage IV Breast Cancer > Management of Recurrent or Stage IV Disease > Endocrine-based Therapy for HR-Positive, HER2-Negative Breast Cancer > Preferred First-Line Therapy Options for HR-Positive, HER2-Negative Breast Cancer",,2,190,"Sonke GS, van Ommen-Nijhof A, Wortelboer N, et al. prior endocrine therapy. Nature 2024;636:474-480.",,"The phase 3 SONIA trial randomized patients (n=1,050) who had not received previous therapy for advanced breast cancer to receive CDK4/6 inhibitor in the first- or second-line setting."
510,,,2024,"systemic therapy, advanced/metastatic","Recurrent/Stage IV Breast Cancer > Management of Recurrent or Stage IV Disease > Endocrine-based Therapy for HR-Positive, HER2-Negative Breast Cancer > Preferred First-Line Therapy Options for HR-Positive, HER2-Negative Breast Cancer",,1,190,"Turner NC, Im SA, Saura C, et al. Inavolisib-Based Therapy in PIK3CA-Mutated Advanced Breast Cancer. N Engl J Med 2024;391:1584-1596.",,"The addition of inavolisib, significantly improved PFS (15.0 vs 7.3 months; HR, 0.43; 95% CI, 0.32- 0.59)."
511,40454641,,2025,"systemic therapy, advanced/metastatic","Recurrent/Stage IV Breast Cancer > Management of Recurrent or Stage IV Disease > Endocrine-based Therapy for HR-Positive, HER2-Negative Breast Cancer > Preferred First-Line Therapy Options for HR-Positive, HER2-Negative Breast Cancer",,1,190,"Jhaveri KL, Im SA, Saura C, et al. Overall Survival with Inavolisib in PIK3CA-Mutated Advanced Breast Cancer. N Engl J Med 2025;393:151- 161.",https://www.ncbi.nlm.nih.gov/pubmed/40454641,"The median OS was also significantly improved with the addition of inavolisib (34 vs 27 months; HR, 0.67; 95% CI, 0.48-0.94)."
512,,,2018,"systemic therapy, advanced/metastatic","Recurrent/Stage IV Breast Cancer > Management of Recurrent or Stage IV Disease > Endocrine-based Therapy for HR-Positive, HER2-Negative Breast Cancer > Preferred First-Line Therapy Options for HR-Positive, HER2-Negative Breast Cancer",Fulvestrant + CDK4/6 inhibitor:,1,190,"Slamon DJ, Neven P, Chia S, et al. Phase III randomized study of ribociclib and fulvestrant in hormone receptor-positive, human epidermal growth factor receptor 2-negative advanced breast cancer: MONALEESA-3. J Clin Oncol 2018:Jco2018789909.",,"In the phase III trial, MONALEESA-3, in patients (n = 726) with advanced HR-positive breast cancer who had no prior endocrine therapy or had disease progression on prior therapy, the combination of ribociclib with fulvestrant showed improved PFS versus fulvestrant alone (21 vs 13 months; HR, 0.59; 9"
513,31826360,,2020,"systemic therapy, advanced/metastatic","Recurrent/Stage IV Breast Cancer > Management of Recurrent or Stage IV Disease > Endocrine-based Therapy for HR-Positive, HER2-Negative Breast Cancer > Preferred First-Line Therapy Options for HR-Positive, HER2-Negative Breast Cancer",Fulvestrant + CDK4/6 inhibitor:,2,191,"Slamon DJ, Neven P, Chia S, et al. Overall survival with ribociclib plus fulvestrant in advanced breast cancer. N Engl J Med 2020;382:514- 524.",https://www.ncbi.nlm.nih.gov/pubmed/31826360,"In a subsequent analysis, a significant improvement in OS was observed."
514,28580882,,2017,"systemic therapy, advanced/metastatic","Recurrent/Stage IV Breast Cancer > Management of Recurrent or Stage IV Disease > Endocrine-based Therapy for HR-Positive, HER2-Negative Breast Cancer > Preferred First-Line Therapy Options for HR-Positive, HER2-Negative Breast Cancer",Fulvestrant + CDK4/6 inhibitor:,2,191,"Sledge GW, Jr., Toi M, Neven P, et al. MONARCH 2: Abemaciclib in combination with fulvestrant in women with HR+/HER2- advanced breast cancer who had progressed while receiving endocrine therapy. J Clin Oncol 2017;35:2875-2884.",https://www.ncbi.nlm.nih.gov/pubmed/28580882,"In the MONARCH 2 phase III trial, patients who had disease progression while receiving endocrine therapy were randomly assigned to fulvestrant with or without abemaciclib."
515,31563959,,2020,"systemic therapy, advanced/metastatic","Recurrent/Stage IV Breast Cancer > Management of Recurrent or Stage IV Disease > Endocrine-based Therapy for HR-Positive, HER2-Negative Breast Cancer > Preferred First-Line Therapy Options for HR-Positive, HER2-Negative Breast Cancer",Fulvestrant + CDK4/6 inhibitor:,1,191,"Sledge GW, Jr., Toi M, Neven P, et al. The effect of abemaciclib plus fulvestrant on overall survival in hormone receptor-positive, ERBB2- negative breast cancer that progressed on endocrine therapy- MONARCH 2: A randomized clinical trial. JAMA Oncol 2020;6:116-124.",https://www.ncbi.nlm.nih.gov/pubmed/31563959,"In addition, an improvement was seen in OS with abemaciclib + fulvestrant compared with fulvestrant alone (46.7 vs 37.3 months; HR, 0.757; 95% CI, 0.606-0.945)."
516,26947331,,2016,"systemic therapy, advanced/metastatic","Recurrent/Stage IV Breast Cancer > Management of Recurrent or Stage IV Disease > Endocrine-based Therapy for HR-Positive, HER2-Negative Breast Cancer > Preferred First-Line Therapy Options for HR-Positive, HER2-Negative Breast Cancer",Fulvestrant + CDK4/6 inhibitor:,1,191,"Cristofanilli M, Turner NC, Bondarenko I, et al. Fulvestrant plus palbociclib versus fulvestrant plus placebo for treatment of hormone- receptor-positive, HER2-negative metastatic breast cancer that progressed on previous endocrine therapy (PALOMA-3): final analysis of the multicentre, double-blind, phase 3 randomised controlled trial. Lancet Oncol 2016;17:425-439.",https://www.ncbi.nlm.nih.gov/pubmed/26947331,"The median PFS was 9.5 months for the combination compared to 4.6 months for fulvestrant (HR, 0.46; P < .000001)."
517,,,2025,"systemic therapy, advanced/metastatic","Recurrent/Stage IV Breast Cancer > Management of Recurrent or Stage IV Disease > Endocrine-based Therapy for HR-Positive, HER2-Negative Breast Cancer > Preferred Second and/or Subsequent-Line Therapy for HR-Positive, HER2-Negative Breast Cancer",Fulvestrant + CDK4/6 inhibitor:,2,192,"Kalinsky K, Bianchini G, Hamilton E, et al. Abemaciclib Plus Fulvestrant in Advanced Breast Cancer After Progression on CDK4/6 Inhibition: Results From the Phase III postMONARCH Trial. J Clin Oncol 2025;43:1101-1112.",,The postMONARCH trial investigated a switch in endocrine with/without CDK4/6 inhibition with abemaciclib after disease progression on previous CDK4/6 inhibitor + AI as initial therapy for advanced disease or recurrence on/after adjuvant CDK4/6i + endocrine therapy.
518,,,2023,"systemic therapy, advanced/metastatic","Recurrent/Stage IV Breast Cancer > Management of Recurrent or Stage IV Disease > Endocrine-based Therapy for HR-Positive, HER2-Negative Breast Cancer > Preferred Second and/or Subsequent-Line Therapy for HR-Positive, HER2-Negative Breast Cancer",Fulvestrant + CDK4/6 inhibitor:,2,192,"Kalinsky K, Accordino MK, Chiuzan C, et al. Randomized Phase II Trial of Endocrine Therapy With or Without Ribociclib After Progression on Cyclin-Dependent Kinase 4/6 Inhibition in Hormone Receptor- Positive, Human Epidermal Growth Factor Receptor 2-Negative Metastatic Breast Cancer: MAINTAIN Trial. J Clin Oncol 2023;41:4004- 4013.",,Most patients on this trial previously received palbociclib.
519,31091374,,2019,"systemic therapy, advanced/metastatic","Recurrent/Stage IV Breast Cancer > Management of Recurrent or Stage IV Disease > Endocrine-based Therapy for HR-Positive, HER2-Negative Breast Cancer > Preferred Second and/or Subsequent-Line Therapy for HR-Positive, HER2-Negative Breast Cancer",,1,192,"Andre F, Ciruelos E, Rubovszky G, et al. Alpelisib for PIK3CA- mutated, hormone receptor-positive advanced breast cancer. N Engl J Med 2019;380:1929-1940.",https://www.ncbi.nlm.nih.gov/pubmed/31091374,"In the overall population, the most frequently reported grade 3 or 4 adverse events seen with alpelisib and fulvestrant versus fulvestrant alone were hyperglycemia (36.6% vs 0.7%), rash (9.9% vs 0.3%), and diarrhea (6.7% vs 0.3%) (grade 3); no diarrhea or rash of grade 4 were reported."
520,,,2023,"systemic therapy, advanced/metastatic","Recurrent/Stage IV Breast Cancer > Management of Recurrent or Stage IV Disease > Endocrine-based Therapy for HR-Positive, HER2-Negative Breast Cancer > Preferred Second and/or Subsequent-Line Therapy for HR-Positive, HER2-Negative Breast Cancer",Fulvestrant + Capivasertib:,4,193,"Turner NC, Oliveira M, Howell SJ, et al. Capivasertib in Hormone Receptor-Positive Advanced Breast Cancer. N Engl J Med 2023;388:2058-2070.",,"The randomized CAPItello-291, phase III trial has shown PFS benefits with fulvestrant + capivasertib in patients (n = 708) with disease progression on a previous AI, with or without a CDK4/6 inhibitor."
521,,,2010,"systemic therapy, advanced/metastatic","Recurrent/Stage IV Breast Cancer > Management of Recurrent or Stage IV Disease > Endocrine-based Therapy for HR-Positive, HER2-Negative Breast Cancer > Preferred Second and/or Subsequent-Line Therapy for HR-Positive, HER2-Negative Breast Cancer",,2,193,"Bachelot T, Bourgier c, Cropet C, et al. TAMRAD: A GINECO randomized phase II trial of everolimus in combination with tamoxifen versus tamoxifen alone in patients (pts) with hormone-receptor positive, HER2 negative metastatic breast Cancer (MBC) with prior exposure to aromatase inhibitors (AI) [abstract]. Cancer Res 2010;70(Suppl):Abstract: S1-6",http://cancerres.aacrjournals.org/cgi/content/meeting_abstract/70/24_Me,"A randomized phase II study estimated the efficacy of tamoxifen alone versus tamoxifen combined with everolimus, an oral inhibitor of mTOR, in patients with HR-positive, HER2-negative metastatic breast cancer previously treated with an AI."
522,,,2006,"systemic therapy, advanced/metastatic","Recurrent/Stage IV Breast Cancer > Management of Recurrent or Stage IV Disease > Endocrine-based Therapy for HR-Positive, HER2-Negative Breast Cancer > Preferred Second and/or Subsequent-Line Therapy for HR-Positive, HER2-Negative Breast Cancer",,2,193,"Chow L, Sun Y, Jassem J, et al. Phase 3 study of temsirolimus with letrozole or letrozole alone in postmenopausal women with locally advanced or metastatic breast cancer. Breast Cancer Res Treat. 2006;100(Suppl 1):6091.",,"In a phase III trial in postmenopausal patients with advanced, HR-positive breast cancer with no prior endocrine therapy for advanced disease, randomized subjects to letrozole with or without the mTOR inhibitor temsirolimus,"
523,24158787,,2013,"systemic therapy, advanced/metastatic","Recurrent/Stage IV Breast Cancer > Management of Recurrent or Stage IV Disease > Endocrine-based Therapy for HR-Positive, HER2-Negative Breast Cancer > Preferred Second and/or Subsequent-Line Therapy for HR-Positive, HER2-Negative Breast Cancer",,3,"193,194","Yardley DA, Noguchi S, Pritchard KI, et al. Everolimus plus exemestane in postmenopausal patients with HR(+) breast cancer: BOLERO-2 final progression-free survival analysis. Adv Ther 2013;30:870-884.",http://www.ncbi.nlm.nih.gov/pubmed/24158787,The reasons for the differences in the outcomes of these two randomized phase III studies
524,22149876,,2012,"systemic therapy, advanced/metastatic","Recurrent/Stage IV Breast Cancer > Management of Recurrent or Stage IV Disease > Endocrine-based Therapy for HR-Positive, HER2-Negative Breast Cancer > Preferred Second and/or Subsequent-Line Therapy for HR-Positive, HER2-Negative Breast Cancer",,2,194,"Baselga J, Campone M, Piccart M, et al. Everolimus in postmenopausal hormone-receptor-positive advanced breast cancer. N Engl J Med 2012;366:520-529.",http://www.ncbi.nlm.nih.gov/pubmed/22149876,A phase III study (BOLERO-2) randomized postmenopausal patients with HR-positive advanced breast cancer that had disease progression or recurrence during treatment with a nonsteroidal AI to exemestane with or without the mTOR inhibitor everolimus.
525,24267730,,2013,"systemic therapy, advanced/metastatic","Recurrent/Stage IV Breast Cancer > Management of Recurrent or Stage IV Disease > Endocrine-based Therapy for HR-Positive, HER2-Negative Breast Cancer > Preferred Second and/or Subsequent-Line Therapy for HR-Positive, HER2-Negative Breast Cancer",,1,194,"Pritchard KI, Burris HA, 3rd, Ito Y, et al. Safety and efficacy of everolimus with exemestane vs. exemestane alone in elderly patients with HER2-negative, hormone receptor-positive breast cancer in BOLERO-2. Clin Breast Cancer 2013;13:421-432 e428.",http://www.ncbi.nlm.nih.gov/pubmed/24267730,"Analysis of safety and efficacy in the older patients enrolled in this trial showed that older patients treated with an everolimus-containing regimen had similar incidences of these adverse events, but the younger patients had more on-treatment deaths."
526,,,2016,"systemic therapy, advanced/metastatic","Recurrent/Stage IV Breast Cancer > Management of Recurrent or Stage IV Disease > Endocrine-based Therapy for HR-Positive, HER2-Negative Breast Cancer > Other Recommended Regimens in First and/or Subsequent Lines",,1,194,"Fribbens C, O'Leary B, Kilburn L, et al. Plasma ESR1 Mutations and the Treatment of Estrogen Receptor-Positive Advanced Breast Cancer. J Clin Oncol 2016;34:2961-2968.",,Other Recommended Regimens in First and/or Subsequent Lines ESR1 activating mutations are frequently detected in patients with prior exposure to AIs.
527,27532364,,2016,"systemic therapy, advanced/metastatic","Recurrent/Stage IV Breast Cancer > Management of Recurrent or Stage IV Disease > Endocrine-based Therapy for HR-Positive, HER2-Negative Breast Cancer > Other Recommended Regimens in First and/or Subsequent Lines",,1,194,"Chandarlapaty S, Chen D, He W, et al. Prevalence of ESR1 Mutations in Cell-Free DNA and Outcomes in Metastatic Breast Cancer: A Secondary Analysis of the BOLERO-2 Clinical Trial. JAMA Oncol 2016;2:1310-1315.",https://www.ncbi.nlm.nih.gov/pubmed/27532364,Other Recommended Regimens in First and/or Subsequent Lines ESR1 activating mutations are frequently detected in patients with prior exposure to AIs.
528,,,2022,"systemic therapy, advanced/metastatic","Recurrent/Stage IV Breast Cancer > Management of Recurrent or Stage IV Disease > Endocrine-based Therapy for HR-Positive, HER2-Negative Breast Cancer > Other Recommended Regimens in First and/or Subsequent Lines",Elacestrant:,1,194,Jacobson A. Elacestrant Improves Progression-Free Survival After Endocrine Therapy for Estrogen Receptor-Positive Metastatic Breast Cancer. Oncologist 2022;27:S7-s8.,,"In overall study population, elacestrant showed a median PFS of 2.79 months compared to 1.9 months with standard of care (including fulvestrant) - a 30% reduction in the risk of progression or death with the elacestrant (HR, 0.69; P =.0018)."
529,39087959,,2024,"systemic therapy, advanced/metastatic","Recurrent/Stage IV Breast Cancer > Management of Recurrent or Stage IV Disease > Endocrine-based Therapy for HR-Positive, HER2-Negative Breast Cancer > Other Recommended Regimens in First and/or Subsequent Lines",Elacestrant:,1,194,"Bardia A, Cortes J, Bidard FC, et al. Elacestrant in ER+, HER2- Metastatic Breast Cancer with ESR1-Mutated Tumors: Subgroup Analyses from the Phase III EMERALD Trial by Prior Duration of Endocrine Therapy plus CDK4/6 Inhibitor and in Clinical Subgroups. Clin Cancer Res 2024;30:4299-4309.",https://www.ncbi.nlm.nih.gov/pubmed/39087959,"In a subgroup analysis of patients with prior endocrine therapy + CDK4/6 inhibitor ≥12 months, the median PFS with elacestrant was 8.6 versus 1.9 months with SOC (HR, 0.41; 95% CI, 0.26-0.63)."
530,39660834,,2025,"systemic therapy, advanced/metastatic","Recurrent/Stage IV Breast Cancer > Management of Recurrent or Stage IV Disease > Endocrine-based Therapy for HR-Positive, HER2-Negative Breast Cancer > Other Recommended Regimens in First and/or Subsequent Lines",Elacestrant:,5,"194,195,197","Jhaveri KL, Neven P, Casalnuovo ML, et al. Imlunestrant with or without Abemaciclib in Advanced Breast Cancer. N Engl J Med 2025;392:1189-1202.",https://www.ncbi.nlm.nih.gov/pubmed/39660834,"Imlunestrant: The phase III EMBER-3 trial randomized patients (n = 874) with ER-positive, HER2-negative advanced breast cancer whose disease had progressed on AI therapy, with or without a CDK4/6 inhibitor to receive imlunestrant or standard endocrine therapy (exemestane or fulvestrant) or combinati"
531,22370325,,2012,"systemic therapy, advanced/metastatic","Recurrent/Stage IV Breast Cancer > Management of Recurrent or Stage IV Disease > Endocrine-based Therapy for HR-Positive, HER2-Negative Breast Cancer > Other Recommended Regimens in First and/or Subsequent Lines",,1,195,"Bergh J, Jonsson PE, Lidbrink EK, et al. FACT: an open-label randomized phase III study of fulvestrant and anastrozole in combination compared with anastrozole alone as first-line therapy for patients with receptor-positive postmenopausal breast cancer. J Clin Oncol 2012;30:1919-1925.",http://www.ncbi.nlm.nih.gov/pubmed/22370325,"In one study (FACT), the combination of fulvestrant with anastrozole was not superior to single-agent anastrozole (time to progression HR, 0.99; 95% CI, 0.81-1.20; P = .91)."
532,23902874,,2013,"systemic therapy, advanced/metastatic","Recurrent/Stage IV Breast Cancer > Management of Recurrent or Stage IV Disease > Endocrine-based Therapy for HR-Positive, HER2-Negative Breast Cancer > Other Recommended Regimens in First and/or Subsequent Lines",,1,195,"Johnston SR, Kilburn LS, Ellis P, et al. Fulvestrant plus anastrozole or placebo versus exemestane alone after progression on non-steroidal aromatase inhibitors in postmenopausal patients with hormone-receptor- positive locally advanced or metastatic breast cancer (SoFEA): a composite, multicentre, phase 3 randomised trial. Lancet Oncol 2013;14:989-998.",http://www.ncbi.nlm.nih.gov/pubmed/23902874,"In a second phase III trial (SoFEA), the effect of fulvestrant alone or in combination with anastrozole or exemestane was studied in patients with advanced breast cancer with acquired resistance to a nonsteroidal AI."
533,22853014,,2012,"systemic therapy, advanced/metastatic","Recurrent/Stage IV Breast Cancer > Management of Recurrent or Stage IV Disease > Endocrine-based Therapy for HR-Positive, HER2-Negative Breast Cancer > Other Recommended Regimens in First and/or Subsequent Lines",,1,195,"Mehta RS, Barlow WE, Albain KS, et al. Combination anastrozole and fulvestrant in metastatic breast cancer. N Engl J Med 2012;367:435- 444.",http://www.ncbi.nlm.nih.gov/pubmed/22853014,"In the trial by the Southwest Oncology Group (SWOG), S0226, PFS (HR, 0.80; 95% CI, 0.68-0.94; stratified log-rank P = .007) and OS (HR, 0.81; 95% CI, 0.65-1.00; stratified P = .049) were superior with combination anastrozole + fulvestrant."
534,30917258,,2019,"systemic therapy, advanced/metastatic","Recurrent/Stage IV Breast Cancer > Management of Recurrent or Stage IV Disease > Endocrine-based Therapy for HR-Positive, HER2-Negative Breast Cancer > Other Recommended Regimens in First and/or Subsequent Lines",,1,195,"Mehta RS, Barlow WE, Albain KS, et al. Overall survival with fulvestrant plus anastrozole in metastatic breast cancer. N Engl J Med 2019;380:1226-1234.",https://www.ncbi.nlm.nih.gov/pubmed/30917258,"A subgroup analysis in this trial suggested that patients without prior adjuvant tamoxifen experienced the greatest OS benefit with combination therapy compared with monotherapy (median, 52.2 months vs 40.3 months, respectively; HR, 0.73; 95% CI, 0.58-0.92)."
535,19299239,,2009,"systemic therapy, advanced/metastatic","Recurrent/Stage IV Breast Cancer > Management of Recurrent or Stage IV Disease > Endocrine-based Therapy for HR-Positive, HER2-Negative Breast Cancer > Other Recommended Regimens in First and/or Subsequent Lines",Aromatase inhibitors (AIs):,1,196,"Campos SM, Guastalla JP, Subar M, et al. A comparative study of exemestane versus anastrozole in patients with postmenopausal breast cancer with visceral metastases. Clin Breast Cancer 2009;9:39-44.",https://www.ncbi.nlm.nih.gov/pubmed/19299239,"The three AIs (anastrozole, letrozole, and exemestane) have shown similar efficacy in the second-line setting."
536,20821047,,2011,"systemic therapy, advanced/metastatic","Recurrent/Stage IV Breast Cancer > Management of Recurrent or Stage IV Disease > Endocrine-based Therapy for HR-Positive, HER2-Negative Breast Cancer > Other Recommended Regimens in First and/or Subsequent Lines",Aromatase inhibitors (AIs):,1,196,"Dixon JM, Renshaw L, Langridge C, et al. Anastrozole and letrozole: an investigation and comparison of quality of life and tolerability. Breast Cancer Res Treat 2011;125:741-749.",https://www.ncbi.nlm.nih.gov/pubmed/20821047,"The three AIs (anastrozole, letrozole, and exemestane) have shown similar efficacy in the second-line setting."
537,14556923,,2003,"systemic therapy, advanced/metastatic","Recurrent/Stage IV Breast Cancer > Management of Recurrent or Stage IV Disease > Endocrine-based Therapy for HR-Positive, HER2-Negative Breast Cancer > Other Recommended Regimens in First and/or Subsequent Lines",Aromatase inhibitors (AIs):,1,196,"Rose C, Vtoraya O, Pluzanska A, et al. An open randomised trial of second-line endocrine therapy in advanced breast cancer. comparison of the aromatase inhibitors letrozole and anastrozole. Eur J Cancer 2003;39:2318-2327.",https://www.ncbi.nlm.nih.gov/pubmed/14556923,"The three AIs (anastrozole, letrozole, and exemestane) have shown similar efficacy in the second-line setting."
538,,,1991,"systemic therapy, advanced/metastatic","Recurrent/Stage IV Breast Cancer > Management of Recurrent or Stage IV Disease > Endocrine-based Therapy for HR-Positive, HER2-Negative Breast Cancer > Other Recommended Regimens in First and/or Subsequent Lines",Selective ER modulator (SERM):,1,196,"Sunderland MC, Osborne CK. Tamoxifen in premenopausal patients with metastatic breast cancer: a review. J Clin Oncol 1991;9:1283-1297.",,Selective ER modulator (SERM):Tamoxifen is the commonly used SERM for premenopausal patients.
539,11078487,,2000,"systemic therapy, advanced/metastatic","Recurrent/Stage IV Breast Cancer > Management of Recurrent or Stage IV Disease > Endocrine-based Therapy for HR-Positive, HER2-Negative Breast Cancer > Other Recommended Regimens in First and/or Subsequent Lines",Selective ER modulator (SERM):,1,196,"Bonneterre J, Thurlimann B, Robertson JF, et al. Anastrozole versus tamoxifen as first-line therapy for advanced breast cancer in 668 postmenopausal women: results of the Tamoxifen or Arimidex Randomized Group Efficacy and Tolerability study. J Clin Oncol 2000;18:3748-3757.",http://www.ncbi.nlm.nih.gov/pubmed/11078487,"In postmenopausal patients, AI monotherapy has been shown to have superior outcome compared with tamoxifen, although the differences are modest."
540,11078488,,2000,"systemic therapy, advanced/metastatic","Recurrent/Stage IV Breast Cancer > Management of Recurrent or Stage IV Disease > Endocrine-based Therapy for HR-Positive, HER2-Negative Breast Cancer > Other Recommended Regimens in First and/or Subsequent Lines",Selective ER modulator (SERM):,1,196,"Nabholtz JM, Buzdar A, Pollak M, et al. Anastrozole is superior to tamoxifen as first-line therapy for advanced breast cancer in postmenopausal women: results of a North American multicenter randomized trial. Arimidex Study Group. J Clin Oncol 2000;18:3758- 3767.",http://www.ncbi.nlm.nih.gov/pubmed/11078488,"In postmenopausal patients, AI monotherapy has been shown to have superior outcome compared with tamoxifen, although the differences are modest."
541,18794551,,2008,"systemic therapy, advanced/metastatic","Recurrent/Stage IV Breast Cancer > Management of Recurrent or Stage IV Disease > Endocrine-based Therapy for HR-Positive, HER2-Negative Breast Cancer > Other Recommended Regimens in First and/or Subsequent Lines",Selective ER modulator (SERM):,2,196,"Paridaens RJ, Dirix LY, Beex LV, et al. Phase III study comparing exemestane with tamoxifen as first-line hormonal treatment of metastatic breast cancer in postmenopausal women: the European Organisation for Research and Treatment of Cancer Breast Cancer Cooperative Group. J Clin Oncol 2008;26:4883-4890.",http://www.ncbi.nlm.nih.gov/pubmed/18794551,"In postmenopausal patients, AI monotherapy has been shown to have superior outcome compared with tamoxifen, although the differences are modest."
542,11056332,,2000,"systemic therapy, advanced/metastatic","Recurrent/Stage IV Breast Cancer > Management of Recurrent or Stage IV Disease > Endocrine-based Therapy for HR-Positive, HER2-Negative Breast Cancer > Other Recommended Regimens in First and/or Subsequent Lines",Selective ER modulator (SERM):,1,196,"Vergote I, Bonneterre J, Thurlimann B, et al. Randomised study of anastrozole versus tamoxifen as first-line therapy for advanced breast cancer in postmenopausal women. Eur J Cancer 2000;36 Suppl 4:S84- 85.",http://www.ncbi.nlm.nih.gov/pubmed/11056332,"In postmenopausal patients, AI monotherapy has been shown to have superior outcome compared with tamoxifen, although the differences are modest."
543,16985247,,2006,"systemic therapy, advanced/metastatic","Recurrent/Stage IV Breast Cancer > Management of Recurrent or Stage IV Disease > Endocrine-based Therapy for HR-Positive, HER2-Negative Breast Cancer > Other Recommended Regimens in First and/or Subsequent Lines",Selective ER modulator (SERM):,1,196,"Mauri D, Pavlidis N, Polyzos NP, Ioannidis JP. Survival with aromatase inhibitors and inactivators versus standard hormonal therapy in advanced breast cancer: meta-analysis. J Natl Cancer Inst 2006;98:1285-1291.",https://www.ncbi.nlm.nih.gov/pubmed/16985247,"In postmenopausal patients, AI monotherapy has been shown to have superior outcome compared with tamoxifen, although the differences are modest."
544,14556922,,2003,"systemic therapy, advanced/metastatic","Recurrent/Stage IV Breast Cancer > Management of Recurrent or Stage IV Disease > Endocrine-based Therapy for HR-Positive, HER2-Negative Breast Cancer > Other Recommended Regimens in First and/or Subsequent Lines",Selective ER modulator (SERM):,1,196,"Thurlimann B, Robertson JF, Nabholtz JM, et al. Efficacy of tamoxifen following anastrozole ('Arimidex') compared with anastrozole following tamoxifen as first-line treatment for advanced breast cancer in postmenopausal women. Eur J Cancer 2003;39:2310-2317.",https://www.ncbi.nlm.nih.gov/pubmed/14556922,An analysis of two randomized studies of first-line treatment with anastrozole followed by second-line tamoxifen and vice versa showed that tamoxifen is effective as a second-line option.
545,27908454,,2016,"systemic therapy, advanced/metastatic","Recurrent/Stage IV Breast Cancer > Management of Recurrent or Stage IV Disease > Endocrine-based Therapy for HR-Positive, HER2-Negative Breast Cancer > Other Recommended Regimens in First and/or Subsequent Lines",Selective ER modulator (SERM):,2,196,"Robertson JFR, Bondarenko IM, Trishkina E, et al. Fulvestrant 500 mg versus anastrozole 1 mg for hormone receptor-positive advanced breast cancer (FALCON): an international, randomised, double-blind, phase 3 trial. Lancet 2016;388:2997-3005.",https://www.ncbi.nlm.nih.gov/pubmed/27908454,"Fulvestrant: Results from phase III trial (FALCON) of first-line treatment with single agent fulvestrant compared with anastrozole in endocrine therapy-naïve patients with metastatic ER-positive breast cancer, demonstrated improved PFS with fulvestrant (at the higher dose, 500 mg) over anastrozole "
546,12177099,,2002,"systemic therapy, advanced/metastatic","Recurrent/Stage IV Breast Cancer > Management of Recurrent or Stage IV Disease > Endocrine-based Therapy for HR-Positive, HER2-Negative Breast Cancer > Other Recommended Regimens in First and/or Subsequent Lines",Selective ER modulator (SERM):,1,196,"Howell A, Robertson JFR, Quaresma Albano J, et al. Fulvestrant, formerly ICI 182,780, is as effective as anastrozole in postmenopausal women with advanced breast cancer progressing after prior endocrine treatment. J Clin Oncol 2002;20:3396-3403.",http://www.ncbi.nlm.nih.gov/pubmed/12177099,Fulvestrant appears to be as effective as anastrozole in terms of response in patients whose disease progressed on previous tamoxifen.
547,12177098,,2002,"systemic therapy, advanced/metastatic","Recurrent/Stage IV Breast Cancer > Management of Recurrent or Stage IV Disease > Endocrine-based Therapy for HR-Positive, HER2-Negative Breast Cancer > Other Recommended Regimens in First and/or Subsequent Lines",Selective ER modulator (SERM):,1,196,"Osborne CK, Pippen J, Jones SE, et al. Double-blind, randomized trial comparing the efficacy and tolerability of fulvestrant versus anastrozole in postmenopausal women with advanced breast cancer progressing on prior endocrine therapy: results of a North American trial. J Clin Oncol 2002;20:3386-3395.",http://www.ncbi.nlm.nih.gov/pubmed/12177098,Fulvestrant appears to be as effective as anastrozole in terms of response in patients whose disease progressed on previous tamoxifen.
548,19704066,,2009,"systemic therapy, advanced/metastatic","Recurrent/Stage IV Breast Cancer > Management of Recurrent or Stage IV Disease > Endocrine-based Therapy for HR-Positive, HER2-Negative Breast Cancer > Other Recommended Regimens in First and/or Subsequent Lines",Selective ER modulator (SERM):,2,196,"Robertson JF, Llombart-Cussac A, Rolski J, et al. Activity of fulvestrant 500 mg versus anastrozole 1 mg as first-line treatment for advanced breast cancer: results from the FIRST study. J Clin Oncol 2009;27:4530-4535.",http://www.ncbi.nlm.nih.gov/pubmed/19704066,A randomized phase II study compared anastrozole versus fulvestrant in over 200 patients with advanced breast cancer.
549,23065000,,2012,"systemic therapy, advanced/metastatic","Recurrent/Stage IV Breast Cancer > Management of Recurrent or Stage IV Disease > Endocrine-based Therapy for HR-Positive, HER2-Negative Breast Cancer > Other Recommended Regimens in First and/or Subsequent Lines",Selective ER modulator (SERM):,2,196,"Robertson JF, Lindemann JP, Llombart-Cussac A, et al. Fulvestrant 500 mg versus anastrozole 1 mg for the first-line treatment of advanced breast cancer: follow-up analysis from the randomized 'FIRST' study. Breast Cancer Res Treat 2012;136:503-511.",http://www.ncbi.nlm.nih.gov/pubmed/23065000,A randomized phase II study compared anastrozole versus fulvestrant in over 200 patients with advanced breast cancer.
550,26371134,,2015,"systemic therapy, advanced/metastatic","Recurrent/Stage IV Breast Cancer > Management of Recurrent or Stage IV Disease > Endocrine-based Therapy for HR-Positive, HER2-Negative Breast Cancer > Other Recommended Regimens in First and/or Subsequent Lines",Selective ER modulator (SERM):,1,196,"Ellis MJ, Llombart-Cussac A, Feltl D, et al. Fulvestrant 500 mg versus anastrozole 1 mg for the first-Line treatment of advanced breast cancer: Overall survival analysis from the phase II FIRST study. J Clin Oncol 2015;33:3781-3787.",http://www.ncbi.nlm.nih.gov/pubmed/26371134,"The median OS was observed to be longer in the fulvestrant group than in the anastrozole group (54.1 vs 48.4 months; HR, 0.70; P = .041)."
551,18316794,,2008,"systemic therapy, advanced/metastatic","Recurrent/Stage IV Breast Cancer > Management of Recurrent or Stage IV Disease > Endocrine-based Therapy for HR-Positive, HER2-Negative Breast Cancer > Other Recommended Regimens in First and/or Subsequent Lines",Selective ER modulator (SERM):,1,196,"Chia S, Gradishar W, Mauriac L, et al. Double-blind, randomized placebo controlled trial of fulvestrant compared with exemestane after prior nonsteroidal aromatase inhibitor therapy in postmenopausal women with hormone receptor-positive, advanced breast cancer: results from EFECT. J Clin Oncol 2008;26:1664-1670.",http://www.ncbi.nlm.nih.gov/pubmed/18316794,The clinical benefit rates of fulvestrant versus exemestane were observed in a phase III trial of postmenopausal patients with HR-positive advanced breast cancer who experienced disease progression on prior nonsteroidal AI therapy were comparable (32.2% vs 31.5%; P = .853).
552,20855825,,2010,"systemic therapy, advanced/metastatic","Recurrent/Stage IV Breast Cancer > Management of Recurrent or Stage IV Disease > Endocrine-based Therapy for HR-Positive, HER2-Negative Breast Cancer > Other Recommended Regimens in First and/or Subsequent Lines",,1,197,"Di Leo A, Jerusalem G, Petruzelka L, et al. Results of the CONFIRM phase III trial comparing fulvestrant 250 mg with fulvestrant 500 mg in postmenopausal women with estrogen receptor-positive advanced breast cancer. J Clin Oncol 2010;28:4594-4600.",http://www.ncbi.nlm.nih.gov/pubmed/20855825,"The PFS was superior with the fulvestrant 500 mg regimen (HR, 0.80; 95% CI, 0.68-0.94; P = .006),"
553,24317176,,2014,"systemic therapy, advanced/metastatic","Recurrent/Stage IV Breast Cancer > Management of Recurrent or Stage IV Disease > Endocrine-based Therapy for HR-Positive, HER2-Negative Breast Cancer > Other Recommended Regimens in First and/or Subsequent Lines",,1,197,"Di Leo A, Jerusalem G, Petruzelka L, et al. Final overall survival: fulvestrant 500 mg vs 250 mg in the randomized CONFIRM trial. J Natl Cancer Inst 2014;106:djt337.",http://www.ncbi.nlm.nih.gov/pubmed/24317176,"Median OS was 26.4 versus 22.3 months (HR, 0.81; 95% CI, 0.69-0.96; P = .02)."
554,10458219,,1999,"systemic therapy, advanced/metastatic","Recurrent/Stage IV Breast Cancer > Management of Recurrent or Stage IV Disease > Endocrine-based Therapy for HR-Positive, HER2-Negative Breast Cancer > Regimens Useful in Certain Circumstances for Therapy for Second/Subsequent-Line Therapy of HR-Positive, HER2-Negative Breast Cancer",,1,197,"Abrams J, Aisner J, Cirrincione C, et al. Dose-response trial of megestrol acetate in advanced breast cancer: cancer and leukemia group B phase III study 8741. J Clin Oncol 1999;17:64-73.",https://www.ncbi.nlm.nih.gov/pubmed/10458219,"Regimens Useful in Certain Circumstances for Therapy for Second/Subsequent-Line Therapy of HR-Positive, HER2-Negative Breast Cancer Megestrol acetate,"
555,2141491,,1990,"systemic therapy, advanced/metastatic","Recurrent/Stage IV Breast Cancer > Management of Recurrent or Stage IV Disease > Endocrine-based Therapy for HR-Positive, HER2-Negative Breast Cancer > Regimens Useful in Certain Circumstances for Therapy for Second/Subsequent-Line Therapy of HR-Positive, HER2-Negative Breast Cancer",,1,197,"Willemse PH, van der Ploeg E, Sleijfer DT, et al. A randomized comparison of megestrol acetate (MA) and medroxyprogesterone acetate (MPA) in patients with advanced breast cancer. Eur J Cancer 1990;26:337-343.",https://www.ncbi.nlm.nih.gov/pubmed/2141491,"Regimens Useful in Certain Circumstances for Therapy for Second/Subsequent-Line Therapy of HR-Positive, HER2-Negative Breast Cancer Megestrol acetate,"
556,11454883,,2001,"systemic therapy, advanced/metastatic","Recurrent/Stage IV Breast Cancer > Management of Recurrent or Stage IV Disease > Endocrine-based Therapy for HR-Positive, HER2-Negative Breast Cancer > Regimens Useful in Certain Circumstances for Therapy for Second/Subsequent-Line Therapy of HR-Positive, HER2-Negative Breast Cancer",,1,197,"Buzdar A, Douma J, Davidson N, et al. Phase III, multicenter, double-blind, randomized study of letrozole, an aromatase inhibitor, for advanced breast cancer versus megestrol acetate. J Clin Oncol 2001;19:3357-3366.",http://www.ncbi.nlm.nih.gov/pubmed/11454883,"Regimens Useful in Certain Circumstances for Therapy for Second/Subsequent-Line Therapy of HR-Positive, HER2-Negative Breast Cancer Megestrol acetate,"
557,8683230,,1996,"systemic therapy, advanced/metastatic","Recurrent/Stage IV Breast Cancer > Management of Recurrent or Stage IV Disease > Endocrine-based Therapy for HR-Positive, HER2-Negative Breast Cancer > Regimens Useful in Certain Circumstances for Therapy for Second/Subsequent-Line Therapy of HR-Positive, HER2-Negative Breast Cancer",,1,197,"Buzdar A, Jonat W, Howell A, et al. Anastrozole, a potent and selective aromatase inhibitor, versus megestrol acetate in postmenopausal women with advanced breast cancer: results of overview analysis of two phase III trials. Arimidex Study Group. J Clin Oncol 1996;14:2000-2011.",http://www.ncbi.nlm.nih.gov/pubmed/8683230,"Regimens Useful in Certain Circumstances for Therapy for Second/Subsequent-Line Therapy of HR-Positive, HER2-Negative Breast Cancer Megestrol acetate,"
558,19690310,,2009,"systemic therapy, advanced/metastatic","Recurrent/Stage IV Breast Cancer > Management of Recurrent or Stage IV Disease > Endocrine-based Therapy for HR-Positive, HER2-Negative Breast Cancer > Regimens Useful in Certain Circumstances for Therapy for Second/Subsequent-Line Therapy of HR-Positive, HER2-Negative Breast Cancer",,1,197,"Ellis MJ, Gao F, Dehdashti F, et al. Lower-dose vs high-dose oral estradiol therapy of hormone receptor-positive, aromatase inhibitor- resistant advanced breast cancer: a phase 2 randomized study. JAMA 2009;302:774-780.",https://www.ncbi.nlm.nih.gov/pubmed/19690310,"Regimens Useful in Certain Circumstances for Therapy for Second/Subsequent-Line Therapy of HR-Positive, HER2-Negative Breast Cancer Megestrol acetate, estradiol"
559,28533223,,2017,"systemic therapy, advanced/metastatic","Recurrent/Stage IV Breast Cancer > Management of Recurrent or Stage IV Disease > Endocrine-based Therapy for HR-Positive, HER2-Negative Breast Cancer > Regimens Useful in Certain Circumstances for Therapy for Second/Subsequent-Line Therapy of HR-Positive, HER2-Negative Breast Cancer",,5,197,"Dickler MN, Tolaney SM, Rugo HS, et al. MONARCH 1, a phase II study of abemaciclib, a CDK4 and CDK6 inhibitor, as a single agent, in patients with refractory HR(+)/HER2(-) metastatic breast cancer. Clin Cancer Res 2017;23:5218-5224.",https://www.ncbi.nlm.nih.gov/pubmed/28533223,"The phase II MONARCH 1 trial evaluated the activity of abemaciclib as a single agent in patients (n = 132) with refractory HR-positive, HER2-negative metastatic breast cancer who had disease progression while on endocrine therapy and already received multiple systemic therapies (average of three pri"
560,39282896,,2024,"systemic therapy, advanced/metastatic","Recurrent/Stage IV Breast Cancer > Management of Recurrent or Stage IV Disease > Cytotoxic Therapy for HR-Positive, HER2-Negative Breast Cancer: Endocrine Refractory or with Visceral Crisis","Cytotoxic Therapy for HR-Positive, HER2-Negative Breast Cancer:",3,"197,198","Bardia A, Hu X, Dent R, et al. Trastuzumab deruxtecan after endocrine therapy in metastatic breast cancer. N Engl J Med 2024;391:2110-2122.",https://www.ncbi.nlm.nih.gov/pubmed/39282896," 2+/ISH negative) or HER2-ultralow (HER2 [ERBB2) IHC 0+] metastatic breast cancer (previously treated with at least one line of endocrine therapy, median two lines, and no prior chemotherapy for metastatic disease), in the HER2-low subgroup (n = 713), fam-trastuzumab-nxki significantly improved PFS "
561,,10.1016/S0140-6736(23)01245-X,2023,"systemic therapy, advanced/metastatic","Recurrent/Stage IV Breast Cancer > Management of Recurrent or Stage IV Disease > Cytotoxic Therapy for HR-Positive, HER2-Negative Breast Cancer: Endocrine Refractory or with Visceral Crisis",Second and subsequent line regimen options:,2,"198,199","Rugo HS, Bardia A, Marmé F, et al. Overall survival with sacituzumab govitecan in hormone receptor-positive and human epidermal growth factor receptor 2-negative metastatic breast cancer (TROPiCS-02): a randomised, open-label, multicentre, phase 3 trial. The Lancet 2023;402:1423-1433.",https://doi.org/10.1016/S0140-6736(23)01245-X,"astuzumab-nxki, the options include sacituzumab govitecan, chemotherapy (discussed in section: Cytotoxic Therapy for HR-Positive, HER2-Negative Breast Cancer: Endocrine Refractory or with Visceral Crisis), datopotamab deruxtecan-dlnk , or targeted therapy (discussed in section: Additional Targeted T"
562,39265124,,2025,"systemic therapy, advanced/metastatic","Recurrent/Stage IV Breast Cancer > Management of Recurrent or Stage IV Disease > Cytotoxic Therapy for HR-Positive, HER2-Negative Breast Cancer: Endocrine Refractory or with Visceral Crisis",,1,199,"Bardia A, Jhaveri K, Im SA, et al. Datopotamab Deruxtecan Versus Chemotherapy in Previously Treated Inoperable/Metastatic Hormone Receptor-Positive Human Epidermal Growth Factor Receptor 2-Negative Breast Cancer: Primary Results From TROPION-Breast01. J Clin Oncol 2025;43:285-296.",https://www.ncbi.nlm.nih.gov/pubmed/39265124,"The phase III, open-label, randomized TROPION-Breast01 study compared datopotamab deruxtecan-dlnk with investigator's choice of chemotherapy in patients with HR-positive/HER2-negative breast cancer who had disease progression on endocrine therapy and had received one or more previous lines of chemot"
563,41448362,,2026,"systemic therapy, advanced/metastatic","Recurrent/Stage IV Breast Cancer > Management of Recurrent or Stage IV Disease > Cytotoxic Therapy for HR-Positive, HER2-Negative Breast Cancer: Endocrine Refractory or with Visceral Crisis",,2,199,"Pistilli B, Jhaveri K, Im SA, et al. Datopotamab deruxtecan versus chemotherapy in previously treated inoperable/metastatic hormone receptor-positive, HER2-negative breast cancer: final overall survival analysis of the phase III TROPION-Breast01 study. Ann Oncol 2026;37:663-674.",https://www.ncbi.nlm.nih.gov/pubmed/41448362,"The phase III, open-label, randomized TROPION-Breast01 study compared datopotamab deruxtecan-dlnk with investigator's choice of chemotherapy in patients with HR-positive/HER2-negative breast cancer who had disease progression on endocrine therapy and had received one or more previous lines of chemot"
564,22149875,,2012,"systemic therapy, advanced/metastatic","Recurrent/Stage IV Breast Cancer > Management of Recurrent or Stage IV Disease > Therapy for HER2-Positive Breast Cancer > Preferred First-line Regimens for HR-Positive or Negative, HER2-Positive Breast Cancer",Third-line and beyond:,3,200,"Baselga J, Cortes J, Kim SB, et al. Pertuzumab plus trastuzumab plus docetaxel for metastatic breast cancer. N Engl J Med 2012;366:109-119.",http://www.ncbi.nlm.nih.gov/pubmed/22149875,"reast Cancer Pertuzumab + trastuzumab in combination with a taxane (THP) followed by maintenance pertuzumab + trastuzumab: A randomized, double-blind, phase III study (CLEOPATRA) compared the efficacy and safety of pertuzumab in combination with trastuzumab and docetaxel versus trastuzumab and docet"
565,,,2012,"systemic therapy, advanced/metastatic","Recurrent/Stage IV Breast Cancer > Management of Recurrent or Stage IV Disease > Therapy for HER2-Positive Breast Cancer > Preferred First-line Regimens for HR-Positive or Negative, HER2-Positive Breast Cancer",Third-line and beyond:,1,200,"Swain S, Kim S-B, Cortes J, et al. Confirmatory overall survival (OS) analysis of CLEOPATRA: a randomized, double-blind, placebo- controlled Phase III study with pertuzumab (P), trastuzumab (T), and docetaxel (D) in patients (pts) with HER2-positive first-line (1L) metastatic breast cancer (MBC). Cancer Research 2012;72:P5-18-26.",http://cancerres.aacrjournals.org/cgi/content/meeting_abstract/72/24_Me,"At a median follow-up of 30 months, the results showed a statistically significant improvement in OS in favor of the pertuzumab-containing regimen, with a 34% reduction in the risk of death (HR, 0.66; 95% CI, 0.52-0.84; P = .0008)."
566,,,2012,"systemic therapy, advanced/metastatic","Recurrent/Stage IV Breast Cancer > Management of Recurrent or Stage IV Disease > Therapy for HER2-Positive Breast Cancer > Preferred First-line Regimens for HR-Positive or Negative, HER2-Positive Breast Cancer",,1,200,"Ewer M, Baselga J, Clark E, et al. Cardiac tolerability of pertuzumab plus trastuzumab plus docetaxel in patients with HER2-positive metastatic breast cancer in the CLEOPATRA study [abstract]. J Clin Oncol 2012;30(Suppl):Abstract 533.",http://www.asco.org/ASCOv2/Meetings/Abstracts?&vmview=abst_detail_,Cardiac adverse events or left ventricular systolic dysfunction were reported slightly more frequently in the control group.
567,,,2012,"systemic therapy, advanced/metastatic","Recurrent/Stage IV Breast Cancer > Management of Recurrent or Stage IV Disease > Therapy for HER2-Positive Breast Cancer > Preferred First-line Regimens for HR-Positive or Negative, HER2-Positive Breast Cancer",,1,200,"Cortés J, Baselga J, Im Y, et al. Quality of life assessment in CLEOPATRA, a phase III study combining pertuzumab with trastuzumab and docetaxel in metastatic breast cancer [abstract]. J Clin Oncol 2012 30(Suppl) Abstract 598",http://www.asco.org/ASCOv2/Meetings/Abstracts?&vmview=abst_detail_,HRQOL was not different in the two treatment groups.
568,30796821,,2019,"systemic therapy, advanced/metastatic","Recurrent/Stage IV Breast Cancer > Management of Recurrent or Stage IV Disease > Therapy for HER2-Positive Breast Cancer > Preferred First-line Regimens for HR-Positive or Negative, HER2-Positive Breast Cancer",,1,200,"Bachelot T, Ciruelos E, Schneeweiss A, et al. Preliminary safety and efficacy of first-line pertuzumab combined with trastuzumab and taxane therapy for HER2-positive locally recurrent or metastatic breast cancer (PERUSE). Ann Oncol 2019;30:766-773.",https://www.ncbi.nlm.nih.gov/pubmed/30796821,"The preliminary results after 52 months of median follow-up show that median PFS was comparable between docetaxel, paclitaxel, and nab-paclitaxel (median PFS reported was 19.6, 23.0, and 18.1 months with docetaxel, paclitaxel, and nab-paclitaxel, respectively)."
569,,,2012,"systemic therapy, advanced/metastatic","Recurrent/Stage IV Breast Cancer > Management of Recurrent or Stage IV Disease > Therapy for HER2-Positive Breast Cancer > Preferred First-line Regimens for HR-Positive or Negative, HER2-Positive Breast Cancer",,1,200,"Datko F, D'Andrea G, Dickler M, et al. Phase II study of pertuzumab, trastuzumab, and weekly paclitaxel in patients with metastatic HER2-overexpressing metastatic breast cancer [abstract]. Cancer Research 2012;72:Abstract P5-18-20.",http://cancerres.aacrjournals.org/cgi/content/meeting_abstract/72/24_Me,"Phase II trials have also found activity and tolerability for pertuzumab, pertuzumab with trastuzumab, and for other regimens combining pertuzumab and trastuzumab together with other active cytotoxic agents (ie, paclitaxel, vinorelbine)."
570,,,2012,"systemic therapy, advanced/metastatic","Recurrent/Stage IV Breast Cancer > Management of Recurrent or Stage IV Disease > Therapy for HER2-Positive Breast Cancer > Preferred First-line Regimens for HR-Positive or Negative, HER2-Positive Breast Cancer",,1,200,"Perez E, Lopez-Vega J, Mastro L, et al. A combination of pertuzumab, trastuzumab, and vinorelbine for first-line treatment of patients with HER2-positive metastatic breast cancer: An open-label, two-cohort, phase II study (VELVET) [abstract]. J Clin Oncol 2012;30(Suppl):Asbtract TPS653.",http://www.asco.org/ASCOv2/Meetings/Abstracts?&vmview=abst_detail_,"Phase II trials have also found activity and tolerability for pertuzumab, pertuzumab with trastuzumab, and for other regimens combining pertuzumab and trastuzumab together with other active cytotoxic agents (ie, paclitaxel, vinorelbine)."
571,41604639,,2026,"systemic therapy, advanced/metastatic","Recurrent/Stage IV Breast Cancer > Endocrine-based Therapy for HR-Positive, HER2-Postive Breast Cancer","Maintenance Therapy for HR-positive, HER-2 Positive Tumors:",6,"200,206","Metzger O, Mandrekar S, Goel S, et al. Palbociclib for Hormone- Receptor-Positive, HER2-Positive Advanced Breast Cancer. N Engl J Med 2026;394:451-462.",https://www.ncbi.nlm.nih.gov/pubmed/41604639,"After treatment with taxane -based chemotherapy in combination with pertuzumab + trastuzumab, based on the results of the PATINA trial"
572,41160818,,2025,"systemic therapy, advanced/metastatic","Recurrent/Stage IV Breast Cancer > Management of Recurrent or Stage IV Disease > Therapy for HER2-Positive Breast Cancer > Other Recommended First- line Regimen for HR-Positive or Negative, HER2-Positive Breast Cancer",Fam-trastuzumab deruxtecan-nxki + Pertuzumab:,3,201,"Tolaney SM, Jiang Z, Zhang Q, et al. Trastuzumab Deruxtecan plus Pertuzumab for HER2-Positive Metastatic Breast Cancer. N Engl J Med 2025.",https://www.ncbi.nlm.nih.gov/pubmed/41160818,Evidence supporting this approach comes from a randomized trial (DESTINY-Breast09) of patients (n = 770) with metastatic HER2-positive breast cancer.
573,,,2023,"systemic therapy, advanced/metastatic","Recurrent/Stage IV Breast Cancer > Management of Recurrent or Stage IV Disease > Therapy for HER2-Positive Breast Cancer > Preferred Second/Third-line Regimens for HR-Positive or Negative, HER2-Positive Breast Cancer",Fam-trastuzumab deruxtecan-nxki:,4,"201,202","André F, Hee Park Y, Kim SB, et al. Trastuzumab deruxtecan versus treatment of physician's choice in patients with HER2-positive metastatic breast cancer (DESTINY-Breast02): a randomised, open- label, multicentre, phase 3 trial. Lancet 2023;401:1773-1785.",,"Fam-trastuzumab deruxtecan-nxki: In the randomized DESTINY- Breast02 study of patients previously treated with T-DM1, fam- trastuzumab deruxtecan nxki demonstrated superior efficacy compared with physician's choice therapy (capecitabine plus either trastuzumab or lapatinib)."
574,,,2024,"systemic therapy, advanced/metastatic","Recurrent/Stage IV Breast Cancer > Management of Recurrent or Stage IV Disease > Therapy for HER2-Positive Breast Cancer > Preferred Second/Third-line Regimens for HR-Positive or Negative, HER2-Positive Breast Cancer",Fam-trastuzumab deruxtecan-nxki:,2,202,"Cortés J, Hurvitz SA, Im SA, et al. Trastuzumab deruxtecan versus trastuzumab emtansine in HER2-positive metastatic breast cancer: long- term survival analysis of the DESTINY-Breast03 trial. Nat Med 2024;30:2208-2215.",,"In the phase III DESTINY-Breast03 trial of patients (n = 524) with disease progression after trastuzumab- and taxane-based therapy, median PFS was 29 months with fam-trastuzumab deruxtecan compared with 7.2 months for T-DM1 (HR, 0.30; 95% CI, 0.24-0.38)."
575,,,2015,"systemic therapy, advanced/metastatic","Recurrent/Stage IV Breast Cancer > Management of Recurrent or Stage IV Disease > Therapy for HER2-Positive Breast Cancer > Other Recommended Third-line Regimens for HR-Positive or Negative, HER2-Positive Breast Cancer",,4,202,"Ellis PA, Barrios CH, Eiermann W, et al. Phase III, randomized study of trastuzumab emtansine (T-DM1) {+/-} pertuzumab (P) vs trastuzumab + taxane (HT) for first-line treatment of HER2-positive MBC: Primary results from the MARIANNE study. ASCO Meeting Abstracts 2015;33:507.",http://meeting.ascopubs.org/cgi/content/abstract/33/15_suppl/507,"The PFS for T-DM1 with pertuzumab was found to be noninferior to trastuzumab and a taxane (15.2 and 13.7 months, respectively; HR, 0.87; 97.5% CI, 0.69-1.08; P = .14)."
576,23020162,,2012,"systemic therapy, advanced/metastatic","Recurrent/Stage IV Breast Cancer > Management of Recurrent or Stage IV Disease > Therapy for HER2-Positive Breast Cancer > Other Recommended Third-line Regimens for HR-Positive or Negative, HER2-Positive Breast Cancer",,3,203,"Verma S, Miles D, Gianni L, et al. Trastuzumab emtansine for HER2-positive advanced breast cancer. N Engl J Med 2012;367:1783- 1791.",http://www.ncbi.nlm.nih.gov/pubmed/23020162,"A randomized, international, multicenter, open-label, phase III study (EMILIA) evaluated the safety and efficacy of T-DM1 compared with lapatinib + capecitabine for HER2-positive patients with locally advanced breast cancer or metastatic breast cancer previously treated with trastuzumab and a taxane"
577,11248153,,2001,"systemic therapy, advanced/metastatic",Recurrent/Stage IV Breast Cancer > Management of Recurrent or Stage IV Disease > Therapy for HER2-Positive Breast Cancer > Fourth-line of Therapy and Beyond for HER2-Positive Breast Cancer,,3,203,"Slamon DJ, Leyland-Jones B, Shak S, et al. Use of chemotherapy plus a monoclonal antibody against HER2 for metastatic breast cancer that overexpresses HER2. N Engl J Med 2001;344:783-792.",http://www.ncbi.nlm.nih.gov/pubmed/11248153,Fourth-line of Therapy and Beyond for HER2-Positive Breast Cancer Trastuzumab in combination with selected chemotherapy
578,17614302,,2007,"systemic therapy, advanced/metastatic",Recurrent/Stage IV Breast Cancer > Management of Recurrent or Stage IV Disease > Therapy for HER2-Positive Breast Cancer > Fourth-line of Therapy and Beyond for HER2-Positive Breast Cancer,,3,203,"Burstein HJ, Keshaviah A, Baron AD, et al. Trastuzumab plus vinorelbine or taxane chemotherapy for HER2-overexpressing metastatic breast cancer: the trastuzumab and vinorelbine or taxane study. Cancer 2007;110:965-972.",http://www.ncbi.nlm.nih.gov/pubmed/17614302,"Randomized trials demonstrate benefit from adding trastuzumab to other agents including paclitaxel with or without carboplatin,"
579,16782917,,2006,"systemic therapy, advanced/metastatic",Recurrent/Stage IV Breast Cancer > Management of Recurrent or Stage IV Disease > Therapy for HER2-Positive Breast Cancer > Fourth-line of Therapy and Beyond for HER2-Positive Breast Cancer,,1,203,"Robert N, Leyland-Jones B, Asmar L, et al. Randomized phase III study of trastuzumab, paclitaxel, and carboplatin compared with trastuzumab and paclitaxel in women with HER-2-overexpressing metastatic breast cancer. J Clin Oncol 2006;24:2786-2792.",http://www.ncbi.nlm.nih.gov/pubmed/16782917,"Randomized trials demonstrate benefit from adding trastuzumab to other agents including paclitaxel with or without carboplatin,"
580,18375893,,2008,"systemic therapy, advanced/metastatic",Recurrent/Stage IV Breast Cancer > Management of Recurrent or Stage IV Disease > Therapy for HER2-Positive Breast Cancer > Fourth-line of Therapy and Beyond for HER2-Positive Breast Cancer,,2,"203,209","Seidman A, Berry DA, Cirrincione C, et al. Randomized phase III trial of weekly compared with every-3-weeks paclitaxel for metastatic breast cancer, with trastuzumab for all HER-2 overexpressors and random assignment to trastuzumab or not in HER-2 nonoverexpressors: final results of Cancer and Leukemia Group B protocol 9840. J Clin Oncol 2008;26:1642-1649.",http://www.ncbi.nlm.nih.gov/pubmed/18375893,"Randomized trials demonstrate benefit from adding trastuzumab to other agents including paclitaxel with or without carboplatin,"
581,,,2005,"systemic therapy, advanced/metastatic",Recurrent/Stage IV Breast Cancer > Management of Recurrent or Stage IV Disease > Therapy for HER2-Positive Breast Cancer > Fourth-line of Therapy and Beyond for HER2-Positive Breast Cancer,,1,203,"Schaller G, Bangemann N, Weber J, et al. Efficacy and safety of trastuzumab plus capecitabine in a German multicentre phase II study of pre-treated metastatic breast cancer [abstract]. J Clin Oncol 2005;23(Suppl 16):Abstract 717.",http://meeting.ascopubs.org/cgi/content/abstract/23/16_suppl/717,The combination of trastuzumab and capecitabine has also shown efficacy as a first-line trastuzumab-containing regimen in this setting.
582,17516068,,2008,"systemic therapy, advanced/metastatic",Recurrent/Stage IV Breast Cancer > Management of Recurrent or Stage IV Disease > Therapy for HER2-Positive Breast Cancer > Fourth-line of Therapy and Beyond for HER2-Positive Breast Cancer,,2,203,"Yamamoto D, Iwase S, Kitamura K, et al. A phase II study of trastuzumab and capecitabine for patients with HER2-overexpressing metastatic breast cancer: Japan Breast Cancer Research Network (JBCRN) 00 Trial. Cancer Chemother Pharmacol 2008;61:509-514.",http://www.ncbi.nlm.nih.gov/pubmed/17516068,The combination of trastuzumab and capecitabine has also shown efficacy as a first-line trastuzumab-containing regimen in this setting.
583,11870163,,2002,"systemic therapy, advanced/metastatic",Recurrent/Stage IV Breast Cancer > Management of Recurrent or Stage IV Disease > Therapy for HER2-Positive Breast Cancer > Fourth-line of Therapy and Beyond for HER2-Positive Breast Cancer,,1,203,"Seidman A, Hudis C, Pierri MK, et al. Cardiac dysfunction in the trastuzumab clinical trials experience. J Clin Oncol 2002;20:1215-1221.",http://www.ncbi.nlm.nih.gov/pubmed/11870163,The NCCN Panel believes the 27% frequency of significant cardiac dysfunction in patients treated with the combination of trastuzumab and doxorubicin/cyclophosphamide chemotherapy in the metastatic setting is too high for use of this combination outside the confines of a prospective clinical trial.
584,17192538,,2006,"systemic therapy, advanced/metastatic",Recurrent/Stage IV Breast Cancer > Management of Recurrent or Stage IV Disease > Therapy for HER2-Positive Breast Cancer > Fourth-line of Therapy and Beyond for HER2-Positive Breast Cancer,,1,203,"Geyer C, Forster J, Lindquist D, et al. Lapatinib plus capecitabine for HER2-positive advanced breast cancer. N Engl J Med 2006;355:2733-2743.",http://www.ncbi.nlm.nih.gov/pubmed/17192538,A phase III study compared lapatinib + capecitabine with capecitabine alone in patients with advanced or metastatic breast cancer refractory to trastuzumab in the metastatic setting and with prior treatment with an anthracycline and a taxane in either the metastatic or adjuvant setting.
585,20736298,,2010,"systemic therapy, advanced/metastatic",Recurrent/Stage IV Breast Cancer > Management of Recurrent or Stage IV Disease > Therapy for HER2-Positive Breast Cancer > Fourth-line of Therapy and Beyond for HER2-Positive Breast Cancer,,2,203,"Cameron D, Casey M, Oliva C, et al. Lapatinib plus capecitabine in women with HER-2-positive advanced breast cancer: final survival analysis of a phase III randomized trial. Oncologist 2010;15:924-934.",http://www.ncbi.nlm.nih.gov/pubmed/20736298,This resulted in insufficient power to detect significant differences in OS; an exploratory analysis demonstrated a trend toward a survival advantage with lapatinib + capecitabine.
586,20124187,,2010,"systemic therapy, advanced/metastatic",Recurrent/Stage IV Breast Cancer > Management of Recurrent or Stage IV Disease > Therapy for HER2-Positive Breast Cancer > Fourth-line of Therapy and Beyond for HER2-Positive Breast Cancer,,1,204,"Blackwell KL, Burstein HJ, Storniolo AM, et al. Randomized study of lapatinib alone or in combination with trastuzumab in women with ErbB2- positive, trastuzumab-refractory metastatic breast cancer. J Clin Oncol 2010;28:1124-1130.",http://www.ncbi.nlm.nih.gov/pubmed/20124187,Results from a phase III trial in which patients with heavily pretreated metastatic breast cancer and disease progression on trastuzumab therapy randomly assigned to trastuzumab + lapatinib or lapatinib monotherapy showed that PFS was increased from 8.1 to 12 weeks (P = .008) with the combination.
587,22689807,,2012,"systemic therapy, advanced/metastatic",Recurrent/Stage IV Breast Cancer > Management of Recurrent or Stage IV Disease > Therapy for HER2-Positive Breast Cancer > Fourth-line of Therapy and Beyond for HER2-Positive Breast Cancer,,2,204,"Blackwell KL, Burstein HJ, Storniolo AM, et al. Overall survival benefit with lapatinib in combination with trastuzumab for patients with human epidermal growth factor receptor 2-positive metastatic breast cancer: final results from the EGF104900 Study. J Clin Oncol 2012;30:2585-2592.",http://www.ncbi.nlm.nih.gov/pubmed/22689807,"The OS analysis data showed that lapatinib + trastuzumab improved median survival by 4.5 months, with median OS of 14 months for the combination therapy and 9.5 months for lapatinib alone (HR, 0.74; 95% CI, 0.57-0.97; P = .026)."
588,30860945,,2019,"systemic therapy, advanced/metastatic",Recurrent/Stage IV Breast Cancer > Management of Recurrent or Stage IV Disease > Therapy for HER2-Positive Breast Cancer > Fourth-line of Therapy and Beyond for HER2-Positive Breast Cancer,,3,204,"Freedman RA, Gelman RS, Anders CK, et al. TBCRC 022: A phase II trial of neratinib and capecitabine for patients with human epidermal growth factor receptor 2-positive breast cancer and brain metastases. J Clin Oncol 2019;37:1081-1089.",https://www.ncbi.nlm.nih.gov/pubmed/30860945,"In a phase II trial of patients (n = 49) with progressive, HER2-positive disease and brain metastases (92% received CNS surgery and/or radiotherapy),"
589,,10.1200/JCO,2019,"systemic therapy, advanced/metastatic",Recurrent/Stage IV Breast Cancer > Management of Recurrent or Stage IV Disease > Therapy for HER2-Positive Breast Cancer > Fourth-line of Therapy and Beyond for HER2-Positive Breast Cancer,,1,204,"Saura C, Oliveira M, Feng Y-H, et al. Neratinib + capecitabine versus lapatinib + capecitabine in patients with HER2+ metastatic breast cancer previously treated with ≥ 2 HER2-directed regimens: Findings from the multinational, randomized, phase III NALA trial. Journal of Clinical Oncology 2019;37:1002-1002.",https://ascopubs.org/doi/abs/10.1200/JCO.2019.37.15_suppl.1002,A prospective randomized phase III trial (NALA) randomized patients (n = 621) with HER2-positive breast cancer to neratinib in combination with capecitabine or lapatinib + capecitabine until disease progression.
590,36332179,,2023,"systemic therapy, advanced/metastatic",Recurrent/Stage IV Breast Cancer > Management of Recurrent or Stage IV Disease > Therapy for HER2-Positive Breast Cancer > Fourth-line of Therapy and Beyond for HER2-Positive Breast Cancer,,1,204,"Rugo HS, Im SA, Cardoso F, et al. Margetuximab Versus Trastuzumab in Patients With Previously Treated HER2-Positive Advanced Breast Cancer (SOPHIA): Final Overall Survival Results From a Randomized Phase 3 Trial. J Clin Oncol 2023;41:198-205.",https://www.ncbi.nlm.nih.gov/pubmed/36332179,"In the phase III SOPHIA trial, patients (n = 536) with disease progression after at least two lines of anti-HER2 therapy, the addition of margetuximab-cmkb to chemotherapy prolonged PFS compared with trastuzumab + chemotherapy (median PFS, 5.8 vs 4.9 months; HR, 0.76; 95% CI, 0.59-0.98) whereas the "
591,33480963,,2021,"systemic therapy, advanced/metastatic",Recurrent/Stage IV Breast Cancer > Management of Recurrent or Stage IV Disease > Therapy for HER2-Positive Breast Cancer > Fourth-line of Therapy and Beyond for HER2-Positive Breast Cancer,,1,204,"Rugo HS, Im SA, Cardoso F, et al. Efficacy of Margetuximab vs Trastuzumab in Patients With Pretreated ERBB2-Positive Advanced Breast Cancer: A Phase 3 Randomized Clinical Trial. JAMA Oncol 2021;7:573-584.",https://www.ncbi.nlm.nih.gov/pubmed/33480963,"In the phase III SOPHIA trial, patients (n = 536) with disease progression after at least two lines of anti-HER2 therapy, the addition of margetuximab-cmkb to chemotherapy prolonged PFS compared with trastuzumab + chemotherapy (median PFS, 5.8 vs 4.9 months; HR, 0.76; 95% CI, 0.59-0.98) whereas the "
592,19786670,,2009,"systemic therapy, advanced/metastatic","Recurrent/Stage IV Breast Cancer > Endocrine-based Therapy for HR-Positive, HER2-Postive Breast Cancer",,1,205,"Kaufman B, Mackey JR, Clemens MR, et al. Trastuzumab plus anastrozole versus anastrozole alone for the treatment of postmenopausal women with human epidermal growth factor receptor 2- positive, hormone receptor-positive metastatic breast cancer: results from the randomized phase III TAnDEM study. J Clin Oncol 2009;27:5529-5537.",http://www.ncbi.nlm.nih.gov/pubmed/19786670,"In the TAnDEM study, postmenopausal patients (n = 207) with metastatic HR-positive and HER2-positive tumors were randomized to receive anastrozole alone or anastrozole + trastuzumab."
593,21862331,,2012,"systemic therapy, advanced/metastatic","Recurrent/Stage IV Breast Cancer > Endocrine-based Therapy for HR-Positive, HER2-Postive Breast Cancer",,1,205,"Huober J, Fasching PA, Barsoum M, et al. Higher efficacy of letrozole in combination with trastuzumab compared to letrozole monotherapy as first-line treatment in patients with HER2-positive, hormone-receptor-positive metastatic breast cancer - results of the eLEcTRA trial. Breast 2012;21:27-33.",https://www.ncbi.nlm.nih.gov/pubmed/21862331,"The results are consistent with the TAnDEM trial; however, due to smaller numbers of patients enrolled in this trial, this was not statistically significant (HR, 0.67; 95% CI, 0.35-1.29; P = .23)."
594,19786658,,2009,"systemic therapy, advanced/metastatic","Recurrent/Stage IV Breast Cancer > Endocrine-based Therapy for HR-Positive, HER2-Postive Breast Cancer",,2,205,"Johnston S, Pippen J, Pivot X, et al. Lapatinib combined with letrozole versus letrozole and placebo as first-line therapy for postmenopausal hormone receptor-positive metastatic breast cancer. J Clin Oncol 2009;27:5538-5546.",http://www.ncbi.nlm.nih.gov/pubmed/19786658,"In a phase III study of postmenopausal patients (n = 219) with HER2- positive and HR-positive disease, first-line treatment with lapatinib + letrozole reduced the risk of disease progression compared to treatment with letrozole alone (median PFS, 8.2 vs 3.0 months; HR, 0.71; 95% CI, 0.53-0.96; P = ."
595,,10.1200/JCO,2017,"systemic therapy, advanced/metastatic","Recurrent/Stage IV Breast Cancer > Endocrine-based Therapy for HR-Positive, HER2-Postive Breast Cancer",,2,205,"Gradishar WJ, Hegg R, Im S-A, et al. Phase III study of lapatinib (L) plus trastuzumab (T) and aromatase inhibitor (AI) vs T+AI vs L+AI in postmenopausal women (PMW) with HER2+, HR+ metastatic breast cancer (MBC): ALTERNATIVE. Journal of Clinical Oncology 2017;35:1004-1004.",https://ascopubs.org/doi/abs/10.1200/JCO.2017.35.15_suppl.1004,"In the ALTERNATIVE trial, postmenopausal patients (n = 355) with HER2-positive, HR-positive metastatic breast cancer were randomized to receive lapatinib + trastuzumab + an AI, lapatinib + an AI, or trastuzumab + an AI without chemotherapy."
596,30106636,,2018,"systemic therapy, advanced/metastatic","Recurrent/Stage IV Breast Cancer > Endocrine-based Therapy for HR-Positive, HER2-Postive Breast Cancer","Maintenance Therapy for HR-positive, HER-2 Positive Tumors:",2,206,"Rimawi M, Ferrero JM, de la Haba-Rodriguez J, et al. First-line trastuzumab plus an aromatase inhibitor, with or without pertuzumab, in human epidermal growth factor receptor 2-positive and hormone receptor-positive metastatic or locally advanced breast cancer (PERTAIN): A randomized, open-label phase II trial. J Clin Oncol 2018;36:2826-2835.",https://www.ncbi.nlm.nih.gov/pubmed/30106636,"There was an improvement in PFS with the three-drug combination (18.9 vs 15.8 months; HR, 0.65; 95% CI, 0.48-0.89)."
597,,,2020,"systemic therapy, advanced/metastatic","Recurrent/Stage IV Breast Cancer > Endocrine-based Therapy for HR-Positive, HER2-Postive Breast Cancer > Cytotoxic Therapy for Triple Negative Breast Cancer",,2,207,"Cortes J, Cescon DW, Rugo HS, et al. Pembrolizumab plus chemotherapy versus placebo plus chemotherapy for previously untreated locally recurrent inoperable or metastatic triple-negative breast cancer (KEYNOTE-355): a randomised, placebo-controlled, double-blind, phase 3 clinical trial. Lancet 2020;396:1817-1828.",,"In KEYNOTE 355, patients (n = 847) with locally recurrent, inoperable, or metastatic TNBC and a disease-free interval of ≥6 months, were randomly assigned to receive chemotherapy (with nab-paclitaxel, paclitaxel, or gemcitabine/carboplatin) alone or in combination with pembrolizumab."
598,35857659,,2022,"systemic therapy, advanced/metastatic","Recurrent/Stage IV Breast Cancer > Endocrine-based Therapy for HR-Positive, HER2-Postive Breast Cancer > Cytotoxic Therapy for Triple Negative Breast Cancer",,1,207,"Cortes J, Rugo HS, Cescon DW, et al. Pembrolizumab plus Chemotherapy in Advanced Triple-Negative Breast Cancer. N Engl J Med 2022;387:217-226.",https://www.ncbi.nlm.nih.gov/pubmed/35857659,"The OS benefit among patients with a CPS ≥10 was also significantly higher in those receiving pembrolizumab (23.0 vs 16.1 months; HR, 0.73; 95% CI, 0.55-0.95)."
599,41564397,,2026,"systemic therapy, advanced/metastatic","Recurrent/Stage IV Breast Cancer > Endocrine-based Therapy for HR-Positive, HER2-Postive Breast Cancer > Cytotoxic Therapy for Triple Negative Breast Cancer",,4,207,"Tolaney SM, de Azambuja E, Kalinsky K, et al. Sacituzumab Govitecan plus Pembrolizumab for Advanced Triple-Negative Breast Cancer. N Engl J Med 2026;394:354-366.",https://www.ncbi.nlm.nih.gov/pubmed/41564397,"The ASCENT-04/KEYNOTE-D19 trial evaluated treatments with sacituzumab govitecan-hziy + pembrolizumab compared with chemotherapy + pembrolizumab in patients (n = 443) with previously untreated, locally advanced unresectable or metastatic TNBC whose tumors express PD-L1."
600,41124233,,2025,"systemic therapy, advanced/metastatic","Recurrent/Stage IV Breast Cancer > Endocrine-based Therapy for HR-Positive, HER2-Postive Breast Cancer > Cytotoxic Therapy for Triple Negative Breast Cancer",,2,207,"Cortes J, Punie K, Barrios C, et al. Sacituzumab Govitecan in Untreated, Advanced Triple-Negative Breast Cancer. N Engl J Med 2025;393:1912-1925.",https://www.ncbi.nlm.nih.gov/pubmed/41124233,"In the phase III ASCENT-03 trial, patients (n = 558) treated with sacituzumab govitecan-hziy had improved median PFS compared with those treated with chemotherapy (9.7 vs 6.9 months; HR, 0.62; P < .001) and response duration was higher as well (12.2 vs 7.2 months), although response rates (48% vs 46"
601,29529389,,2018,"systemic therapy, advanced/metastatic","Recurrent/Stage IV Breast Cancer > Endocrine-based Therapy for HR-Positive, HER2-Postive Breast Cancer > Chemotherapy for HR-Positive or -Negative and HER2-Negative Breast Cancer",Third-line and Beyond:,1,208,"Kruse M, Abraham J. Management of chemotherapy-induced alopecia with scalp cooling. J Oncol Pract 2018;14:149-154.",https://www.ncbi.nlm.nih.gov/pubmed/29529389,The data on efficacy of scalp cooling is mainly from the adjuvant setting and also show that results may be less effective with anthracycline-containing regimens.
602,28196254,,2017,"systemic therapy, advanced/metastatic","Recurrent/Stage IV Breast Cancer > Endocrine-based Therapy for HR-Positive, HER2-Postive Breast Cancer > Chemotherapy for HR-Positive or -Negative and HER2-Negative Breast Cancer",Third-line and Beyond:,1,208,"Nangia J, Wang T, Osborne C, et al. Effect of a scalp cooling device on alopecia in women undergoing chemotherapy for breast cancer: The SCALP randomized clinical trial. JAMA 2017;317:596-605.",https://www.ncbi.nlm.nih.gov/pubmed/28196254,The data on efficacy of scalp cooling is mainly from the adjuvant setting and also show that results may be less effective with anthracycline-containing regimens.
603,,,2017,"systemic therapy, advanced/metastatic","Recurrent/Stage IV Breast Cancer > Endocrine-based Therapy for HR-Positive, HER2-Postive Breast Cancer > Chemotherapy for HR-Positive or -Negative and HER2-Negative Breast Cancer",Third-line and Beyond:,1,208,"Rugo HS, Klein P, Melin SA, et al. Association between use of a scalp cooling device and alopecia after chemotherapy for breast cancer. JAMA 2017;317:606-614.",,The data on efficacy of scalp cooling is mainly from the adjuvant setting and also show that results may be less effective with anthracycline-containing regimens.
604,28275922,,2017,"systemic therapy, advanced/metastatic","Recurrent/Stage IV Breast Cancer > Endocrine-based Therapy for HR-Positive, HER2-Postive Breast Cancer > Chemotherapy for HR-Positive or -Negative and HER2-Negative Breast Cancer",Third-line and Beyond:,1,208,"Rugo HS, Melin SA, Voigt J. Scalp cooling with adjuvant/neoadjuvant chemotherapy for breast cancer and the risk of scalp metastases: systematic review and meta-analysis. Breast Cancer Res Treat 2017;163:199-205.",https://www.ncbi.nlm.nih.gov/pubmed/28275922,The data on efficacy of scalp cooling is mainly from the adjuvant setting and also show that results may be less effective with anthracycline-containing regimens.
605,31448235,,2019,"systemic therapy, advanced/metastatic","Recurrent/Stage IV Breast Cancer > Endocrine-based Therapy for HR-Positive, HER2-Postive Breast Cancer > Chemotherapy for HR-Positive or -Negative and HER2-Negative Breast Cancer",Third-line and Beyond:,1,208,"Kinoshita T, Nakayama T, Fukuma E, et al. Efficacy of Scalp Cooling in Preventing and Recovering From Chemotherapy-Induced Alopecia in Breast Cancer Patients: The HOPE Study. Front Oncol 2019;9:733.",https://www.ncbi.nlm.nih.gov/pubmed/31448235,The data on efficacy of scalp cooling is mainly from the adjuvant setting and also show that results may be less effective with anthracycline-containing regimens.
606,29660543,,2018,"systemic therapy, advanced/metastatic","Recurrent/Stage IV Breast Cancer > Endocrine-based Therapy for HR-Positive, HER2-Postive Breast Cancer > Chemotherapy for HR-Positive or -Negative and HER2-Negative Breast Cancer",Third-line and Beyond:,1,208,"Vasconcelos I, Wiesske A, Schoenegg W. Scalp cooling successfully prevents alopecia in breast cancer patients undergoing anthracycline/taxane-based chemotherapy. Breast 2018;40:1-3.",https://www.ncbi.nlm.nih.gov/pubmed/29660543,The data on efficacy of scalp cooling is mainly from the adjuvant setting and also show that results may be less effective with anthracycline-containing regimens.
607,25261162,,2014,"systemic therapy, advanced/metastatic","Recurrent/Stage IV Breast Cancer > Endocrine-based Therapy for HR-Positive, HER2-Postive Breast Cancer > Chemotherapy for HR-Positive or -Negative and HER2-Negative Breast Cancer",Third-line and Beyond:,1,208,"Seretny M, Currie GL, Sena ES, et al. Incidence, prevalence, and predictors of chemotherapy-induced peripheral neuropathy: A systematic review and meta-analysis. Pain 2014;155:2461-2470.",https://www.ncbi.nlm.nih.gov/pubmed/25261162,Chemotherapy-induced peripheral neuropathy is a common adverse effect of several cytotoxic drugs including taxanes and platinum therapies.
608,33489425,,2020,"systemic therapy, advanced/metastatic","Recurrent/Stage IV Breast Cancer > Endocrine-based Therapy for HR-Positive, HER2-Postive Breast Cancer > Chemotherapy for HR-Positive or -Negative and HER2-Negative Breast Cancer",Third-line and Beyond:,1,209,"Sphar BG, Bowe C, Dains JE. The impact of peripheral cooling on chemotherapy-induced peripheral neuropathy: An integrative review. J Adv Pract Oncol 2020;11:845-857.",https://www.ncbi.nlm.nih.gov/pubmed/33489425,"In order to decrease the risk of peripheral neuropathy, when receiving a taxane-containing regimen, the Panel also recommends considering cryotherapy of hands and feet."
609,29924336,,2018,"systemic therapy, advanced/metastatic","Recurrent/Stage IV Breast Cancer > Endocrine-based Therapy for HR-Positive, HER2-Postive Breast Cancer > Chemotherapy for HR-Positive or -Negative and HER2-Negative Breast Cancer",Third-line and Beyond:,1,209,"Hanai A, Ishiguro H, Sozu T, et al. Effects of cryotherapy on objective and subjective symptoms of paclitaxel-induced neuropathy: Prospective self-controlled trial. J Natl Cancer Inst 2018;110:141-148.",https://www.ncbi.nlm.nih.gov/pubmed/29924336,"In order to decrease the risk of peripheral neuropathy, when receiving a taxane-containing regimen, the Panel also recommends considering cryotherapy of hands and feet."
610,40048176,,2025,"systemic therapy, advanced/metastatic","Recurrent/Stage IV Breast Cancer > Endocrine-based Therapy for HR-Positive, HER2-Postive Breast Cancer > Chemotherapy for HR-Positive or -Negative and HER2-Negative Breast Cancer",Third-line and Beyond:,1,209,"Michel LL, Schwarz D, Romar P, et al. Efficacy of hand cooling and compression in preventing taxane-induced neuropathy: The POLAR randomized clinical trial. JAMA Oncol 2025;11:408-415.",https://www.ncbi.nlm.nih.gov/pubmed/40048176,Use of glove constriction may also be considered as it helps with reducing peripheral neuropathy.
611,11709565,,2001,"systemic therapy, advanced/metastatic","Recurrent/Stage IV Breast Cancer > Endocrine-based Therapy for HR-Positive, HER2-Postive Breast Cancer > Chemotherapy for HR-Positive or -Negative and HER2-Negative Breast Cancer > Preferred Chemotherapy Regimens",,1,209,"Perez EA, Vogel CL, Irwin DH, et al. Multicenter phase II trial of weekly paclitaxel in women with metastatic breast cancer. J Clin Oncol 2001;19:4216-4223.",http://www.ncbi.nlm.nih.gov/pubmed/11709565,"Among preferred single agents, the NCCN Panel has included taxanes (paclitaxel) weekly (80 mg/m2)"
612,1987737,,1991,"systemic therapy, advanced/metastatic","Recurrent/Stage IV Breast Cancer > Endocrine-based Therapy for HR-Positive, HER2-Postive Breast Cancer > Chemotherapy for HR-Positive or -Negative and HER2-Negative Breast Cancer > Preferred Chemotherapy Regimens",,1,209,"Gasparini G, Dal Fior S, Panizzoni GA, et al. Weekly epirubicin versus doxorubicin as second line therapy in advanced breast cancer. A randomized clinical trial. Am J Clin Oncol 1991;14:38-44.",http://www.ncbi.nlm.nih.gov/pubmed/1987737,"Among preferred single agents, the NCCN Panel has included taxanes (paclitaxel) weekly (80 mg/m2) or every 3 weeks (175 mg/m2), anthracyclines (doxorubicin"
613,14998846,,2004,"systemic therapy, advanced/metastatic","Recurrent/Stage IV Breast Cancer > Endocrine-based Therapy for HR-Positive, HER2-Postive Breast Cancer > Chemotherapy for HR-Positive or -Negative and HER2-Negative Breast Cancer > Preferred Chemotherapy Regimens",,1,209,"O'Brien ME, Wigler N, Inbar M, et al. Reduced cardiotoxicity and comparable efficacy in a phase III trial of pegylated liposomal doxorubicin HCl (CAELYX/Doxil) versus conventional doxorubicin for first-line treatment of metastatic breast cancer. Ann Oncol 2004;15:440- 449.",http://www.ncbi.nlm.nih.gov/pubmed/14998846,"Among preferred single agents, the NCCN Panel has included taxanes (paclitaxel) weekly (80 mg/m2) or every 3 weeks (175 mg/m2), anthracyclines (doxorubicin and liposomal doxorubicin"
614,15710946,,2005,"systemic therapy, advanced/metastatic","Recurrent/Stage IV Breast Cancer > Endocrine-based Therapy for HR-Positive, HER2-Postive Breast Cancer > Chemotherapy for HR-Positive or -Negative and HER2-Negative Breast Cancer > Preferred Chemotherapy Regimens",,1,209,"Bajetta E, Procopio G, Celio L, et al. Safety and efficacy of two different doses of capecitabine in the treatment of advanced breast cancer in older women. J Clin Oncol 2005;23:2155-2161.",https://www.ncbi.nlm.nih.gov/pubmed/15710946,"Among preferred single agents, the NCCN Panel has included taxanes (paclitaxel) weekly (80 mg/m2) or every 3 weeks (175 mg/m2), anthracyclines (doxorubicin and liposomal doxorubicin ), antimetabolites (capecitabine"
615,39917581,,2025,"systemic therapy, advanced/metastatic","Recurrent/Stage IV Breast Cancer > Endocrine-based Therapy for HR-Positive, HER2-Postive Breast Cancer > Chemotherapy for HR-Positive or -Negative and HER2-Negative Breast Cancer > Preferred Chemotherapy Regimens",,1,209,"Khan QJ, Bohnenkamp C, Monson TE, et al. Randomized Trial of Fixed-Dose Capecitabine Compared With Standard-Dose Capecitabine in Metastatic Breast Cancer: X-7/7 Trial. JCO Oncol Adv 2025;2:e2400068.",https://www.ncbi.nlm.nih.gov/pubmed/39917581,"Among preferred single agents, the NCCN Panel has included taxanes (paclitaxel) weekly (80 mg/m2) or every 3 weeks (175 mg/m2), anthracyclines (doxorubicin and liposomal doxorubicin ), antimetabolites (capecitabine"
616,,,2001,"systemic therapy, advanced/metastatic","Recurrent/Stage IV Breast Cancer > Endocrine-based Therapy for HR-Positive, HER2-Postive Breast Cancer > Chemotherapy for HR-Positive or -Negative and HER2-Negative Breast Cancer > Preferred Chemotherapy Regimens",,1,209,Seidman AD. Gemcitabine as single-agent therapy in the management of advanced breast cancer. Oncology (Williston Park) 2001;15:11-14.,,"Among preferred single agents, the NCCN Panel has included taxanes (paclitaxel) weekly (80 mg/m2) or every 3 weeks (175 mg/m2), anthracyclines (doxorubicin and liposomal doxorubicin ), antimetabolites (capecitabine and gemcitabine"
617,21376385,,2011,"systemic therapy, advanced/metastatic","Recurrent/Stage IV Breast Cancer > Endocrine-based Therapy for HR-Positive, HER2-Postive Breast Cancer > Chemotherapy for HR-Positive or -Negative and HER2-Negative Breast Cancer > Preferred Chemotherapy Regimens",,1,209,"Cortes J, O'Shaughnessy J, Loesch D, et al. Eribulin monotherapy versus treatment of physician's choice in patients with metastatic breast cancer (EMBRACE): a phase 3 open-label randomised study. Lancet 2011;377:914-923.",http://www.ncbi.nlm.nih.gov/pubmed/21376385,"Among preferred single agents, the NCCN Panel has included taxanes (paclitaxel) weekly (80 mg/m2) or every 3 weeks (175 mg/m2), anthracyclines (doxorubicin and liposomal doxorubicin ), antimetabolites (capecitabine and gemcitabine ), and microtubule inhibitors (eribulin"
618,25605862,,2015,"systemic therapy, advanced/metastatic","Recurrent/Stage IV Breast Cancer > Endocrine-based Therapy for HR-Positive, HER2-Postive Breast Cancer > Chemotherapy for HR-Positive or -Negative and HER2-Negative Breast Cancer > Preferred Chemotherapy Regimens",,1,209,"Kaufman PA, Awada A, Twelves C, et al. Phase III open-label randomized study of eribulin mesylate versus capecitabine in patients with locally advanced or metastatic breast cancer previously treated with an anthracycline and a taxane. J Clin Oncol 2015;33:594-601.",http://www.ncbi.nlm.nih.gov/pubmed/25605862,"Among preferred single agents, the NCCN Panel has included taxanes (paclitaxel) weekly (80 mg/m2) or every 3 weeks (175 mg/m2), anthracyclines (doxorubicin and liposomal doxorubicin ), antimetabolites (capecitabine and gemcitabine ), and microtubule inhibitors (eribulin"
619,11745280,,2001,"systemic therapy, advanced/metastatic","Recurrent/Stage IV Breast Cancer > Endocrine-based Therapy for HR-Positive, HER2-Postive Breast Cancer > Chemotherapy for HR-Positive or -Negative and HER2-Negative Breast Cancer > Preferred Chemotherapy Regimens",,1,209,"Zelek L, Barthier S, Riofrio M, et al. Weekly vinorelbine is an effective palliative regimen after failure with anthracyclines and taxanes in metastatic breast carcinoma. Cancer 2001;92:2267-2272.",http://www.ncbi.nlm.nih.gov/pubmed/11745280,"Among preferred single agents, the NCCN Panel has included taxanes (paclitaxel) weekly (80 mg/m2) or every 3 weeks (175 mg/m2), anthracyclines (doxorubicin and liposomal doxorubicin ), antimetabolites (capecitabine and gemcitabine ), and microtubule inhibitors (eribulin and vinorelbine"
620,15860867,,2005,"systemic therapy, advanced/metastatic","Recurrent/Stage IV Breast Cancer > Endocrine-based Therapy for HR-Positive, HER2-Postive Breast Cancer > Chemotherapy for HR-Positive or -Negative and HER2-Negative Breast Cancer > Other Recommended Chemotherapy Regimens",,1,209,"Jones EL, Oleson JR, Prosnitz LR, et al. Randomized trial of hyperthermia and radiation for superficial tumors. J Clin Oncol 2005;23:3079-3085.",http://www.ncbi.nlm.nih.gov/pubmed/15860867,"Other Recommended Chemotherapy Regimens Among other recommended single agents, the NCCN Panel has included taxanes (docetaxel,"
621,16172456,,2005,"systemic therapy, advanced/metastatic","Recurrent/Stage IV Breast Cancer > Endocrine-based Therapy for HR-Positive, HER2-Postive Breast Cancer > Chemotherapy for HR-Positive or -Negative and HER2-Negative Breast Cancer > Other Recommended Chemotherapy Regimens",,1,209,"Gradishar WJ, Tjulandin S, Davidson N, et al. Phase III trial of nanoparticle albumin-bound paclitaxel compared with polyethylated castor oil-based paclitaxel in women with breast cancer. J Clin Oncol 2005;23:7794-7803.",http://www.ncbi.nlm.nih.gov/pubmed/16172456,"Other Recommended Chemotherapy Regimens Among other recommended single agents, the NCCN Panel has included taxanes (docetaxel, albumin-bound paclitaxel"
622,19470941,,2009,"systemic therapy, advanced/metastatic","Recurrent/Stage IV Breast Cancer > Endocrine-based Therapy for HR-Positive, HER2-Postive Breast Cancer > Chemotherapy for HR-Positive or -Negative and HER2-Negative Breast Cancer > Other Recommended Chemotherapy Regimens",,1,209,"Gradishar WJ, Krasnojon D, Cheporov S, et al. Significantly longer progression-free survival with nab-paclitaxel compared with docetaxel as first-line therapy for metastatic breast cancer. J Clin Oncol 2009;27:3611-3619.",https://www.ncbi.nlm.nih.gov/pubmed/19470941,"Other Recommended Chemotherapy Regimens Among other recommended single agents, the NCCN Panel has included taxanes (docetaxel, albumin-bound paclitaxel"
623,8648369,,1996,"systemic therapy, advanced/metastatic","Recurrent/Stage IV Breast Cancer > Endocrine-based Therapy for HR-Positive, HER2-Postive Breast Cancer > Chemotherapy for HR-Positive or -Negative and HER2-Negative Breast Cancer > Other Recommended Chemotherapy Regimens",,1,209,"Bastholt L, Dalmark M, Gjedde SB, et al. Dose-response relationship of epirubicin in the treatment of postmenopausal patients with metastatic breast cancer: a randomized study of epirubicin at four different dose levels performed by the Danish Breast Cancer Cooperative Group. J Clin Oncol 1996;14:1146-1155.",http://www.ncbi.nlm.nih.gov/pubmed/8648369,"Other Recommended Chemotherapy Regimens Among other recommended single agents, the NCCN Panel has included taxanes (docetaxel, albumin-bound paclitaxel ), anthracyclines (epirubicin"
624,17606972,,2007,"systemic therapy, advanced/metastatic","Recurrent/Stage IV Breast Cancer > Endocrine-based Therapy for HR-Positive, HER2-Postive Breast Cancer > Chemotherapy for HR-Positive or -Negative and HER2-Negative Breast Cancer > Other Recommended Chemotherapy Regimens",,1,209,"Roche H, Yelle L, Cognetti F, et al. Phase II clinical trial of ixabepilone (BMS-247550), an epothilone B analog, as first-line therapy in patients with metastatic breast cancer previously treated with anthracycline chemotherapy. J Clin Oncol 2007;25:3415-3420.",http://www.ncbi.nlm.nih.gov/pubmed/17606972,"Other Recommended Chemotherapy Regimens Among other recommended single agents, the NCCN Panel has included taxanes (docetaxel, albumin-bound paclitaxel ), anthracyclines (epirubicin ), and ixabepilone"
625,17606975,,2007,"systemic therapy, advanced/metastatic","Recurrent/Stage IV Breast Cancer > Endocrine-based Therapy for HR-Positive, HER2-Postive Breast Cancer > Chemotherapy for HR-Positive or -Negative and HER2-Negative Breast Cancer > Other Recommended Chemotherapy Regimens",,1,209,"Thomas E, Tabernero J, Fornier M, et al. Phase II clinical trial of ixabepilone (BMS-247550), an epothilone B analog, in patients with taxane-resistant metastatic breast cancer. J Clin Oncol 2007;25:3399- 3406.",http://www.ncbi.nlm.nih.gov/pubmed/17606975,"Other Recommended Chemotherapy Regimens Among other recommended single agents, the NCCN Panel has included taxanes (docetaxel, albumin-bound paclitaxel ), anthracyclines (epirubicin ), and ixabepilone"
626,17606974,,2007,"systemic therapy, advanced/metastatic","Recurrent/Stage IV Breast Cancer > Endocrine-based Therapy for HR-Positive, HER2-Postive Breast Cancer > Chemotherapy for HR-Positive or -Negative and HER2-Negative Breast Cancer > Other Recommended Chemotherapy Regimens",,1,209,"Perez EA, Lerzo G, Pivot X, et al. Efficacy and safety of ixabepilone (BMS-247550) in a phase II study of patients with advanced breast cancer resistant to an anthracycline, a taxane, and capecitabine. J Clin Oncol 2007;25:3407-3414.",http://www.ncbi.nlm.nih.gov/pubmed/17606974,"Other Recommended Chemotherapy Regimens Among other recommended single agents, the NCCN Panel has included taxanes (docetaxel, albumin-bound paclitaxel ), anthracyclines (epirubicin ), and ixabepilone"
627,12637459,,2003,"systemic therapy, advanced/metastatic","Recurrent/Stage IV Breast Cancer > Endocrine-based Therapy for HR-Positive, HER2-Postive Breast Cancer > Chemotherapy for HR-Positive or -Negative and HER2-Negative Breast Cancer > Chemotherapy Regimens Useful in Certain Circumstances",,2,209,"Nabholtz JM, Falkson C, Campos D, et al. Docetaxel and doxorubicin compared with doxorubicin and cyclophosphamide as first- line chemotherapy for metastatic breast cancer: results of a randomized, multicenter, phase III trial. J Clin Oncol 2003;21:968-975.",http://www.ncbi.nlm.nih.gov/pubmed/12637459,The combination regimen options include doxorubicin/cyclophosphamide (AC)
628,16293863,,2005,"systemic therapy, advanced/metastatic","Recurrent/Stage IV Breast Cancer > Endocrine-based Therapy for HR-Positive, HER2-Postive Breast Cancer > Chemotherapy for HR-Positive or -Negative and HER2-Negative Breast Cancer > Chemotherapy Regimens Useful in Certain Circumstances",,2,209,"Langley RE, Carmichael J, Jones AL, et al. Phase III trial of epirubicin plus paclitaxel compared with epirubicin plus cyclophosphamide as first-line chemotherapy for metastatic breast cancer: United Kingdom National Cancer Research Institute trial AB01. J Clin Oncol 2005;23:8322-8330.",http://www.ncbi.nlm.nih.gov/pubmed/16293863,The combination regimen options include doxorubicin/cyclophosphamide (AC) ; epirubicin/cyclophosphamide (EC)
629,12065558,,2002,"systemic therapy, advanced/metastatic","Recurrent/Stage IV Breast Cancer > Endocrine-based Therapy for HR-Positive, HER2-Postive Breast Cancer > Chemotherapy for HR-Positive or -Negative and HER2-Negative Breast Cancer > Chemotherapy Regimens Useful in Certain Circumstances",,2,209,"O'Shaughnessy J, Miles D, Vukelja S, et al. Superior survival with capecitabine plus docetaxel combination therapy in anthracycline- pretreated patients with advanced breast cancer: phase III trial results. J Clin Oncol 2002;20:2812-2823.",https://www.ncbi.nlm.nih.gov/pubmed/12065558,The combination regimen options include doxorubicin/cyclophosphamide (AC) ; epirubicin/cyclophosphamide (EC) ; docetaxel/capecitabine
630,18711184,,2008,"systemic therapy, advanced/metastatic","Recurrent/Stage IV Breast Cancer > Endocrine-based Therapy for HR-Positive, HER2-Postive Breast Cancer > Chemotherapy for HR-Positive or -Negative and HER2-Negative Breast Cancer > Chemotherapy Regimens Useful in Certain Circumstances",,1,209,"Albain KS, Nag SM, Calderillo-Ruiz G, et al. Gemcitabine plus paclitaxel versus paclitaxel monotherapy in patients with metastatic breast cancer and prior anthracycline treatment. J Clin Oncol 2008;26:3950-3957.",http://www.ncbi.nlm.nih.gov/pubmed/18711184,The combination regimen options include doxorubicin/cyclophosphamide (AC) ; epirubicin/cyclophosphamide (EC) ; docetaxel/capecitabine ; gemcitabine/paclitaxel (GT)
631,22025143,,2011,"systemic therapy, advanced/metastatic","Recurrent/Stage IV Breast Cancer > Endocrine-based Therapy for HR-Positive, HER2-Postive Breast Cancer > Chemotherapy for HR-Positive or -Negative and HER2-Negative Breast Cancer > Chemotherapy Regimens Useful in Certain Circumstances",,2,"209,210","Stockler MR, Harvey VJ, Francis PA, et al. Capecitabine versus classical cyclophosphamide, methotrexate, and fluorouracil as first-line chemotherapy for advanced breast cancer. J Clin Oncol 2011;29:4498- 4504.",https://www.ncbi.nlm.nih.gov/pubmed/22025143,The combination regimen options include doxorubicin/cyclophosphamide (AC) ; epirubicin/cyclophosphamide (EC) ; docetaxel/capecitabine ; gemcitabine/paclitaxel (GT) ; cyclophosphamide/methotrexate/fluorouracil (CMF)
632,25349301,,2014,"systemic therapy, advanced/metastatic","Recurrent/Stage IV Breast Cancer > Endocrine-based Therapy for HR-Positive, HER2-Postive Breast Cancer > Chemotherapy for HR-Positive or -Negative and HER2-Negative Breast Cancer > Chemotherapy Regimens Useful in Certain Circumstances",,1,209,"O'Shaughnessy J, Schwartzberg L, Danso MA, et al. Phase III study of iniparib plus gemcitabine and carboplatin versus gemcitabine and carboplatin in patients with metastatic triple-negative breast cancer. J Clin Oncol 2014;32:3840-3847.",http://www.ncbi.nlm.nih.gov/pubmed/25349301,The combination regimen options include doxorubicin/cyclophosphamide (AC) ; epirubicin/cyclophosphamide (EC) ; docetaxel/capecitabine ; gemcitabine/paclitaxel (GT) ; cyclophosphamide/methotrexate/fluorouracil (CMF) }; gemcitabine/ carboplatin
633,26673577,,2015,"systemic therapy, advanced/metastatic","Recurrent/Stage IV Breast Cancer > Endocrine-based Therapy for HR-Positive, HER2-Postive Breast Cancer > Chemotherapy for HR-Positive or -Negative and HER2-Negative Breast Cancer > Chemotherapy Regimens Useful in Certain Circumstances",,1,209,"Yardley DA, Brufsky A, Coleman RE, et al. Phase II/III weekly nab- paclitaxel plus gemcitabine or carboplatin versus gemcitabine/carboplatin as first-line treatment of patients with metastatic triple-negative breast cancer (the tnAcity study): study protocol for a randomized controlled trial. Trials 2015;16:575.",https://www.ncbi.nlm.nih.gov/pubmed/26673577,The combination regimen options include doxorubicin/cyclophosphamide (AC) ; epirubicin/cyclophosphamide (EC) ; docetaxel/capecitabine ; gemcitabine/paclitaxel (GT) ; cyclophosphamide/methotrexate/fluorouracil (CMF) }; gemcitabine/ carboplatin
634,22350024,,2013,"systemic therapy, advanced/metastatic","Recurrent/Stage IV Breast Cancer > Endocrine-based Therapy for HR-Positive, HER2-Postive Breast Cancer > Chemotherapy for HR-Positive or -Negative and HER2-Negative Breast Cancer > Chemotherapy Regimens Useful in Certain Circumstances",,1,209,"Nelli F, Moscetti L, Natoli G, et al. Gemcitabine and carboplatin for pretreated metastatic breast cancer: the predictive value of immunohistochemically defined subtypes. Int J Clin Oncol 2013;18:343- 349.",https://www.ncbi.nlm.nih.gov/pubmed/22350024,The combination regimen options include doxorubicin/cyclophosphamide (AC) ; epirubicin/cyclophosphamide (EC) ; docetaxel/capecitabine ; gemcitabine/paclitaxel (GT) ; cyclophosphamide/methotrexate/fluorouracil (CMF) }; gemcitabine/ carboplatin
635,29878040,,2018,"systemic therapy, advanced/metastatic","Recurrent/Stage IV Breast Cancer > Endocrine-based Therapy for HR-Positive, HER2-Postive Breast Cancer > Chemotherapy for HR-Positive or -Negative and HER2-Negative Breast Cancer > Chemotherapy Regimens Useful in Certain Circumstances",,3,"209,210","Yardley DA, Coleman R, Conte P, et al. nab-Paclitaxel plus carboplatin or gemcitabine versus gemcitabine plus carboplatin as first- line treatment of patients with triple-negative metastatic breast cancer: results from the tnAcity trial. Ann Oncol 2018;29:1763-1770.",https://www.ncbi.nlm.nih.gov/pubmed/29878040,The combination regimen options include doxorubicin/cyclophosphamide (AC) ; epirubicin/cyclophosphamide (EC) ; docetaxel/capecitabine ; gemcitabine/paclitaxel (GT) ; cyclophosphamide/methotrexate/fluorouracil (CMF) }; gemcitabine/ carboplatin ; carboplatin with paclitaxel or albumin-bound paclitaxel
636,10618614,,2000,"systemic therapy, advanced/metastatic","Recurrent/Stage IV Breast Cancer > Endocrine-based Therapy for HR-Positive, HER2-Postive Breast Cancer > Chemotherapy for HR-Positive or -Negative and HER2-Negative Breast Cancer > Chemotherapy Regimens Useful in Certain Circumstances",,2,209,"Perez EA, Hillman DW, Stella PJ, et al. A phase II study of paclitaxel plus carboplatin as first-line chemotherapy for women with metastatic breast carcinoma. Cancer 2000;88:124-131.",https://www.ncbi.nlm.nih.gov/pubmed/10618614,The combination regimen options include doxorubicin/cyclophosphamide (AC) ; epirubicin/cyclophosphamide (EC) ; docetaxel/capecitabine ; gemcitabine/paclitaxel (GT) ; cyclophosphamide/methotrexate/fluorouracil (CMF) }; gemcitabine/ carboplatin ; carboplatin with paclitaxel or albumin-bound paclitaxel
637,15367413,,2004,"systemic therapy, advanced/metastatic","Recurrent/Stage IV Breast Cancer > Endocrine-based Therapy for HR-Positive, HER2-Postive Breast Cancer > Chemotherapy for HR-Positive or -Negative and HER2-Negative Breast Cancer > Chemotherapy Regimens Useful in Certain Circumstances",,2,209,"Fountzilas G, Kalofonos HP, Dafni U, et al. Paclitaxel and epirubicin versus paclitaxel and carboplatin as first-line chemotherapy in patients with advanced breast cancer: a phase III study conducted by the Hellenic Cooperative Oncology Group. Ann Oncol 2004;15:1517-1526.",https://www.ncbi.nlm.nih.gov/pubmed/15367413,The combination regimen options include doxorubicin/cyclophosphamide (AC) ; epirubicin/cyclophosphamide (EC) ; docetaxel/capecitabine ; gemcitabine/paclitaxel (GT) ; cyclophosphamide/methotrexate/fluorouracil (CMF) }; gemcitabine/ carboplatin ; carboplatin with paclitaxel or albumin-bound paclitaxel
638,18160686,,2007,"systemic therapy, advanced/metastatic","Recurrent/Stage IV Breast Cancer > Endocrine-based Therapy for HR-Positive, HER2-Postive Breast Cancer > Chemotherapy for HR-Positive or -Negative and HER2-Negative Breast Cancer > Chemotherapy Regimens Useful in Certain Circumstances",,1,209,"Miller K, Wang M, Gralow J, et al. Paclitaxel plus bevacizumab versus paclitaxel alone for metastatic breast cancer. N Engl J Med 2007;357:2666-2676.",http://www.ncbi.nlm.nih.gov/pubmed/18160686,The combination regimen options include doxorubicin/cyclophosphamide (AC) ; epirubicin/cyclophosphamide (EC) ; docetaxel/capecitabine ; gemcitabine/paclitaxel (GT) ; cyclophosphamide/methotrexate/fluorouracil (CMF) }; gemcitabine/ carboplatin ; carboplatin with paclitaxel or albumin-bound paclitaxel
639,,,2009,"systemic therapy, advanced/metastatic","Recurrent/Stage IV Breast Cancer > Endocrine-based Therapy for HR-Positive, HER2-Postive Breast Cancer > Chemotherapy for HR-Positive or -Negative and HER2-Negative Breast Cancer > Chemotherapy Regimens Useful in Certain Circumstances",,1,209,"Robert NJ, Dieras V, Glaspy J, et al. RIBBON-1: Randomized, double-blind, placebo-controlled, phase III trial of chemotherapy with or without bevacizumab (B) for first-line treatment of HER2-negative locally recurrent or metastatic breast cancer (MBC) [abstract]. J Clin Oncol 2009;27(Suppl):Abstract 1005.",http://meeting.ascopubs.org/cgi/content/abstract/27/15S/1005,The combination regimen options include doxorubicin/cyclophosphamide (AC) ; epirubicin/cyclophosphamide (EC) ; docetaxel/capecitabine ; gemcitabine/paclitaxel (GT) ; cyclophosphamide/methotrexate/fluorouracil (CMF) }; gemcitabine/ carboplatin ; carboplatin with paclitaxel or albumin-bound paclitaxel
640,21383283,,2011,"systemic therapy, advanced/metastatic","Recurrent/Stage IV Breast Cancer > Endocrine-based Therapy for HR-Positive, HER2-Postive Breast Cancer > Chemotherapy for HR-Positive or -Negative and HER2-Negative Breast Cancer > Chemotherapy Regimens Useful in Certain Circumstances",,1,209,"Robert NJ, Dieras V, Glaspy J, et al. RIBBON-1: randomized, double-blind, placebo-controlled, phase III trial of chemotherapy with or without bevacizumab for first-line treatment of human epidermal growth factor receptor 2-negative, locally recurrent or metastatic breast cancer. J Clin Oncol 2011;29:1252-1260.",http://www.ncbi.nlm.nih.gov/pubmed/21383283,The combination regimen options include doxorubicin/cyclophosphamide (AC) ; epirubicin/cyclophosphamide (EC) ; docetaxel/capecitabine ; gemcitabine/paclitaxel (GT) ; cyclophosphamide/methotrexate/fluorouracil (CMF) }; gemcitabine/ carboplatin ; carboplatin with paclitaxel or albumin-bound paclitaxel
641,19906761,,2010,"systemic therapy, advanced/metastatic","Recurrent/Stage IV Breast Cancer > Endocrine-based Therapy for HR-Positive, HER2-Postive Breast Cancer > Chemotherapy for HR-Positive or -Negative and HER2-Negative Breast Cancer > Chemotherapy Regimens Useful in Certain Circumstances",,1,209,"Mavroudis D, Papakotoulas P, Ardavanis A, et al. Randomized phase III trial comparing docetaxel plus epirubicin versus docetaxel plus capecitabine as first-line treatment in women with advanced breast cancer. Ann Oncol 2010;21:48-54.",http://www.ncbi.nlm.nih.gov/pubmed/19906761,"For first-line capecitabine/docetaxel, a phase III trial reported an ORR of 53% and time to progression of 11 months."
642,28724667,,2017,"systemic therapy, advanced/metastatic","Recurrent/Stage IV Breast Cancer > Endocrine-based Therapy for HR-Positive, HER2-Postive Breast Cancer > Therapy for Germline BRCA1/2 Pathogenic Variants",,1,210,"Sun J, Meng H, Yao L, et al. Germline Mutations in Cancer Susceptibility Genes in a Large Series of Unselected Breast Cancer Patients. Clin Cancer Res 2017;23:6113-6119.",https://www.ncbi.nlm.nih.gov/pubmed/28724667,"Therapy for Germline BRCA1/2 Pathogenic Variants About 5% of all patients with breast cancer carry the germline breast cancer susceptibility gene (BRCA) pathogenic variants (PVs), and rates of these mutations are higher among those with HER2-negative disease."
643,28578601,,2017,"systemic therapy, advanced/metastatic","Recurrent/Stage IV Breast Cancer > Endocrine-based Therapy for HR-Positive, HER2-Postive Breast Cancer > Therapy for Germline BRCA1/2 Pathogenic Variants",PARP Inhibitors:,2,210,"Robson M, Im SA, Senkus E, et al. Olaparib for Metastatic Breast Cancer in Patients with a Germline BRCA Mutation. N Engl J Med 2017;377:523-533.",https://www.ncbi.nlm.nih.gov/pubmed/28578601,"PARP Inhibitors:The phase III OlympiAD trial randomized patients (n = 302) with metastatic breast cancer harboring the germline BRCA PV to the PARP inhibitor, olaparib (n = 205) or physician's choice (n = 97) of non-platinum chemotherapy (capecitabine, eribulin, or vinorelbine)."
644,30689707,,2019,"systemic therapy, advanced/metastatic","Recurrent/Stage IV Breast Cancer > Endocrine-based Therapy for HR-Positive, HER2-Postive Breast Cancer > Therapy for Germline BRCA1/2 Pathogenic Variants",PARP Inhibitors:,2,210,"Robson ME, Tung N, Conte P, et al. OlympiAD final overall survival and tolerability results: Olaparib versus chemotherapy treatment of physician's choice in patients with a germline BRCA mutation and HER2- negative metastatic breast cancer. Ann Oncol 2019;30:558-566.",https://www.ncbi.nlm.nih.gov/pubmed/30689707,"The median OS with olaparib compared with treatment of physician's choice was 19.3 months versus 17.1 months, respectively (HR, 0.90; 95% CI, 0.66- 1.23; P = .513)."
645,30110579,,2018,"systemic therapy, advanced/metastatic","Recurrent/Stage IV Breast Cancer > Endocrine-based Therapy for HR-Positive, HER2-Postive Breast Cancer > Therapy for Germline BRCA1/2 Pathogenic Variants",PARP Inhibitors:,2,210,"Litton JK, Rugo HS, Ettl J, et al. Talazoparib in patients with advanced breast cancer and a germline BRCA mutation. N Engl J Med 2018;379:753-763.",https://www.ncbi.nlm.nih.gov/pubmed/30110579,"The phase III EMBRACA trial of patients with advanced breast cancer harboring the germline BRCA PVs and no prior exposure to a PARP inhibitor, were randomized to talazoparib (n = 287) or to physician's choice of single-agent chemotherapy (n = 144)."
646,29713086,,2018,"systemic therapy, advanced/metastatic","Recurrent/Stage IV Breast Cancer > Endocrine-based Therapy for HR-Positive, HER2-Postive Breast Cancer > Therapy for Germline BRCA1/2 Pathogenic Variants",Platinum therapies:,2,211,"Tutt A, Tovey H, Cheang MCU, et al. Carboplatin in BRCA1/2- mutated and triple-negative breast cancer BRCAness subgroups: the TNT Trial. Nat Med 2018;24:628-637.",https://www.ncbi.nlm.nih.gov/pubmed/29713086,"In the unselected population, carboplatin was not more active than docetaxel (ORR, 31.4% vs 34.0%; P = .66)."
647,33119476,,2020,"systemic therapy, advanced/metastatic","Recurrent/Stage IV Breast Cancer > Endocrine-based Therapy for HR-Positive, HER2-Postive Breast Cancer > Additional Targeted Therapies",Platinum therapies:,4,"211,213","Tung NM, Robson ME, Ventz S, et al. TBCRC 048: Phase II Study of Olaparib for Metastatic Breast Cancer and Mutations in Homologous Recombination-Related Genes. J Clin Oncol 2020;38:4274-4282.",https://www.ncbi.nlm.nih.gov/pubmed/33119476,"Therapy for Germline PALB2 Pathogenic Variants The PARP inhibitor, olaparib has shown activity among patients with germline PALB2 PV and somatic BRCA 1/2 PVs in a phase II study."
648,41604601,,2026,"systemic therapy, advanced/metastatic","Recurrent/Stage IV Breast Cancer > Endocrine-based Therapy for HR-Positive, HER2-Postive Breast Cancer > Therapy for Germline PALB2 Pathogenic Variants",Platinum therapies:,2,211,"Tung NM, Robson ME, Li T, et al. TBCRC 048 (Olaparib Expanded) Expansion Cohorts: Phase II Study of Olaparib Monotherapy for Patients With Metastatic Breast Cancer With Germline Mutations in PALB2 or Somatic Mutations in BRCA1 or BRCA2. J Clin Oncol 2026;44:653-661.",https://www.ncbi.nlm.nih.gov/pubmed/41604601,"Therapy for Germline PALB2 Pathogenic Variants The PARP inhibitor, olaparib has shown activity among patients with germline PALB2 PV and somatic BRCA 1/2 PVs in a phase II study."
649,35860155,,2022,"systemic therapy, advanced/metastatic","Recurrent/Stage IV Breast Cancer > Endocrine-based Therapy for HR-Positive, HER2-Postive Breast Cancer > Additional Targeted Therapies",Platinum therapies:,1,211,"Manea CA, Badiu DC, Ploscaru IC, et al. A review of NTRK fusions in cancer. Ann Med Surg (Lond) 2022;79:103893.",https://www.ncbi.nlm.nih.gov/pubmed/35860155,"Additional Targeted Therapies NTRK gene fusions are seen in a few rare types of cancer, such as secretory carcinoma of the breast or salivary gland and infantile fibrosarcoma and also infrequently in some common cancers, such as melanoma, glioma, and carcinomas of the thyroid, lung, and colon."
650,29466156,,2018,"systemic therapy, advanced/metastatic","Recurrent/Stage IV Breast Cancer > Endocrine-based Therapy for HR-Positive, HER2-Postive Breast Cancer > Additional Targeted Therapies",,1,211,"Drilon A, Laetsch TW, Kummar S, et al. Efficacy of larotrectinib in TRK fusion-positive cancers in adults and children. N Engl J Med 2018;378:731-739.",https://www.ncbi.nlm.nih.gov/pubmed/29466156,"NTRK fusions are identified by fluorescence in situ hybridization (FISH), next-generation sequencing (NGS), or polymerase chain reaction (PCR). Larotrectinib"
651,,10.1093/annonc/mdy483,2018,"systemic therapy, advanced/metastatic","Recurrent/Stage IV Breast Cancer > Endocrine-based Therapy for HR-Positive, HER2-Postive Breast Cancer > Additional Targeted Therapies",,1,211,"Demetri GD, Paz-Ares L, Farago AF, et al. Efficacy and safety of entrectinib in patients with NTRK fusion-positive tumours: Pooled analysis of STARTRK-2, STARTRK-1, and ALKA-372-001. Annals of Oncology 2018;29:ix175.",https://doi.org/10.1093/annonc/mdy483.003,Larotrectinib and entrectinib
652,,,2026,"systemic therapy, advanced/metastatic","Recurrent/Stage IV Breast Cancer > Endocrine-based Therapy for HR-Positive, HER2-Postive Breast Cancer > Additional Targeted Therapies",,1,211,"Besse B, Lin JJ, Bazhenova L, et al. Repotrectinib in NTRK fusion- positive advanced solid tumors: a phase 1/2 trial. Nat Med 2026;32:682- 689.",,Larotrectinib and entrectinib and repotrectinib
653,,10.1158/1078-0432,2019,"systemic therapy, advanced/metastatic","Recurrent/Stage IV Breast Cancer > Endocrine-based Therapy for HR-Positive, HER2-Postive Breast Cancer > Additional Targeted Therapies",,1,211,"Marcus L, Lemery SJ, Keegan P, Pazdur R. FDA Approval Summary: Pembrolizumab for the Treatment of Microsatellite Instability- High Solid Tumors. Clinical Cancer Research 2019;25:3753-3758.",https://doi.org/10.1158/1078-0432.CCR-18-4070,"Pembrolizumab is FDA-approved for the treatment of patients with unresectable or metastatic, microsatellite instability-high (MSI-H) or mismatch repair deficient (dMMR) solid tumors that have progressed following prior treatment and who have no satisfactory alternative treatment options."
654,33844595,,2021,"systemic therapy, advanced/metastatic","Recurrent/Stage IV Breast Cancer > Endocrine-based Therapy for HR-Positive, HER2-Postive Breast Cancer > Additional Targeted Therapies",,1,211,"Alva AS, Mangat PK, Garrett-Mayer E, et al. Pembrolizumab in Patients With Metastatic Breast Cancer With High Tumor Mutational Burden: Results From the Targeted Agent and Profiling Utilization Registry (TAPUR) Study. J Clin Oncol 2021;39:2443-2451.",https://www.ncbi.nlm.nih.gov/pubmed/33844595,Pembrolizumab has demonstrated anti-tumor activity in heavily pretreated patients with metastatic breast cancer and high tumor mutational burden (≥9 mutations/megabase) determined by commercially available tests.
655,,10.1001/jamanetworkopen,2023,"systemic therapy, advanced/metastatic","Recurrent/Stage IV Breast Cancer > Endocrine-based Therapy for HR-Positive, HER2-Postive Breast Cancer > Additional Targeted Therapies",,3,212,"André T, Berton D, Curigliano G, et al. Antitumor activity and safety of dostarlimab monotherapy in patients with mismatch repair deficient solid tumors: A nonrandomized controlled trial. JAMA Network Open 2023;6:e2341165-e2341165.",https://doi.org/10.1001/jamanetworkopen.2023.41165,"In an open-label phase I trial (GARNET), patients (n = 327) with advanced or recurrent dMMR and MSI-H or polymerase epsilon-(POLE) altered solid tumors were treated with dostarlimab-gxly."
656,,,2022,"systemic therapy, advanced/metastatic","Recurrent/Stage IV Breast Cancer > Endocrine-based Therapy for HR-Positive, HER2-Postive Breast Cancer > Additional Targeted Therapies",,1,212,"Subbiah V, Wolf J, Konda B, et al. Tumour-agnostic efficacy and safety of selpercatinib in patients with RET fusion-positive solid tumours other than lung or thyroid tumours (LIBRETTO-001): a phase 1/2, open- label, basket trial. Lancet Oncol 2022;23:1261-1273.",,"It is FDA approved for medullary thyroid cancer with RET mutations, RET-rearranged non- small cell lung cancer and other RET-positive solid tumors."
657,,,2023,"systemic therapy, advanced/metastatic","Recurrent/Stage IV Breast Cancer > Endocrine-based Therapy for HR-Positive, HER2-Postive Breast Cancer > Additional Targeted Therapies",,1,212,"Duke ES, Bradford D, Marcovitz M, et al. FDA Approval Summary: Selpercatinib for the Treatment of Advanced RET Fusion-Positive Solid Tumors. Clin Cancer Res 2023;29:3573-3578.",,"It is FDA approved for medullary thyroid cancer with RET mutations, RET-rearranged non- small cell lung cancer and other RET-positive solid tumors."
658,37597578,,2023,"systemic therapy, advanced/metastatic","Recurrent/Stage IV Breast Cancer > Endocrine-based Therapy for HR-Positive, HER2-Postive Breast Cancer > Additional Targeted Therapies",,3,"212,213","Jhaveri K, Eli LD, Wildiers H, et al. Neratinib + fulvestrant + trastuzumab for HR-positive, HER2-negative, HER2-mutant metastatic breast cancer: outcomes and biomarker analysis from the SUMMIT trial. Ann Oncol 2023;34:885-898.",https://www.ncbi.nlm.nih.gov/pubmed/37597578,"In the SUMMIT basket study, patients (n = 71) with HER2-mutant metastatic breast cancer received neratinib alone, or neratinib + fulvestrant, or neratinib/fulvestrant + trastuzumab."
659,39825152,,2025,"systemic therapy, advanced/metastatic","Recurrent/Stage IV Breast Cancer > Endocrine-based Therapy for HR-Positive, HER2-Postive Breast Cancer > Additional Targeted Therapies",,4,"212,213","Okines AFC, Curigliano G, Mizuno N, et al. Tucatinib and trastuzumab in HER2-mutated metastatic breast cancer: a phase 2 basket trial. Nat Med 2025;31:909-916.",https://www.ncbi.nlm.nih.gov/pubmed/39825152,Phase II open-label basket trial (SGNTUC-019) evaluated tucatinib + trastuzumab in patients with HER2-altered solid tumors.
660,35046057,,2022,"systemic therapy, advanced/metastatic","Recurrent/Stage IV Breast Cancer > Endocrine-based Therapy for HR-Positive, HER2-Postive Breast Cancer > Additional Targeted Therapies",,3,"212,213","Ma CX, Luo J, Freedman RA, et al. The phase II mutHER study of neratinib alone and in combination with fulvestrant in HER2-mutated, non-amplified metastatic breast cancer. Clin Cancer Res 2022;28:1258- 1267.",https://www.ncbi.nlm.nih.gov/pubmed/35046057,Another single-arm multi-cohort phase II trial evaluated the efficacy of neratinib + fulvestrant in patients with ER-positive/HER2 mutated (not HER2-overexpressed) metastatic breast cancer previously treated with fulvestrant (n = 24) and also those with no previous fulvestrant therapy (n = 11).
661,37541273,,2023,"systemic therapy, advanced/metastatic","Recurrent/Stage IV Breast Cancer > Endocrine-based Therapy for HR-Positive, HER2-Postive Breast Cancer > Additional Targeted Therapies",,3,213,"Pant S, Schuler M, Iyer G, et al. Erdafitinib in patients with advanced solid tumours with FGFR alterations (RAGNAR): an international, single-arm, phase 2 study. Lancet Oncol 2023;24:925-935.",https://www.ncbi.nlm.nih.gov/pubmed/37541273,"A single-arm, tumor agnostic phase 2 study (RAGNAR) of patients (n = 217) with solid tumors with FGFR1-4 alterations and no available alternative standard therapy, evaluated the efficacy of erdafitinib until disease progression or intolerable toxicity."
662,19097774,,2009,surveillance / monitoring,Recurrent/Stage IV Breast Cancer > Monitoring Metastatic Disease,,1,214,"Eisenhauer EA, Therasse P, Bogaerts J, et al. New response evaluation criteria in solid tumours: revised RECIST guideline (version 1.1). Eur J Cancer 2009;45:228-247.",http://www.ncbi.nlm.nih.gov/pubmed/19097774,"The NCCN Panel recommends using widely accepted criteria for reporting response, stability, and progression of disease such as the RECIST criteria"
663,7459811,,1981,surveillance / monitoring,Recurrent/Stage IV Breast Cancer > Monitoring Metastatic Disease,,1,214,"Miller AB, Hoogstraten B, Staquet M, Winkler A. Reporting results of cancer treatment. Cancer 1981;47:207-214.",http://www.ncbi.nlm.nih.gov/pubmed/7459811,"The NCCN Panel recommends using widely accepted criteria for reporting response, stability, and progression of disease such as the RECIST criteria and the WHO criteria."
664,24888818,,2014,surveillance / monitoring,Recurrent/Stage IV Breast Cancer > Monitoring Metastatic Disease,,3,214,"Smerage JB, Barlow WE, Hortobagyi GN, et al. Circulating tumor cells and response to chemotherapy in metastatic breast cancer: SWOG S0500. J Clin Oncol 2014;32:3483-3489.",http://www.ncbi.nlm.nih.gov/pubmed/24888818,Patients with persistently increased CTC after 3 weeks of first-line chemotherapy have a poor PFS and OS.
665,11237774,,2001,special situations,Special Situations > Paget Disease,,1,215,"Sakorafas GH, Blanchard K, Sarr MG, Farley DR. Paget's disease of the breast. Cancer Treat Rev 2001;27:9-18.",http://www.ncbi.nlm.nih.gov/pubmed/11237774,Special Situations Paget Disease Paget disease of the breast is a rare manifestation of breast cancer characterized by neoplastic cells in the epidermis of the NAC.
666,9704964,,1998,special situations,Special Situations > Paget Disease,,1,215,"Kollmorgen DR, Varanasi JS, Edge SB, Carson WE. Paget's disease of the breast: a 33-year experience. J Am Coll Surg 1998;187:171-177.",http://www.ncbi.nlm.nih.gov/pubmed/9704964,There is an associated cancer elsewhere in the breast in up to about 80% to 90% of cases.
667,14990209,,2004,special situations,Special Situations > Paget Disease,,2,215,Marcus E. The management of Paget's disease of the breast. Curr Treat Options Oncol 2004;5:153-160.,http://www.ncbi.nlm.nih.gov/pubmed/14990209,There is an associated cancer elsewhere in the breast in up to about 80% to 90% of cases.
668,18222386,,2008,special situations,Special Situations > Paget Disease,,2,215,"Morrogh M, Morris EA, Liberman L, et al. MRI identifies otherwise occult disease in select patients with Paget disease of the nipple. J Am Coll Surg 2008;206:316-321.",http://www.ncbi.nlm.nih.gov/pubmed/18222386,There is an associated cancer elsewhere in the breast in up to about 80% to 90% of cases.
669,15905723,,2005,special situations,Special Situations > Paget Disease,,1,215,"Frei KA, Bonel HM, Pelte M-F, et al. Paget disease of the breast: findings at magnetic resonance imaging and histopathologic correlation. Invest Radiol 2005;40:363-367.",http://www.ncbi.nlm.nih.gov/pubmed/15905723,"When biopsy of the NAC is positive for Paget disease, breast MRI is recommended to define the extent of disease and identify additional disease."
670,11169928,,2001,special situations,Special Situations > Paget Disease,,1,215,"Bijker N, Rutgers EJ, Duchateau L, et al. Breast-conserving therapy for Paget disease of the nipple: a prospective European Organization for Research and Treatment of Cancer study of 61 patients. Cancer 2001;91:472-477.",http://www.ncbi.nlm.nih.gov/pubmed/11169928,Data demonstrate that satisfactory local control may be achieved with BCS including the excision with negative margins of any underlying breast cancer along with resection of the NAC followed by WBRT.
671,15915373,,2005,special situations,Special Situations > Paget Disease,,1,215,"Kawase K, Dimaio DJ, Tucker SL, et al. Paget's disease of the breast: there is a role for breast-conserving therapy. Ann Surg Oncol 2005;12:391-397.",http://www.ncbi.nlm.nih.gov/pubmed/15915373,Data demonstrate that satisfactory local control may be achieved with BCS including the excision with negative margins of any underlying breast cancer along with resection of the NAC followed by WBRT.
672,12712465,,2003,special situations,Special Situations > Paget Disease,,1,215,"Marshall JK, Griffith KA, Haffty BG, et al. Conservative management of Paget disease of the breast with radiotherapy: 10- and 15-year results. Cancer 2003;97:2142-2149.",http://www.ncbi.nlm.nih.gov/pubmed/12712465,Data demonstrate that satisfactory local control may be achieved with BCS including the excision with negative margins of any underlying breast cancer along with resection of the NAC followed by WBRT.
673,9305706,,1997,special situations,Special Situations > Paget Disease,,1,215,"Pierce LJ, Haffty BG, Solin LJ, et al. The conservative management of Paget's disease of the breast with radiotherapy. Cancer 1997;80:1065-1072.",http://www.ncbi.nlm.nih.gov/pubmed/9305706,Data demonstrate that satisfactory local control may be achieved with BCS including the excision with negative margins of any underlying breast cancer along with resection of the NAC followed by WBRT.
674,14731439,,1999,special situations,Special Situations > Paget Disease,,1,215,"Singh A, Sutton RJ, Baker CB, Sacks NP. Is mastectomy overtreatment for Paget's disease of the nipple? Breast 1999;8:191-194.",http://www.ncbi.nlm.nih.gov/pubmed/14731439,Data demonstrate that satisfactory local control may be achieved with BCS including the excision with negative margins of any underlying breast cancer along with resection of the NAC followed by WBRT.
675,16978954,,2006,special situations,Special Situations > Paget Disease,,1,215,"Laronga C, Hasson D, Hoover S, et al. Paget's disease in the era of sentinel lymph node biopsy. Am J Surg 2006;192:481-483.",http://www.ncbi.nlm.nih.gov/pubmed/16978954,Two retrospective studies have provided evidence for a high degree of accuracy in the identification of the sentinel node(s) in patients with Paget disease.
676,17195914,,2007,special situations,Special Situations > Paget Disease,,1,215,"Sukumvanich P, Bentrem DJ, Cody HS, et al. The role of sentinel lymph node biopsy in Paget's disease of the breast. Ann Surg Oncol 2007;14:1020-1023.",http://www.ncbi.nlm.nih.gov/pubmed/17195914,Two retrospective studies have provided evidence for a high degree of accuracy in the identification of the sentinel node(s) in patients with Paget disease.
677,17439760,,2007,special situations,Special Situations > Phyllodes Tumors of the Breast,,1,217,"Telli ML, Horst KC, Guardino AE, et al. Phyllodes tumors of the breast: natural history, diagnosis, and treatment. J Natl Compr Canc Netw 2007;5:324-330.",http://www.ncbi.nlm.nih.gov/pubmed/17439760,"Phyllodes Tumors of the Breast (also known as phyllodes tumors, cystosarcoma phyllodes) Phyllodes tumors of the breast are rare tumors comprised of both stromal and epithelial elements."
678,,,2004,special situations,Special Situations > Phyllodes Tumors of the Breast,,1,217,"Anderson BO, Lawton TJ, Lehman CD, Moe RE. Phyllodes tumors. In: Harris JR, Lippman ME, Morrow M, Osborne CK, eds. Diseases of the Breast (ed 3rd). Philadelphia: Lippincott Williams & Wilkins; 2004.",,"Phyllodes tumors exist in benign, borderline, and malignant subtypes, although there is not uniform agreement on the criteria for assigning subtype or for predicting biological behavior."
679,2541890,,1989,special situations,Special Situations > Phyllodes Tumors of the Breast,,2,217,"Salvadori B, Cusumano F, Del Bo R, et al. Surgical treatment of phyllodes tumors of the breast. Cancer 1989;63:2532-2536.",http://www.ncbi.nlm.nih.gov/pubmed/2541890,"Phyllodes tumors occur in an older age distribution than fibroadenoma, a younger age distribution than the invasive ductal and lobular cancers, and with a mean age of 40 years."
680,11498785,,2001,special situations,Special Situations > Phyllodes Tumors of the Breast,,1,217,"Birch JM, Alston RD, McNally RJ, et al. Relative frequency and morphology of cancers in carriers of germline TP53 mutations. Oncogene 2001;20:4621-4628.",http://www.ncbi.nlm.nih.gov/pubmed/11498785,"Patients with Li-Fraumeni syndrome (germline TP53 mutation, see NCCN Guidelines for Genetic/Familial High Risk Assessment: Breast, Ovarian, and Pancreatic) have an increased risk for phyllodes tumors."
681,11013364,,2000,special situations,Special Situations > Phyllodes Tumors of the Breast,,1,217,"Chaney AW, Pollack A, McNeese MD, et al. Primary treatment of cystosarcoma phyllodes of the breast. Cancer 2000;89:1502-1511.",http://www.ncbi.nlm.nih.gov/pubmed/11013364,Total mastectomy is necessary only if negative margins cannot be obtained by lumpectomy or partial mastectomy.
682,10323420,,1999,special situations,Special Situations > Phyllodes Tumors of the Breast,,1,217,"Mangi AA, Smith BL, Gadd MA, et al. Surgical management of phyllodes tumors. Arch Surg 1999;134:487-492.",http://www.ncbi.nlm.nih.gov/pubmed/10323420,"Since phyllodes tumors rarely metastasize to the ALNs, surgical axillary staging or ALND is not necessary unless the lymph nodes are pathologic on clinical examination."
683,11843853,,2001,special situations,Special Situations > Phyllodes Tumors of the Breast,,1,217,"Pandey M, Mathew A, Kattoor J, et al. Malignant phyllodes tumor. Breast J 2001;7:411-416.",http://www.ncbi.nlm.nih.gov/pubmed/11843853,"Some Panel members recommend local RT of the remaining breast or chest wall following resection of a local recurrence, but this recommendation is controversial (category 2B)."
684,12375638,,2002,special situations,Special Situations > Phyllodes Tumors of the Breast,,1,217,"Tse GMK, Lee CS, Kung FYL, et al. Hormonal receptors expression in epithelial cells of mammary phyllodes tumors correlates with pathologic grade of the tumor: a multicenter study of 143 cases. Am J Clin Pathol 2002;118:522-526.",http://www.ncbi.nlm.nih.gov/pubmed/12375638,"While the epithelial component of most phyllodes tumors contains ER (58%) and/or PR (75%),"
685,11408874,,1992,special situations,Special Situations > Breast Cancer During Pregnancy,,1,218,"Smith LH, Dalrymple JL, Leiserowitz GS, et al. Obstetrical deliveries associated with maternal malignancy in California, 1992 through 1997. Am J Obstet Gynecol 2001;184:1504-1512.",http://www.ncbi.nlm.nih.gov/pubmed/11408874,"In a California registry study, there were 1.3 breast cancers diagnosed per 10,000 live births."
686,11271981,,2001,special situations,Special Situations > Breast Cancer During Pregnancy,,2,"218,219","Gwyn K, Theriault R. Breast cancer during pregnancy. Oncology (Williston Park) 2001;15:39-46.",http://www.ncbi.nlm.nih.gov/pubmed/11271981,"Histologically the tumors are poorly differentiated, are more frequently ER/PR-negative, and approximately 30% are HER2-positive."
687,12942575,,2003,special situations,Special Situations > Breast Cancer During Pregnancy,,1,218,"Middleton LP, Amin M, Gwyn K, et al. Breast carcinoma in pregnant women: assessment of clinicopathologic and immunohistochemical features. Cancer 2003;98:1055-1060.",http://www.ncbi.nlm.nih.gov/pubmed/12942575,"Histologically the tumors are poorly differentiated, are more frequently ER/PR-negative, and approximately 30% are HER2-positive."
688,16484353,,2006,special situations,Special Situations > Breast Cancer During Pregnancy,,2,218,"Yang WT, Dryden MJ, Gwyn K, et al. Imaging of breast cancer diagnosed and treated with chemotherapy during pregnancy. Radiology 2006;239:52-60.",http://www.ncbi.nlm.nih.gov/pubmed/16484353,Mammogram of the breast with shielding can be done safely and the accuracy is reported to be >80%.
689,11812971,,2002,special situations,Special Situations > Breast Cancer During Pregnancy,,2,218,"Kuerer HM, Gwyn K, Ames FC, Theriault RL. Conservative surgery and chemotherapy for breast carcinoma during pregnancy. Surgery 2002;131:108-110.",http://www.ncbi.nlm.nih.gov/pubmed/11812971,"However, BCS is possible if RT can be delayed to the postpartum period,"
690,16113569,,2005,special situations,Special Situations > Breast Cancer During Pregnancy,,1,218,"Annane K, Bellocq JP, Brettes JP, Mathelin C. Infiltrative breast cancer during pregnancy and conservative surgery. Fetal Diagn Ther 2005;20:442-444.",http://www.ncbi.nlm.nih.gov/pubmed/16113569,"However, BCS is possible if RT can be delayed to the postpartum period, and breast-conserving therapy during pregnancy does not appear to have a negative impact on survival."
691,18476883,,2008,special situations,Special Situations > Breast Cancer During Pregnancy,,1,218,"Khera SY, Kiluk JV, Hasson DM, et al. Pregnancy-associated breast cancer patients can safely undergo lymphatic mapping. Breast J 2008;14:250-254.",http://www.ncbi.nlm.nih.gov/pubmed/18476883,"Although there are a limited number of isolated case reports and small retrospective studies evaluating use of SLNB in pregnant patients,"
692,17066225,,2007,special situations,Special Situations > Breast Cancer During Pregnancy,,1,218,"Mondi MM, Cuenca RE, Ollila DW, et al. Sentinel lymph node biopsy during pregnancy: initial clinical experience. Ann Surg Oncol 2007;14:218-221.",http://www.ncbi.nlm.nih.gov/pubmed/17066225,"Although there are a limited number of isolated case reports and small retrospective studies evaluating use of SLNB in pregnant patients,"
693,17261174,,2007,special situations,Special Situations > Breast Cancer During Pregnancy,,1,218,"Filippakis GM, Zografos G. Contraindications of sentinel lymph node biopsy: are there any really? World J Surg Oncol 2007;5:10.",http://www.ncbi.nlm.nih.gov/pubmed/17261174,A review of the relative and absolute contraindications to sentinel node biopsy concluded that sentinel node biopsy should not be offered to pregnant patients <30 weeks gestation.
694,15319240,,2004,special situations,Special Situations > Breast Cancer During Pregnancy,,1,218,"Gentilini O, Cremonesi M, Trifiro G, et al. Safety of sentinel node biopsy in pregnant patients with breast cancer. Ann Oncol 2004;15:1348-1351.",http://www.ncbi.nlm.nih.gov/pubmed/15319240,"There are limited data with only case reports and estimations of fetal radiation dose regarding use of radioactive tracer (eg, technetium 99m sulfur colloid)."
695,15569204,,2004,special situations,Special Situations > Breast Cancer During Pregnancy,,1,218,"Keleher A, Wendt R, Delpassand E, et al. The safety of lymphatic mapping in pregnant breast cancer patients using Tc-99m sulfur colloid. Breast J 2004;10:492-495.",http://www.ncbi.nlm.nih.gov/pubmed/15569204,"There are limited data with only case reports and estimations of fetal radiation dose regarding use of radioactive tracer (eg, technetium 99m sulfur colloid)."
696,16818956,,2006,special situations,Special Situations > Breast Cancer During Pregnancy,,1,218,"Pandit-Taskar N, Dauer LT, Montgomery L, et al. Organ and fetal absorbed dose estimates from 99mTc-sulfur colloid lymphoscintigraphy and sentinel node localization in breast cancer patients. J Nucl Med 2006;47:1202-1208.",http://www.ncbi.nlm.nih.gov/pubmed/16818956,"There are limited data with only case reports and estimations of fetal radiation dose regarding use of radioactive tracer (eg, technetium 99m sulfur colloid)."
697,14679135,,2004,special situations,Special Situations > Breast Cancer During Pregnancy,,1,219,"Germann N, Goffinet F, Goldwasser F. Anthracyclines during pregnancy: embryo-fetal outcome in 160 patients. Ann Oncol 2004;15:146-150.",http://www.ncbi.nlm.nih.gov/pubmed/14679135,The largest experience in pregnancy has been with anthracycline and alkylating agent chemotherapy.
698,,,2005,special situations,Special Situations > Breast Cancer During Pregnancy,,3,219,"Johnson PH, Gwyn K, Gordon N, et al. The treatment of pregnant women with breast cancer and the outcomes of the children exposed to chemotherapy in utero [abstract]. J Clin Oncol 2005;23(Suppl):Abstract 540.",http://meeting.ascopubs.org/cgi/content/abstract/23/16_suppl/540,The largest experience in pregnancy has been with anthracycline and alkylating agent chemotherapy.
699,2678485,,1989,special situations,Special Situations > Breast Cancer During Pregnancy,,1,219,"Doll DC, Ringenberg QS, Yarbro JW. Antineoplastic agents and pregnancy. Semin Oncol 1989;16:337-346.",http://www.ncbi.nlm.nih.gov/pubmed/2678485,Collected data of chemotherapy exposure in utero indicate that the first trimester has the greatest risk of fetal malformation.
700,9336023,,1997,special situations,Special Situations > Breast Cancer During Pregnancy,,1,219,"Ebert U, Loffler H, Kirch W. Cytotoxic therapy and pregnancy. Pharmacol Ther 1997;74:207-220.",http://www.ncbi.nlm.nih.gov/pubmed/9336023,Collected data of chemotherapy exposure in utero indicate that the first trimester has the greatest risk of fetal malformation.
701,16894524,,2006,special situations,Special Situations > Breast Cancer During Pregnancy,,1,219,"Hahn KME, Johnson PH, Gordon N, et al. Treatment of pregnant breast cancer patients and outcomes of children exposed to chemotherapy in utero. Cancer 2006;107:1219-1226.",http://www.ncbi.nlm.nih.gov/pubmed/16894524,The children are reported to be healthy and progressing well in school.
702,16523825,,2006,special situations,Special Situations > Breast Cancer During Pregnancy,,1,219,"Gainford MC, Clemons M. Breast cancer in pregnancy: are taxanes safe? Clinical Oncol (R Coll Radiol) 2006;18:159.",http://www.ncbi.nlm.nih.gov/pubmed/16523825,There are limited data on the use of taxanes during pregnancy.
703,18550321,,2009,special situations,Special Situations > Breast Cancer During Pregnancy,,1,219,"Garcia-Manero M, Royo MP, Espinos J, et al. Pregnancy associated breast cancer. Eur J Surg Oncol 2009;35:215-218.",http://www.ncbi.nlm.nih.gov/pubmed/18550321,There are limited data on the use of taxanes during pregnancy.
704,15507181,,2004,special situations,Special Situations > Breast Cancer During Pregnancy,,1,219,"Gonzalez-Angulo AM, Walters RS, Carpenter RJ, et al. Paclitaxel chemotherapy in a pregnant patient with bilateral breast cancer. Clin Breast Cancer 2004;5:317-319.",http://www.ncbi.nlm.nih.gov/pubmed/15507181,There are limited data on the use of taxanes during pregnancy.
705,17921242,,2008,special situations,Special Situations > Breast Cancer During Pregnancy,,1,219,"Mir O, Berveiller P, Ropert S, et al. Emerging therapeutic options for breast cancer chemotherapy during pregnancy. Ann Oncol 2008;19:607- 613.",http://www.ncbi.nlm.nih.gov/pubmed/17921242,There are limited data on the use of taxanes during pregnancy.
706,17196514,,2007,special situations,Special Situations > Breast Cancer During Pregnancy,,1,219,"Bader AA, Schlembach D, Tamussino KF, et al. Anhydramnios associated with administration of trastuzumab and paclitaxel for metastatic breast cancer during pregnancy. Lancet Oncol 2007;8:79-81.",http://www.ncbi.nlm.nih.gov/pubmed/17196514,
707,16277887,,2005,special situations,Special Situations > Breast Cancer During Pregnancy,,1,219,"Fanale MA, Uyei AR, Theriault RL, et al. Treatment of metastatic breast cancer with trastuzumab and vinorelbine during pregnancy. Clin Breast Cancer 2005;6:354-356.",http://www.ncbi.nlm.nih.gov/pubmed/16277887,
708,18349415,,2008,special situations,Special Situations > Breast Cancer During Pregnancy,,1,219,"Pant S, Landon MB, Blumenfeld M, et al. Treatment of breast cancer with trastuzumab during pregnancy. J Clin Oncol 2008;26:1567- 1569.",http://www.ncbi.nlm.nih.gov/pubmed/18349415,
709,17666645,,2007,special situations,Special Situations > Breast Cancer During Pregnancy,,1,219,"Sekar R, Stone PR. Trastuzumab use for metastatic breast cancer in pregnancy. Obstet Gynecol 2007;110:507-510.",http://www.ncbi.nlm.nih.gov/pubmed/17666645,
710,17399946,,2007,special situations,Special Situations > Breast Cancer During Pregnancy,,1,219,"Shrim A, Garcia-Bournissen F, Maxwell C, et al. Favorable pregnancy outcome following Trastuzumab (Herceptin) use during pregnancy--Case report and updated literature review. Reprod Toxicol 2007;23:611-613.",http://www.ncbi.nlm.nih.gov/pubmed/17399946,
711,16401684,,2006,special situations,Special Situations > Breast Cancer During Pregnancy,,1,219,"Waterston AM, Graham J. Effect of adjuvant trastuzumab on pregnancy. J Clin Oncol 2006;24:321-322.",http://www.ncbi.nlm.nih.gov/pubmed/16401684,
712,15738038,,2005,special situations,Special Situations > Breast Cancer During Pregnancy,,1,219,Watson WJ. Herceptin (trastuzumab) therapy during pregnancy: association with reversible anhydramnios. Obstet Gynecol 2005;105:642-643.,http://www.ncbi.nlm.nih.gov/pubmed/15738038,
713,18084047,,2008,special situations,Special Situations > Breast Cancer During Pregnancy,,1,219,"Witzel ID, Müller V, Harps E, et al. Trastuzumab in pregnancy associated with poor fetal outcome. Ann Oncol 2008;19:191-192.",http://www.ncbi.nlm.nih.gov/pubmed/18084047,
714,17092403,,2006,special situations,Special Situations > Breast Cancer During Pregnancy,,1,219,"Kelly H, Graham M, Humes E, et al. Delivery of a healthy baby after first-trimester maternal exposure to lapatinib. Clin Breast Cancer 2006;7:339-341.",http://www.ncbi.nlm.nih.gov/pubmed/17092403,A single case report of first-trimester exposure to lapatinib during treatment for breast cancer reported an uncomplicated delivery of a healthy female neonate.
715,17564325,,2007,special situations,Special Situations > Inflammatory Breast Cancer,,2,"220,221","Dawood, S, Cristofanilli M. What progress have we made in managing inflammatory breast cancer? Oncology 2007;21:673-679.",http://www.ncbi.nlm.nih.gov/pubmed/17564325,"Inflammatory Breast Cancer IBC is a rare, aggressive form of breast cancer estimated to account for 1% to 6% of breast cancer cases in the United States."
716,1588366,,1992,special situations,Special Situations > Inflammatory Breast Cancer,,1,220,"Jaiyesimi IA, Buzdar AU, Hortobagyi G. Inflammatory breast cancer: a review. J Clin Oncol 1992;10:1014-1024.",http://www.ncbi.nlm.nih.gov/pubmed/1588366,"Inflammatory Breast Cancer IBC is a rare, aggressive form of breast cancer estimated to account for 1% to 6% of breast cancer cases in the United States."
717,15781628,,2005,special situations,Special Situations > Inflammatory Breast Cancer,,1,220,"Bertucci F, Finetti P, Rougemont J, et al. Gene expression profiling identifies molecular subtypes of inflammatory breast cancer. Cancer Res 2005;65:2170-2178.",http://www.ncbi.nlm.nih.gov/pubmed/15781628,"Studies on gene expression profiling of IBC have demonstrated that all the subtypes of IBC exist, but basal and HER2 overexpressed are more frequent."
718,16261404,,2006,special situations,Special Situations > Inflammatory Breast Cancer,,1,220,"Van Laere SJ, Van den Eynden GG, Van der Auwera I, et al. Identification of cell-of-origin breast tumor subtypes in inflammatory breast cancer by gene expression profiling. Breast Cancer Res Treat 2006;95:243-255.",http://www.ncbi.nlm.nih.gov/pubmed/16261404,"Studies on gene expression profiling of IBC have demonstrated that all the subtypes of IBC exist, but basal and HER2 overexpressed are more frequent."
719,19228416,,2009,special situations,Special Situations > Inflammatory Breast Cancer,,2,"220,221","Zell JA, Tsang WY, Taylor TH, et al. Prognostic impact of human epidermal growth factor-like receptor 2 and hormone receptor status in inflammatory breast cancer (IBC): analysis of 2,014 IBC patient cases from the California Cancer Registry. Breast Cancer Res 2009;11:R9.",http://www.ncbi.nlm.nih.gov/pubmed/19228416,"Studies on gene expression profiling of IBC have demonstrated that all the subtypes of IBC exist, but basal and HER2 overexpressed are more frequent."
720,15019688,,2004,special situations,Special Situations > Inflammatory Breast Cancer,,1,220,"Parton M, Dowsett M, Ashley S, et al. High incidence of HER-2 positivity in inflammatory breast cancer. Breast 2004;13:97-103.",http://www.ncbi.nlm.nih.gov/pubmed/15019688,"Studies on gene expression profiling of IBC have demonstrated that all the subtypes of IBC exist, but basal and HER2 overexpressed are more frequent."
721,,,2010,special situations,Special Situations > Inflammatory Breast Cancer,,1,220,"Edge SB, Byrd DR, Compton CC, et al., eds. AJCC Cancer Staging Manual, 7th Edition. New York: Springer; 2010.",,"Although a biopsy is required to evaluate for the presence of cancer in breast tissue and the dermal lymphatics, a diagnosis of IBC is based on clinical findings, and dermal lymphatic involvement is neither required, nor sufficient by itself, to assign a diagnosis of IBC."
722,,,1956,special situations,Special Situations > Inflammatory Breast Cancer,,1,220,Haagensen CD. Inflammatory Carcinoma. Diseases of the Breast. Philadelphia: WB Saunders; 1956:488-498.,,"Although a biopsy is required to evaluate for the presence of cancer in breast tissue and the dermal lymphatics, a diagnosis of IBC is based on clinical findings, and dermal lymphatic involvement is neither required, nor sufficient by itself, to assign a diagnosis of IBC."
723,17694554,,2007,special situations,Special Situations > Inflammatory Breast Cancer,,1,220,"Cristofanilli M, Valero V, Buzdar AU, et al. Inflammatory breast cancer (IBC) and patterns of recurrence: understanding the biology of a unique disease. Cancer 2007;110:1436-1444.",http://www.ncbi.nlm.nih.gov/pubmed/17694554,"There is a growing body of evidence that patients with IBC, when compared with patients with noninflammatory forms of locally advanced breast cancer, are more likely to have a less favorable prognosis"
724,15774787,,2005,special situations,Special Situations > Inflammatory Breast Cancer,,1,220,"Panades M, Olivotto IA, Speers CH, et al. Evolving treatment strategies for inflammatory breast cancer: a population-based survival analysis. J Clin Oncol 2005;23:1941-1950.",http://www.ncbi.nlm.nih.gov/pubmed/15774787,"There is a growing body of evidence that patients with IBC, when compared with patients with noninflammatory forms of locally advanced breast cancer, are more likely to have a less favorable prognosis"
725,21509759,,2011,special situations,Special Situations > Inflammatory Breast Cancer,,1,220,"Dawood S, Ueno NT, Valero V, et al. Differences in survival among women with stage III inflammatory and noninflammatory locally advanced breast cancer appear early: a large population-based study. Cancer 2011;117:1819-1826.",http://www.ncbi.nlm.nih.gov/pubmed/21509759,"There is a growing body of evidence that patients with IBC, when compared with patients with noninflammatory forms of locally advanced breast cancer, are more likely to have a less favorable prognosis"
726,15998949,,2005,special situations,Special Situations > Inflammatory Breast Cancer,,1,220,"Hance KW, Anderson WF, Devesa SS, et al. Trends in inflammatory breast carcinoma incidence and survival: the surveillance, epidemiology, and end results program at the National Cancer Institute. J Natl Cancer Inst 2005;97:966-975.",http://www.ncbi.nlm.nih.gov/pubmed/15998949,"There is a growing body of evidence that patients with IBC, when compared with patients with noninflammatory forms of locally advanced breast cancer, are more likely to have a less favorable prognosis and to be younger at the time of disease presentation."
727,,,2007,special situations,Special Situations > Inflammatory Breast Cancer,,1,220,"Bleicher RJ, Morrow M. Inflammatory breast cancer: Still poorly characterized. The Dawood/Cristofanilli article reviewed. Oncology 2007;21:679-680.",http://www.cancernetwork.com/breast-,The NCCN Panel acknowledges that studies focusing on genetic characterization of IBC are needed to more clearly define IBC as a disease entity and to optimize treatment.
728,16951220,,2006,special situations,Special Situations > Inflammatory Breast Cancer,,1,220,"Nguyen DM, Sam K, Tsimelzon A, et al. Molecular heterogeneity of inflammatory breast cancer: a hyperproliferative phenotype. Clin Cancer Res 2006;12:5047-5054.",http://www.ncbi.nlm.nih.gov/pubmed/16951220,The NCCN Panel acknowledges that studies focusing on genetic characterization of IBC are needed to more clearly define IBC as a disease entity and to optimize treatment.
729,17159189,,2007,"workup, imaging, staging",Special Situations > Inflammatory Breast Cancer > Workup,,1,220,"Wolff AC, Hammond MEH, Schwartz JN, et al. American Society of Clinical Oncology/College of American Pathologists guideline recommendations for human epidermal growth factor receptor 2 testing in breast cancer. J Clin Oncol 2007;25:118-145.",http://www.ncbi.nlm.nih.gov/pubmed/17159189,The NCCN Panel endorses the CAP protocol for pathology reporting (www.cap.org) and endorses the ASCO CAP recommendations for quality control performance of HER2 testing and interpretation of IHC and ISH results.
730,19164229,,2009,"workup, imaging, staging",Special Situations > Inflammatory Breast Cancer > Workup,,1,221,"Carkaci S, Macapinlac HA, Cristofanilli M, et al. Retrospective study of 18F-FDG PET/CT in the diagnosis of inflammatory breast cancer: preliminary data. J Nucl Med 2009;50:231-238.",http://www.ncbi.nlm.nih.gov/pubmed/19164229,"However, there is limited evidence suggesting that PET/CT may be a useful adjunct to standard imaging of IBC due to the increased risk of regional lymph node involvement and distant spread of disease in this group of patients."
731,18258987,,2008,"workup, imaging, staging",Special Situations > Inflammatory Breast Cancer > Workup,,1,221,"Chia S, Swain SM, Byrd DR, Mankoff DA. Locally advanced and inflammatory breast cancer. J Clin Oncol 2008;26:786-790.",http://www.ncbi.nlm.nih.gov/pubmed/18258987,"However, there is limited evidence suggesting that PET/CT may be a useful adjunct to standard imaging of IBC due to the increased risk of regional lymph node involvement and distant spread of disease in this group of patients."
732,9309333,,1997,special situations,Special Situations > Inflammatory Breast Cancer > Preoperative Chemotherapy,,1,221,"Fleming RY, Asmar L, Buzdar AU, et al. Effectiveness of mastectomy by response to induction chemotherapy for control in inflammatory breast carcinoma. Ann Surg Oncol 1997;4:452-461.",http://www.ncbi.nlm.nih.gov/pubmed/9309333,The benefit of preoperative systemic therapy followed by mastectomy over preoperative systemic therapy alone in patients with IBC was shown in a retrospective analysis in which lower local recurrence rates and longer disease-specific survival were reported for the combined modality approach.
733,9225950,,1997,special situations,Special Situations > Inflammatory Breast Cancer > Preoperative Chemotherapy,,1,221,"Ueno NT, Buzdar AU, Singletary SE, et al. Combined-modality treatment of inflammatory breast carcinoma: twenty years of experience at M. D. Anderson Cancer Center. Cancer Chemother Pharmacol 1997;40:321-329.",http://www.ncbi.nlm.nih.gov/pubmed/9225950,"Results from a large retrospective study of patients with IBC performed over a 20-year period at The University of Texas MD Anderson Cancer Center demonstrated that initial treatment with doxorubicin-based chemotherapy followed by local therapy (ie, RT or mastectomy, or both) and additional postoper"
734,15023242,,2004,special situations,Special Situations > Inflammatory Breast Cancer > Preoperative Chemotherapy,,1,221,"Cristofanilli M, Gonzalez-Angulo AM, Buzdar AU, et al. Paclitaxel improves the prognosis in estrogen receptor negative inflammatory breast cancer: the M. D. Anderson Cancer Center experience. Clin Breast Cancer 2004;4:415-419.",http://www.ncbi.nlm.nih.gov/pubmed/15023242,A retrospective study demonstrated that the addition of a taxane to an anthracycline-based regimen improved PFS and OS in patients with ER-negative IBC.
735,17239263,,2006,special situations,Special Situations > Inflammatory Breast Cancer > Preoperative Chemotherapy,,1,221,"Kim T, Lau J, Erban J. Lack of uniform diagnostic criteria for inflammatory breast cancer limits interpretation of treatment outcomes: a systematic review. Clin Breast Cancer 2006;7:386-395.",http://www.ncbi.nlm.nih.gov/pubmed/17239263,A systematic review found evidence for an association between the intensity of preoperative therapy and the likelihood of a pCR.
736,16444747,,2006,special situations,Special Situations > Inflammatory Breast Cancer > Preoperative Chemotherapy,,1,221,"Hennessy BT, Gonzalez-Angulo AM, Hortobagyi GN, et al. Disease- free and overall survival after pathologic complete disease remission of cytologically proven inflammatory breast carcinoma axillary lymph node metastases after primary systemic chemotherapy. Cancer 2006;106:1000-1006.",http://www.ncbi.nlm.nih.gov/pubmed/16444747,"In addition, patients who had a pCR in the ALNs had superior OS and DFS compared with those with residual axillary disease."
737,18300243,,2008,special situations,Special Situations > Inflammatory Breast Cancer > Preoperative Chemotherapy > Targeted Therapy,,1,221,"Dawood S, Broglio K, Gong Y, et al. Prognostic significance of HER-2 status in women with inflammatory breast cancer. Cancer 2008;112:1905-1911.",http://www.ncbi.nlm.nih.gov/pubmed/18300243,HER2-positive IBC is associated with a poor prognosis.
738,16549824,,2006,special situations,Special Situations > Inflammatory Breast Cancer > Preoperative Chemotherapy > Targeted Therapy,,1,222,"Hurley J, Doliny P, Reis I, et al. Docetaxel, cisplatin, and trastuzumab as primary systemic therapy for human epidermal growth factor receptor 2-positive locally advanced breast cancer. J Clin Oncol 2006;24:1831-1838.",http://www.ncbi.nlm.nih.gov/pubmed/16549824,"For patients with HER2-positive disease, the addition of trastuzumab to primary systemic chemotherapy is associated with better response rates."
739,12506169,,2003,special situations,Special Situations > Inflammatory Breast Cancer > Preoperative Chemotherapy > Targeted Therapy,,1,222,"Burstein HJ, Harris LN, Gelman R, et al. Preoperative therapy with trastuzumab and paclitaxel followed by sequential adjuvant doxorubicin/cyclophosphamide for HER2 overexpressing stage II or III breast cancer: a pilot study. J Clin Oncol 2003;21:46-53.",http://www.ncbi.nlm.nih.gov/pubmed/12506169,"For patients with HER2-positive disease, the addition of trastuzumab to primary systemic chemotherapy is associated with better response rates."
740,17296975,,2007,special situations,Special Situations > Inflammatory Breast Cancer > Preoperative Chemotherapy > Targeted Therapy,,1,222,"Limentani SA, Brufsky AM, Erban JK, et al. Phase II study of neoadjuvant docetaxel, vinorelbine, and trastuzumab followed by surgery and adjuvant doxorubicin plus cyclophosphamide in women with human epidermal growth factor receptor 2-overexpressing locally advanced breast cancer. J Clin Oncol 2007;25:1232-1238.",http://www.ncbi.nlm.nih.gov/pubmed/17296975,"For patients with HER2-positive disease, the addition of trastuzumab to primary systemic chemotherapy is associated with better response rates."
741,14715110,,2003,special situations,Special Situations > Inflammatory Breast Cancer > Preoperative Chemotherapy > Targeted Therapy,,1,222,"Van Pelt AE, Mohsin S, Elledge RM, et al. Neoadjuvant trastuzumab and docetaxel in breast cancer: preliminary results. Clin Breast Cancer 2003;4:348-353.",http://www.ncbi.nlm.nih.gov/pubmed/14715110,"For patients with HER2-positive disease, the addition of trastuzumab to primary systemic chemotherapy is associated with better response rates."
742,,,2010,special situations,Special Situations > Inflammatory Breast Cancer > Preoperative Chemotherapy > Targeted Therapy,,1,222,"Boussen H, Cristofanilli M, Zaks T, et al. Phase II study to evaluate the efficacy and safety of neoadjuvant lapatinib plus paclitaxel in patients with inflammatory breast cancer. Journal of Clinical Oncology 2010;28:3248-3255.",http://jco.ascopubs.org/content/28/20/3248.abstract,Results of small phase II trials indicate that other HER2-targeting agents such as lapatinib and pertuzumab have a clinical benefit in IBC.
743,22153890,,2012,special situations,Special Situations > Inflammatory Breast Cancer > Preoperative Chemotherapy > Targeted Therapy,,2,222,"Gianni L, Pienkowski T, Im YH, et al. Efficacy and safety of neoadjuvant pertuzumab and trastuzumab in women with locally advanced, inflammatory, or early HER2-positive breast cancer (NeoSphere): a randomised multicentre, open-label, phase 2 trial. Lancet Oncol 2012;13:25-32.",http://www.ncbi.nlm.nih.gov/pubmed/22153890,Results of small phase II trials indicate that other HER2-targeting agents such as lapatinib and pertuzumab have a clinical benefit in IBC.
744,16735788,,2005,surgery / reconstruction,Special Situations > Inflammatory Breast Cancer > Surgery,,1,222,"Kell MR, Morrow M. Surgical aspects of inflammatory breast cancer. Breast Dis 2005;22:67-73.",http://www.ncbi.nlm.nih.gov/pubmed/16735788,It has been known for many years that surgical treatment as primary treatment of patients with IBC is associated with poor outcomes.
745,11923129,,2002,surgery / reconstruction,Special Situations > Inflammatory Breast Cancer > Surgery,,1,222,"Stearns V, Ewing CA, Slack R, et al. Sentinel lymphadenectomy after neoadjuvant chemotherapy for breast cancer may reliably represent the axilla except for inflammatory breast cancer. Ann Surg Oncol 2002;9:235-242.",http://www.ncbi.nlm.nih.gov/pubmed/11923129,SLN dissection is not a reliable method of assessing ALNs among patients with IBC.
746,16765534,,2006,surgery / reconstruction,Special Situations > Inflammatory Breast Cancer > Surgery,,1,222,"Motwani SB, Strom EA, Schechter NR, et al. The impact of immediate breast reconstruction on the technical delivery of postmastectomy radiotherapy. Int J Radiat Oncol Biol Phys 2006;66:76- 82.",http://www.ncbi.nlm.nih.gov/pubmed/16765534,Reconstruction of the breasts soon after mastectomy may compromise the post-mastectomy RT outcomes.
747,18438108,,2008,special situations,Special Situations > Axillary Breast Cancer,,1,223,"Blanchard DK, Shetty PB, Hilsenbeck SG, Elledge RM. Association of surgery with improved survival in stage IV breast cancer patients. Ann Surg 2008;247:732-738.",http://www.ncbi.nlm.nih.gov/pubmed/18438108,Evidence to support recommendations for patients presenting with axillary breast cancer comes from a limited number of retrospective studies involving small numbers of patients
748,10894136,,2000,special situations,Special Situations > Axillary Breast Cancer,,4,223,"Olson JA, Morris EA, Van Zee KJ, et al. Magnetic resonance imaging facilitates breast conservation for occult breast cancer. Ann Surg Oncol 2000;7:411-415.",http://www.ncbi.nlm.nih.gov/pubmed/10894136,Evidence to support recommendations for patients presenting with axillary breast cancer comes from a limited number of retrospective studies involving small numbers of patients
749,17690561,,2006,special situations,Special Situations > Axillary Breast Cancer,,2,223,"Varadarajan R, Edge SB, Yu J, et al. Prognosis of occult breast carcinoma presenting as isolated axillary nodal metastasis. Oncology 2006;71:456-459.",http://www.ncbi.nlm.nih.gov/pubmed/17690561,Evidence to support recommendations for patients presenting with axillary breast cancer comes from a limited number of retrospective studies involving small numbers of patients
750,12928964,,2003,"workup, imaging, staging",Special Situations > Axillary Breast Cancer > Workup for Possible Primary Breast Cancer,,1,223,"Schelfout K, Kersschot E, Van Goethem M, et al. Breast MR imaging in a patient with unilateral axillary lymphadenopathy and unknown primary malignancy. Eur Radiol 2003;13:2128-2132.",http://www.ncbi.nlm.nih.gov/pubmed/12928964,"Workup for Possible Primary Breast Cancer MRI of the breast can facilitate the identification of occult breast cancer, and can help select those patients most likely to benefit from mastectomy."
751,3815292,,1987,"workup, imaging, staging",Special Situations > Axillary Breast Cancer > Workup for Possible Primary Breast Cancer,,1,223,"Bhatia SK, Saclarides TJ, Witt TR, et al. Hormone receptor studies in axillary metastases from occult breast cancers. Cancer 1987;59:1170- 1172.",http://www.ncbi.nlm.nih.gov/pubmed/3815292,Elevated ER/PR levels provide strong evidence for a breast cancer diagnosis.
752,18077995,,2007,"workup, imaging, staging",Special Situations > Axillary Breast Cancer > Workup for Possible Primary Breast Cancer,,1,223,"Bleicher RJ, Morrow M. MRI and breast cancer: role in detection, diagnosis, and staging. Oncology (Williston Park) 2007;21:1521-1528, 1530; discussion 1530, 1532-1523.",http://www.ncbi.nlm.nih.gov/pubmed/18077995,"MRI may be especially helpful in patients with dense breast tissue, positive axillary nodes, and suspected occult primary breast tumor or to evaluate the chest wall."
753,11348292,,1999,"workup, imaging, staging",Special Situations > Axillary Breast Cancer > Workup for Possible Primary Breast Cancer,,1,223,"Stomper PC, Waddell BE, Edge SB, Klippenstein DL. Breast MRI in the evaluation of patients with occult primary breast carcinoma. Breast J 1999;5:230-234.",http://www.ncbi.nlm.nih.gov/pubmed/11348292,Breast MRI has been shown to be useful in identifying the primary site in patients with occult primary breast cancer and may also facilitate breast conservation in selected patients by allowing for lumpectomy instead of mastectomy.
754,16244803,,2005,"workup, imaging, staging",Special Situations > Axillary Breast Cancer > Workup for Possible Primary Breast Cancer,,1,223,"Buchanan CL, Morris EA, Dorn PL, et al. Utility of breast magnetic resonance imaging in patients with occult primary breast cancer. Ann Surg Oncol 2005;12:1045-1053.",http://www.ncbi.nlm.nih.gov/pubmed/16244803,"In one report, the primary site was identified using MRI in about half of the patients presenting with axillary metastases, irrespective of the breast density."
